user_id,order_count
91977,3
73241,4
100208,4
112125,4
62481,4
109712,4
91926,4
36278,4
155472,4
186231,3
35556,4
3351,3
151223,4
73068,4
152537,4
170906,4
120615,4
143268,4
71113,4
146969,4
10799,3
146752,4
41498,4
38259,4
111083,4
38668,4
114666,4
69335,4
23475,4
79059,4
8018,4
107922,4
34094,3
85283,3
94732,3
37578,3
79812,3
109247,4
182964,4
186051,4
76380,4
174277,4
125988,3
203687,4
147989,4
6766,4
121169,4
196766,4
10988,4
47819,4
84498,3
65748,4
195701,4
98002,4
38304,4
203443,4
136030,4
10228,3
141267,4
14348,3
170962,3
76962,4
187020,4
108660,4
74252,4
73270,3
116861,4
198806,4
36436,3
75861,4
62224,3
158444,3
77702,4
147003,4
137112,4
133077,4
47890,4
127541,4
181402,4
125473,4
63582,4
65247,3
12326,4
17965,4
44395,4
8967,4
204829,4
85964,4
182020,4
27281,3
31419,4
78408,4
31895,4
63995,3
38453,4
148001,4
109592,4
117396,3
4931,4
81121,4
169326,4
122038,4
63567,4
41725,4
57725,4
34389,3
183620,3
166398,3
177907,4
45297,4
48340,3
108092,3
76100,3
202650,4
24272,4
182644,4
162544,4
29288,3
94423,4
185111,4
174869,4
17168,3
155262,3
168416,3
103026,3
163311,4
31807,4
140404,3
143363,3
108498,3
175836,4
160364,4
123042,4
87720,4
123993,4
186986,4
74592,4
123002,3
190391,3
179408,4
39545,4
69645,3
157129,4
132328,4
81855,3
124653,3
129515,4
55968,4
103486,4
70118,4
79768,4
190945,4
56509,4
105144,3
174439,4
181263,4
119870,4
110992,4
107935,4
69901,3
1710,4
55651,4
31847,4
110356,4
83461,4
125553,4
156551,4
12951,4
71376,4
145734,4
69413,3
75152,4
178511,4
79308,4
174195,4
68013,4
103769,4
151935,4
74714,4
54869,3
200203,3
119458,4
102191,4
103887,4
146018,4
154662,4
170829,4
200008,4
79005,3
107686,3
78627,3
84096,4
189134,4
31516,3
30182,4
92300,4
171971,4
92428,3
158326,4
120233,4
46245,3
120058,4
5758,3
110488,4
16022,3
46177,3
204384,4
33391,3
10585,4
2059,4
187232,4
8175,4
83466,3
169487,4
181492,4
192971,4
109275,4
37738,4
136209,4
176509,4
87556,4
74293,4
71650,4
174955,4
35849,3
13288,4
136118,3
94817,4
203720,4
51476,4
135833,4
3366,4
50200,3
107843,4
35678,4
53491,4
52906,3
35086,4
176605,4
108768,4
73487,3
111438,4
193972,4
189460,4
37175,3
87926,4
138056,3
43342,4
7203,4
137693,4
88719,4
38863,4
170911,4
141775,3
159289,4
170634,3
106672,4
112179,4
184410,4
189315,4
27268,4
203698,4
4549,4
85240,4
71662,4
22211,4
188236,3
113774,4
28401,3
96017,4
93182,3
115506,4
197505,3
161119,4
106493,4
38858,4
6877,4
1696,4
10434,4
76795,3
24504,4
98692,4
183433,4
162153,4
11082,4
157392,3
173886,3
34333,4
111768,3
148946,4
44345,3
172715,3
30904,3
76432,3
96473,3
123615,3
104472,4
3947,4
13570,4
187750,3
135596,4
123592,4
170228,3
30856,4
139673,4
160530,4
17056,4
3459,4
126072,4
63259,3
110737,3
37126,3
113328,4
52141,4
118143,3
92553,4
109905,4
124617,4
168830,4
117578,4
162902,4
11592,4
182345,4
174253,4
49754,3
102785,4
99852,3
205156,4
186133,4
205619,4
167804,4
50198,4
140418,3
158251,4
61610,4
70876,4
175026,4
95403,4
21314,4
201039,4
28250,3
131661,3
180010,4
161160,4
185271,4
191447,4
127010,4
76018,4
118363,3
155276,4
50616,3
75364,3
126955,4
181663,3
82929,4
117934,3
196307,3
204752,4
18650,4
105011,4
122113,4
17839,4
184371,3
86769,4
93702,4
171301,4
57923,4
167209,4
15885,4
130847,4
2092,4
52465,3
67451,4
153736,4
42423,3
186214,3
65098,4
166681,4
182129,4
147307,4
201274,3
100241,4
35968,3
157786,4
101145,3
180365,4
94193,4
182574,4
163223,4
46269,4
114821,4
164762,3
1632,4
55133,4
182599,4
205264,4
91749,4
27772,4
129536,4
117971,4
31998,4
152193,4
95020,4
116673,3
193200,4
5010,4
163781,4
56999,3
91996,4
190054,3
123653,4
131943,4
175491,3
116495,3
5439,4
72640,4
161554,4
99064,4
18261,4
36271,3
167726,3
205550,4
119755,4
67055,3
193462,4
136927,4
51508,3
81707,3
128608,4
192264,4
54743,4
148982,3
137249,4
90887,4
73267,3
200688,4
148774,4
26325,4
139632,4
160223,4
157262,4
170716,4
66010,3
16456,4
64675,4
92296,4
115964,4
118704,4
100565,3
50811,4
21642,4
194316,3
126617,3
100810,3
88482,3
13485,4
69500,3
57278,3
195472,4
148436,4
83143,4
190232,3
80512,3
151516,3
11241,4
113447,3
71936,4
19043,3
194956,4
180175,3
147854,4
139718,4
171945,3
34174,4
102874,3
156802,4
158475,4
13748,4
151737,4
92183,4
127503,4
100614,3
180895,4
183670,4
69905,4
174407,4
133348,4
76707,4
61100,4
132888,4
99917,3
104903,4
205151,4
92715,3
145514,3
32803,4
31990,4
2299,4
150507,3
14817,4
45640,4
131124,4
117832,3
1302,4
84009,3
38525,4
39295,3
100180,4
146618,4
192756,4
149220,4
161407,4
11171,4
139552,4
64528,3
35632,4
86662,4
168565,4
69432,4
11365,4
186464,4
72289,3
169231,4
203589,4
122386,3
32221,3
53187,4
178006,4
127030,4
33343,3
151481,3
43826,4
97311,4
58262,4
152463,4
2599,3
160648,3
164327,4
64802,4
33268,4
175237,4
139777,4
79494,3
57862,4
25838,4
36650,3
132679,3
122777,4
176211,4
103468,3
21310,4
84853,3
64287,4
47006,4
111786,4
59894,4
100655,3
72844,4
146428,3
159978,4
102092,4
188633,4
84789,4
103276,3
196890,4
175887,3
200367,4
5149,4
70040,4
92547,4
199259,4
28473,3
200408,3
128292,4
109201,4
160071,4
156454,4
106252,4
107744,4
195229,4
174162,4
186693,4
178601,4
1223,3
110533,4
167532,4
203490,3
14892,4
71343,4
176674,4
107856,4
124086,4
107939,4
87103,4
168489,4
70642,4
55053,4
64439,4
108264,4
120765,4
197043,4
177440,4
180261,3
1061,4
46517,4
144749,4
58229,4
65018,4
7780,4
25665,4
114139,4
98471,4
86442,4
191304,4
143424,4
151788,3
93919,4
24148,4
32420,4
29782,4
188442,4
192053,4
144126,4
148424,4
195581,4
67350,4
122425,3
147955,4
33762,4
147961,4
35913,4
85246,4
201392,4
101964,3
28748,4
4058,4
9712,4
99475,4
202619,4
87611,4
33939,4
111171,4
2084,3
42771,4
172452,4
24385,4
97877,4
170563,4
40624,3
55828,4
66814,4
42233,4
71648,4
40791,3
202277,4
152635,4
78414,4
65562,3
107028,3
133588,3
123018,4
20357,4
77427,4
143903,4
199526,4
89719,4
92893,4
119388,4
152352,4
185055,4
102124,3
191542,3
179689,3
14832,4
155071,4
62608,4
5465,4
55374,4
112610,4
24593,4
169545,4
85196,3
159,4
88548,4
71400,4
127533,4
175297,4
11532,4
75596,4
188771,4
108478,4
168048,3
16344,4
106456,4
37894,3
166525,4
201163,4
175135,4
29799,4
68804,3
42767,4
33651,3
7299,4
154115,4
184243,3
55290,3
139653,4
104749,4
56575,4
40661,4
54633,4
98338,4
178634,4
138755,4
73067,4
45023,4
175821,4
153581,4
117790,3
135830,3
192482,4
124859,4
116447,3
1932,3
54985,4
108663,4
159565,4
103822,3
7943,4
179212,4
42793,3
176839,4
162453,4
103519,4
19218,4
166332,4
83279,4
110933,3
178073,3
31462,4
92639,4
136171,3
145116,4
25032,3
55767,4
132748,4
14214,4
98392,4
205308,4
93107,3
162475,3
191279,4
85340,4
152497,4
7335,4
48124,4
165797,4
174747,4
8579,4
109976,4
117713,4
17395,4
197588,3
108084,4
146614,3
181853,4
199694,3
142575,4
166978,4
165631,4
6201,3
180569,3
1135,4
149164,4
23408,4
171170,4
39710,4
104811,3
191121,4
33162,3
93397,4
44275,4
41044,4
124485,4
182771,4
123017,4
174265,4
190254,3
19244,4
117838,4
199053,3
55078,4
64924,4
137117,4
7819,4
78109,4
27593,4
76617,4
36192,3
55032,3
94314,4
199494,4
104122,3
49232,3
52685,4
121890,3
160278,4
185585,4
100111,4
146973,3
126520,4
146472,4
27851,3
113542,4
56138,4
83081,4
163239,3
61984,4
36407,4
112692,3
137073,4
91882,4
183415,4
42422,3
177809,4
125437,3
37764,3
2337,4
20231,4
44907,4
138673,4
25939,4
163193,4
196203,4
171620,3
194717,4
114421,4
98178,4
144888,3
181985,4
106752,3
11598,3
143685,4
99275,4
177066,3
135618,4
194067,4
196986,4
160158,4
42127,3
153811,4
118709,4
4207,4
6665,4
124305,3
173438,4
116071,4
85971,4
83788,4
13313,4
39785,4
34205,3
114287,4
30365,4
33936,4
40330,3
176540,4
173536,4
84530,4
132660,4
39146,4
110214,3
146854,4
203993,4
93948,4
25312,4
159850,4
145535,4
96609,4
37857,4
180443,3
177861,4
118062,4
113590,4
92687,3
96810,3
91884,3
1663,3
117281,4
121544,4
151029,4
203865,3
135703,4
119938,4
14087,4
5966,4
161806,4
66121,4
173080,4
61867,3
154759,3
122189,3
47329,4
183434,3
190792,3
198357,4
112056,4
85879,4
129692,4
115339,4
156904,4
52295,4
202808,4
22096,4
66262,4
36078,4
35031,4
11606,4
169383,3
191243,4
61249,3
152066,4
37721,4
53446,4
56260,4
204921,4
176709,3
168502,3
95662,4
30414,4
93709,4
134356,4
70646,4
193428,4
140787,4
81098,4
137281,4
118037,4
189758,4
106935,4
145387,4
115156,4
169360,4
64403,3
152555,4
150650,3
195282,4
79889,3
113878,4
82502,4
11727,4
21737,4
197481,4
10432,3
48220,4
71084,4
94264,4
69436,4
137533,4
173560,4
93511,4
104763,3
189155,4
175502,4
108357,3
81642,4
185456,4
10185,3
188637,4
79992,4
140688,4
75661,4
131704,4
204432,4
5690,3
134741,4
205675,4
177315,4
180746,4
16719,4
103649,4
155203,4
114531,4
102603,4
108022,4
167059,3
120360,4
146611,4
196897,4
30029,4
65347,4
137776,4
181088,4
164616,3
72061,4
205359,4
144574,3
1630,4
191640,4
74830,3
127353,4
6863,4
173669,4
159200,4
74526,4
51014,4
55262,4
53184,4
22043,4
7631,4
8045,4
136822,4
97424,3
30561,4
136523,4
121302,3
68079,4
158183,4
193001,4
51375,4
109141,4
69525,4
93933,3
60390,4
21875,4
19404,4
13202,4
102249,3
178716,3
182634,4
88066,4
68974,4
146077,4
59314,4
2796,4
27697,4
109558,4
28194,4
119952,4
145050,4
106328,3
61259,3
35469,3
136049,3
199319,4
169726,4
39385,4
111695,4
169794,4
75841,3
16857,4
126306,4
165182,4
95974,4
180675,4
201778,4
185588,4
138911,3
38116,4
126966,4
205618,4
111949,3
181243,4
29542,3
145117,3
36904,4
121798,4
137885,3
64511,4
130838,4
182585,4
71454,4
203500,4
77442,4
133768,4
66964,4
59350,4
185242,3
104707,4
50831,4
38945,4
95719,4
199677,3
111358,3
54754,4
53864,3
145574,4
94198,4
54814,3
158810,4
185874,4
18453,4
175011,3
192639,4
51583,4
115988,3
164077,4
153054,4
196600,4
66098,4
139875,4
180145,4
111095,3
151457,4
113178,3
112737,4
184060,4
120387,4
3013,4
11295,4
2908,4
135722,3
39747,3
110074,4
80099,3
100548,3
141555,4
132700,4
169018,3
131609,4
198866,4
178456,4
111688,4
135794,4
26497,4
172133,4
205124,3
19613,4
197045,3
56043,3
79978,4
159076,4
127054,4
171068,3
61952,3
36658,3
29052,3
128160,4
107226,4
146215,3
11340,4
78617,4
59409,4
200642,4
176461,4
163408,4
191451,4
194923,4
192565,4
179615,4
15707,4
111398,4
78484,4
60199,4
26716,4
8796,3
41838,4
176722,3
79470,3
47087,3
123215,4
185873,4
124274,4
184512,4
158857,4
201366,4
82891,4
132580,4
176762,4
139242,4
76331,3
60045,4
61273,4
26831,4
4564,3
32874,3
45605,4
26766,3
131419,3
29681,3
78618,4
943,4
27918,4
94597,4
11074,3
18015,4
194469,3
134071,4
139821,4
184657,4
185402,4
203908,4
146539,3
138447,3
73257,4
186633,4
32799,3
174474,4
119714,4
162728,4
121110,4
49473,3
172938,4
204115,3
204603,3
133990,4
154695,4
200679,3
20288,4
137861,4
11535,4
56725,4
17424,3
108868,4
19902,4
60160,4
134275,3
157174,4
12131,4
69445,4
72354,3
178927,4
135114,4
25648,4
136713,4
54059,4
41267,3
92214,4
59420,4
140157,4
153519,3
122201,4
191618,4
79657,4
80156,3
37233,4
123713,4
102225,4
172139,3
130128,4
114396,4
1322,4
10807,4
93958,3
8872,3
201138,4
104033,4
8382,4
99841,4
180750,3
195363,4
115203,4
7510,4
111795,4
6445,4
30779,3
103442,4
133923,4
166906,3
58138,4
135037,4
138426,4
49715,4
17120,4
33416,4
54965,3
120149,4
181756,4
186881,4
10803,3
198954,4
12152,4
21132,3
25305,4
80763,4
184908,3
194428,4
123209,3
125577,4
119944,4
166687,3
138395,3
123670,4
193436,4
149353,4
74615,4
74775,4
167748,4
65409,4
15761,4
171947,4
165614,4
183954,4
162665,4
43883,4
163510,4
167131,4
34207,3
99490,4
96592,4
54143,4
9099,4
165434,3
28032,4
67530,4
171652,4
122710,4
36243,4
62277,4
19112,4
106399,4
182473,4
69416,4
42576,4
138003,4
108034,4
46702,3
148374,3
137434,3
61732,3
107587,4
48186,4
191055,3
26331,4
15373,4
198027,4
201824,4
22475,4
163369,4
119512,4
6112,3
187675,4
95860,4
164428,3
137539,3
189329,4
181036,4
194961,4
190759,3
116004,4
186933,4
138099,3
20326,4
87899,4
110443,3
67281,4
92203,4
72569,3
196037,4
119917,4
21827,4
50823,4
172720,4
71522,3
47234,4
103988,3
57732,3
108149,4
29777,4
114793,4
129314,3
65290,4
167290,4
189850,4
175030,4
45020,3
163660,4
38113,3
77219,3
102493,3
135695,4
170603,4
29643,4
6284,4
35303,4
56786,4
132702,4
171794,4
200980,4
71737,4
95625,3
84554,3
72400,4
178849,4
121007,3
104455,3
200343,3
6039,3
74115,4
128250,4
153627,4
20213,4
24457,4
146825,4
37711,4
5585,4
128669,4
152950,3
61488,4
34661,4
177901,4
53796,4
166420,4
90821,4
66716,4
46799,3
15895,4
78489,4
158229,4
86937,4
8607,4
164579,4
49703,4
81592,3
79399,4
165926,4
47465,3
195369,4
53876,4
108981,4
30863,4
99510,4
51736,4
140976,3
117876,4
123729,4
32516,4
181247,3
177745,4
53115,4
188147,3
130071,4
93417,4
6110,4
57755,4
44778,4
142696,3
169582,3
191987,4
80123,4
188632,4
37705,4
98426,4
6224,4
161055,4
159681,3
147718,4
60597,4
111326,4
21541,4
11830,4
94085,4
2901,4
18628,4
24837,4
112363,4
128248,3
167073,4
132515,4
78817,4
65910,3
84579,3
203810,4
68814,4
85718,4
178461,4
32826,3
144758,4
144425,4
191421,3
11531,3
821,4
42708,4
15779,4
82960,3
61673,4
60310,4
34862,4
77328,4
8252,4
175964,4
59544,4
57251,4
87296,4
140868,4
117785,4
186103,4
145911,3
3710,4
155033,3
94318,4
124685,4
50543,3
130647,4
86060,3
94461,3
205162,4
28428,4
114661,4
15694,4
157561,4
118539,4
84693,4
29181,3
160272,4
75960,4
29491,4
172605,4
137307,4
65396,3
8115,4
201900,3
21054,4
171005,4
76759,3
7138,4
99978,4
13573,4
194185,4
28420,4
177771,4
44854,4
88882,4
79174,4
115629,4
87521,4
3186,3
98042,4
201977,4
51638,4
128440,4
23550,4
144545,3
51920,3
139273,4
1572,4
51207,4
98484,4
155679,3
115451,4
200743,4
53112,4
61550,4
150833,3
51925,4
93535,4
190993,4
121287,3
170195,4
102853,4
30288,4
1569,3
22890,3
156747,4
122105,4
65142,4
205572,4
82814,3
100973,4
158685,4
113632,3
38647,4
200165,3
81120,3
19663,4
62827,4
27454,4
203097,4
70991,4
161004,3
51043,4
204940,4
35138,3
145614,3
47144,4
187309,4
191607,4
83082,4
125260,4
111106,3
142718,4
196009,4
187536,4
176976,4
80275,4
1149,4
1968,4
53337,4
62384,4
113454,4
131231,4
98385,4
143040,4
151619,4
62074,3
47199,4
75891,4
74189,4
194198,3
13100,3
50847,4
23529,3
95379,4
100258,4
119724,3
7845,4
173763,3
127831,3
869,4
126661,4
7973,4
132272,4
57444,4
6864,4
66744,4
24841,4
38221,4
50376,4
135726,4
118507,4
20453,3
135835,3
128593,3
136472,4
195103,4
158766,4
9224,4
12634,4
203414,4
111129,4
8732,4
182639,4
166823,3
71636,4
79130,3
186581,4
67513,4
40044,4
90552,4
135390,4
161679,4
120339,4
17741,3
149355,4
44658,3
151627,4
152155,4
148577,4
161184,4
167795,3
180682,4
89355,4
35986,4
170783,4
181835,4
139077,4
14792,3
34985,3
88108,4
67306,4
36865,3
158054,4
63971,4
196576,3
171797,4
137965,3
193776,4
92745,4
187889,4
102011,4
170187,4
165772,4
193319,4
195390,4
51324,4
37586,4
99214,4
73423,4
58970,4
98206,3
16005,3
44287,4
177265,4
37248,4
18808,4
71367,4
17075,4
59346,4
21416,4
161750,3
117073,4
125258,4
4039,4
118979,3
109867,3
175816,4
61683,3
87362,4
201544,4
189210,4
109195,4
162119,4
155953,3
132797,4
83298,4
170576,3
6056,4
191462,3
75027,4
67848,3
123206,4
19729,4
200997,4
9633,4
57010,3
98773,3
104094,3
70905,3
96185,3
40289,3
148314,4
153814,4
200534,3
139463,4
112209,4
97341,4
36707,3
108096,4
65094,4
108844,4
183586,3
47119,4
158756,4
19881,3
203845,4
190117,4
140409,3
19657,4
182417,4
92298,4
83210,3
195493,4
204228,3
134661,4
9103,4
67409,4
199593,4
39787,3
140822,4
136,4
191282,4
106013,4
18079,3
36001,3
83880,4
135446,3
134589,4
172598,3
79818,4
53245,4
91458,3
65092,3
37924,4
39198,4
78257,3
99186,4
128855,4
114968,3
72169,4
124394,3
128947,4
157421,4
192215,4
153183,3
154794,4
8233,3
189311,3
110965,3
55308,4
198080,4
29303,4
153350,4
38186,4
107278,4
61622,4
18765,4
42195,4
2238,4
100541,4
76362,4
95060,3
182712,3
20536,4
132610,4
94578,4
41864,3
157223,3
133443,4
114752,4
114567,3
48250,4
114068,4
62143,4
78246,4
183600,4
140717,4
181481,4
81203,4
138806,3
158983,4
84570,4
129420,4
147294,4
69498,4
5888,3
177479,4
65155,4
95269,4
52491,4
116244,4
119878,4
126499,4
112983,3
138652,4
36629,4
62330,4
139676,4
50323,4
92209,4
4088,3
80528,4
181315,4
172300,3
164979,4
94300,4
18678,4
1182,3
114496,4
62219,4
140354,4
153134,4
109381,4
20051,3
173738,4
145720,4
121009,4
38124,4
119281,4
120915,4
115041,4
62093,4
63597,3
62229,4
103614,3
166782,4
143926,3
40610,4
10577,4
186644,4
38845,3
152955,3
205038,4
45225,4
186441,4
17426,3
112396,3
23579,4
121252,4
13214,3
121328,4
102923,3
198967,3
139586,4
92084,4
182395,4
92443,4
37022,4
66897,4
51157,3
187109,4
128386,4
194930,4
111097,4
191765,4
189699,4
165336,4
145473,4
141410,4
171473,4
86638,4
194509,4
188403,4
196947,4
14979,4
158679,4
656,3
85666,3
98039,3
83997,4
123599,3
30081,4
66839,3
17503,4
172396,4
177638,4
196003,3
32816,3
27691,4
174341,4
143233,3
187393,4
129472,4
93652,4
4017,4
127967,4
151340,4
75383,3
121077,4
90838,4
4033,4
23468,4
99319,4
28300,4
88939,4
58115,4
83277,4
148909,4
194732,3
277,3
71699,4
41892,4
27725,4
176345,3
73369,3
33118,4
15067,4
87757,4
61461,3
145544,4
128746,4
162481,4
83693,4
81558,4
104876,4
129105,4
31261,4
36460,4
10239,4
9020,4
145712,4
59053,4
110582,3
13974,3
152261,3
177503,4
167342,4
84700,4
107835,4
51051,4
38321,4
99251,4
119584,4
54361,4
185728,3
5426,4
201953,4
4279,4
190173,4
43742,3
151566,4
35636,4
65940,4
21978,4
89763,4
47008,4
68706,4
156144,3
3975,3
2393,4
129782,4
187898,4
72235,4
1257,4
68732,4
78160,4
197235,4
106226,3
114155,4
49787,3
86188,4
73745,4
147917,4
3230,3
9386,4
77298,3
14722,4
19514,4
166126,4
50636,3
200555,4
163242,4
184843,3
50688,4
34765,4
60330,4
178242,3
5127,3
167023,4
118437,3
82755,4
28047,4
77354,4
70970,4
93943,4
64567,3
111492,4
109192,4
131141,4
189874,4
45979,3
88679,4
200773,4
62888,4
189208,4
47708,4
165602,4
45233,4
101387,3
126466,4
15430,4
91848,4
94581,4
74453,4
187720,3
183934,4
9726,3
193542,4
37782,4
115741,4
125696,4
123283,3
25484,4
105841,4
63924,4
107118,4
4774,4
169149,3
162701,4
49719,4
200125,4
33102,4
8968,4
131365,3
918,4
125469,4
10028,4
142818,4
189798,4
61192,3
108623,4
69061,4
193875,3
23887,3
142910,4
123448,3
148043,3
126699,4
140588,3
177117,3
95918,4
166229,4
21458,4
141031,4
192337,3
62378,3
75958,4
43953,3
191803,4
24647,4
153041,4
74818,4
28892,4
65045,3
126115,3
43594,4
173609,3
169333,4
177218,4
41901,4
143859,3
22141,4
167856,4
153232,4
47576,3
110787,4
187452,4
106217,4
114805,3
66253,4
95681,4
8613,3
139844,4
3578,3
14805,4
130484,3
35961,4
140302,4
190397,4
143641,4
113974,4
98958,3
22152,3
132720,4
139869,4
815,3
34717,3
120988,3
136220,4
39171,3
3089,4
172534,4
58432,4
72415,4
61448,4
195332,4
74239,3
3300,3
10841,3
199313,4
35634,4
127957,4
55744,3
17397,4
193714,4
95014,4
176109,3
101661,4
144691,4
31707,4
199403,3
82767,4
82369,4
88800,4
169301,4
108183,4
88487,4
174831,3
193160,4
73673,3
198210,4
13979,4
76369,4
189191,4
191986,4
161674,3
171165,4
46769,4
151234,4
188660,4
37912,3
190798,4
110095,4
46422,4
24230,4
30095,3
189324,3
113598,4
204753,4
70734,4
135072,4
116482,4
91551,4
13040,3
129523,4
206204,4
184651,4
112124,4
76308,4
171575,4
162522,3
181973,4
77283,4
66949,4
19532,3
178714,4
174295,3
170402,4
117871,4
166287,3
106419,4
134616,3
88711,3
164643,4
94040,4
120891,4
188725,4
199637,4
97988,4
184293,3
162497,4
21121,3
105635,4
53873,4
38058,4
106099,4
126104,4
84385,3
13819,4
199041,3
14498,4
166991,3
69522,3
192326,4
79131,4
187022,4
581,3
100783,4
48383,4
162470,4
53975,4
85162,4
61819,4
77516,4
201961,4
137162,3
199811,3
86457,4
148418,4
198972,4
186905,3
27184,4
144688,3
36805,4
206070,3
200472,4
59906,3
194801,4
112385,4
29839,4
106837,4
5146,4
67844,3
124456,3
15231,3
48700,4
167306,4
166064,4
97790,4
8064,4
96245,4
408,4
140061,4
189542,3
34194,4
124728,4
156702,3
108809,4
81421,4
142742,4
115249,3
49113,4
78019,3
55490,4
105660,4
194993,4
71327,4
17594,4
118074,4
93389,4
2569,4
26876,3
129929,4
190458,4
21518,4
170485,4
55291,4
121744,3
88469,4
48209,4
95047,4
88680,4
175287,4
196945,4
118359,4
115335,3
179487,4
38224,4
90683,3
22770,4
180768,3
191647,4
178058,3
27814,4
177928,4
109554,4
17931,4
99094,4
56839,3
110000,3
205143,4
58462,4
69798,3
126523,4
167966,3
68813,3
186754,4
107917,4
169361,4
159301,4
156242,3
22065,3
134499,3
124769,3
201986,3
132375,4
64408,4
172706,4
35588,3
170903,4
107351,4
69155,4
20474,3
158501,4
86577,4
41063,3
187624,4
105625,4
140553,4
150987,4
115689,4
34770,4
109493,3
8898,4
136154,4
173830,4
115036,4
171683,4
194561,3
196756,4
173743,4
143873,4
142581,4
87814,3
56457,4
198247,4
52333,4
181033,3
25671,4
89033,4
32716,4
19132,4
28933,3
176683,4
96105,4
62734,4
103676,4
167079,3
87256,4
112189,3
126750,4
91663,4
170061,4
94862,4
91151,4
162395,4
136524,4
175401,4
52772,4
10771,3
128501,4
139658,4
170861,4
132425,4
154749,4
51456,4
20956,4
24054,4
75006,4
45683,4
166490,4
75623,4
72048,3
169052,4
111249,3
185120,4
27204,4
48919,4
76624,4
46504,4
35766,4
30226,3
199464,4
150217,3
203205,3
173476,4
152934,4
27798,4
51733,4
19068,4
101859,4
1800,4
160695,4
163817,4
48283,3
33372,4
203945,3
145774,4
117748,4
202269,4
150925,4
35592,4
65861,4
8319,3
100796,4
87312,4
93757,4
145579,4
66802,4
71004,4
31575,4
84778,4
176601,4
76647,4
145838,4
38271,4
144106,4
162577,4
191350,4
117819,3
80525,4
182219,4
44808,4
40608,4
133676,3
172812,3
133153,4
22227,4
138834,4
87603,4
56616,4
77700,4
206014,4
26008,4
150405,4
40421,4
77536,3
20251,3
139323,4
157803,3
198668,3
121417,4
146738,4
15644,4
32852,4
18886,4
95837,4
196975,4
142367,4
99926,3
126585,4
109202,4
132791,4
106348,3
93540,4
132158,3
137732,4
128120,4
55454,3
172268,4
14621,4
9491,3
16682,4
68977,3
64724,4
95733,4
11490,4
124787,3
157693,4
168963,3
84575,3
184637,3
71108,4
112460,3
52856,4
62455,4
128547,4
160165,3
205146,4
105145,4
204064,4
37342,4
47913,3
134306,4
8402,4
111107,3
70285,4
186443,4
121562,4
140376,3
133360,4
107873,3
114414,4
21673,4
123430,3
123502,3
139374,4
91927,4
133162,3
194223,4
52447,3
65268,4
97631,4
2783,4
185303,4
160017,4
71596,4
169208,4
25649,4
48630,4
124695,4
81802,4
69026,4
196688,4
204708,3
201636,4
110367,3
18322,3
23432,3
115686,4
102441,4
125252,3
197295,4
180859,4
100659,4
103741,4
20946,4
4449,4
143678,4
90955,3
32305,4
49653,4
152381,4
164827,3
27264,4
124643,4
25650,4
167419,3
5415,4
62180,4
166936,4
96760,3
62398,4
39622,4
156162,4
64584,4
22552,4
105658,4
176392,4
33889,4
140026,4
56441,4
7053,4
150441,4
56939,4
150967,4
110682,4
1469,3
98135,4
184254,4
2925,4
134819,4
199255,3
186132,4
97889,4
40433,4
106509,4
73724,4
28219,4
11878,4
15434,4
173399,3
12193,4
182037,4
145078,4
176337,3
155211,4
88811,3
131701,4
143932,4
135404,4
73810,4
97032,3
126300,4
99467,3
16498,3
78854,4
139407,3
76410,4
147977,4
101715,4
179089,4
181384,4
45952,3
169987,3
146705,4
29016,4
71846,4
8429,4
103333,4
162543,4
189505,4
132893,3
89889,4
47980,3
9590,4
63936,3
146437,4
204255,4
98639,3
16959,4
101527,4
19850,3
64377,4
115617,4
57798,4
116501,4
136474,3
26725,4
10774,3
66683,4
42030,4
161383,4
164516,4
96156,3
8466,3
13940,3
2240,3
34073,4
39124,4
87377,3
97064,4
171474,4
128846,4
187522,4
201390,3
120820,4
14696,4
200334,4
195980,4
106323,4
147062,3
71398,4
100200,3
47109,4
131773,4
79698,4
147851,3
166407,4
109190,3
87192,3
35377,4
88819,4
196251,4
14033,3
180903,4
165676,4
173829,4
122697,4
182874,4
85567,3
187613,4
81044,4
50770,4
162552,4
156274,4
179696,3
176873,4
70148,4
5379,4
116065,4
134101,3
160101,4
86526,3
205056,4
117052,4
125377,4
71624,4
120596,3
174272,4
128113,4
67620,3
95317,4
121723,4
75557,4
29205,4
112825,4
52328,4
82251,4
120170,3
61836,3
98556,3
165847,4
108474,4
17699,4
53749,4
82690,3
17387,3
169466,3
67700,4
97967,3
158731,4
93006,4
148710,3
42987,3
151159,4
53342,3
132373,4
131980,4
77018,3
21579,3
2557,3
191455,4
170013,4
63806,4
18364,4
18954,4
125305,4
129596,4
96895,4
93052,4
25985,4
154484,4
122402,4
186748,4
125618,4
166576,4
67436,4
45259,3
186371,4
148933,4
186388,4
79427,4
55120,4
189094,3
96528,4
85075,4
109025,4
178595,4
28018,4
133236,4
150878,4
79697,4
26044,4
118925,4
167785,3
177656,4
163212,4
204569,4
138243,4
3774,4
55107,4
192465,4
41292,4
179070,4
15988,4
39435,4
36127,4
64579,4
61469,3
112690,4
25702,4
51581,4
186068,4
150617,4
158530,4
16684,4
142951,4
147747,3
183573,4
73538,4
5364,4
21433,4
139579,3
158774,4
134765,4
12698,4
63093,4
75235,4
123482,4
89831,4
161528,4
130585,4
36638,4
153109,4
159577,4
195263,4
60355,4
139677,4
138961,4
80814,4
46730,4
142366,3
33609,4
23035,4
132488,4
34702,4
128001,4
155669,4
203102,4
131885,4
26345,4
69813,3
137050,4
129567,3
65938,4
93423,4
190046,4
84797,4
30881,4
44099,4
141482,4
9496,4
58166,4
100222,3
184888,4
164086,4
5852,4
203631,4
42152,4
201049,3
159391,3
9919,3
204640,4
124373,4
158736,4
931,3
69046,4
154130,4
72599,4
169859,4
187927,4
190860,4
32384,4
140811,4
158242,4
163245,4
36288,4
49548,3
23136,4
86522,4
113524,4
50952,3
47009,4
108204,4
90686,3
41053,4
132560,4
132811,4
5889,4
186695,3
8599,4
17498,4
80514,3
199731,4
82837,4
18597,4
109412,4
101629,3
14165,3
187091,4
176609,3
70954,3
165171,3
44160,3
110385,4
119998,4
126064,4
94591,4
133092,3
104602,3
21568,4
115733,4
142260,4
62098,4
116626,4
183915,4
51756,4
120781,4
45158,4
152205,3
91093,3
5079,4
43658,3
127789,4
61418,3
171651,3
43129,4
77430,4
30014,4
41646,3
179009,3
69441,4
59163,4
96431,4
185511,3
189135,4
134976,4
67040,4
3601,4
144856,4
121884,3
147910,4
111476,4
164654,3
130625,4
60444,4
71869,4
175165,3
156632,4
21050,4
36144,3
175985,3
81948,4
35736,4
170416,4
53248,4
51954,4
99182,4
28230,4
41657,4
177194,3
21988,3
27290,4
107155,3
145294,4
50560,4
135505,4
88982,4
12763,4
56432,4
184596,4
203285,4
141022,3
32853,3
96645,4
85871,4
169496,4
162204,4
44385,4
195376,3
97088,4
41632,3
203662,3
159675,4
179282,4
12437,4
46667,4
12163,4
198798,3
161417,4
112058,4
6976,4
72451,4
77748,3
104573,4
67588,4
27247,3
162955,3
26127,4
19333,3
113148,4
125767,4
59660,3
15543,3
152720,4
26373,4
40839,4
129954,3
142380,4
144093,4
164390,4
44321,4
70698,3
120940,4
93221,4
68273,4
3370,3
182583,4
11181,4
66325,4
34399,4
109215,4
167060,4
83394,4
62561,4
89391,4
111638,4
91257,4
19485,4
42035,4
132971,4
163916,4
153206,4
155628,4
25212,4
135915,3
97306,4
44453,4
113477,4
147152,4
48780,4
160629,4
84697,3
24242,4
114424,4
2340,4
68601,3
135917,4
72277,3
39660,4
68858,4
53263,4
56666,4
70317,3
100602,3
27196,4
106807,3
12795,4
111532,3
20270,4
127193,4
188961,4
53368,3
86419,4
141023,4
148795,3
76472,4
8918,4
204932,4
168360,3
32649,4
139619,4
8809,4
28129,3
84101,3
89228,3
91441,3
137968,3
53662,3
101152,3
151772,4
21448,4
86151,4
145303,4
31360,4
157305,4
21976,4
157714,3
162489,4
44409,4
42995,4
101217,3
120180,4
132565,4
40417,4
21282,4
43775,3
18401,4
29769,4
188151,4
100209,4
110167,4
21093,4
164620,4
136964,4
138018,4
16402,4
47627,4
203739,4
146538,4
94202,4
108720,4
184004,4
88088,4
33726,3
46955,3
60576,4
87138,4
15838,4
58120,4
165731,4
123493,4
96031,4
67776,4
169505,4
31727,4
4150,4
168336,4
94577,4
13514,4
132591,4
47967,4
183599,4
12497,3
166546,4
161945,4
68437,3
199874,4
45190,3
157706,4
65745,4
120477,4
133678,3
490,4
202797,3
2972,3
193860,4
27934,4
50698,4
116836,4
166642,3
74549,4
57485,4
120051,4
97740,4
55246,4
91401,3
104768,3
127952,4
97343,4
194912,4
38161,4
22833,4
132364,3
74702,4
100798,4
121559,4
145028,4
118476,3
94897,4
36389,4
125170,4
168299,3
12265,4
148680,3
193109,4
30598,4
78358,4
56985,4
154229,4
69322,4
61883,4
84708,4
150792,4
203469,3
74640,4
183761,4
123687,4
94685,4
29306,4
150831,4
138695,3
203951,4
84434,4
115487,3
140942,3
6890,3
74121,4
138194,3
200135,3
89883,4
74726,4
89303,3
199488,4
27652,3
133573,4
152302,4
88908,4
13388,4
177368,4
77247,4
158712,4
91239,4
150158,3
90977,4
513,4
199450,4
79299,4
53993,4
73054,4
68967,3
114710,4
153918,4
16201,4
171167,4
134232,4
43105,4
84420,4
112962,4
47559,4
135790,4
99719,4
116349,4
33636,3
1995,4
157957,3
97041,4
163366,3
79658,4
123818,4
138986,4
56448,4
107117,4
187437,4
195861,3
40154,4
105306,4
100619,3
87915,4
65292,3
72439,3
77721,3
181818,4
196113,3
189262,3
9471,3
37713,4
78624,3
93403,3
81305,3
147258,4
48222,3
196826,4
86684,3
149261,4
107688,3
50417,4
107547,4
44600,4
52534,4
37457,4
76476,4
33508,4
70556,4
150556,4
150191,4
97920,4
173179,4
106530,3
48563,4
59376,4
203099,4
126634,3
182728,3
21674,4
158020,4
110749,4
195587,3
181734,3
26273,3
93479,4
200431,4
142465,3
162794,4
87525,4
45717,4
66243,4
109198,3
89109,4
8439,3
125524,4
4379,3
80485,4
147375,4
111142,4
47925,4
128419,4
35275,3
145417,4
92741,4
197468,4
171174,3
105446,4
7551,3
180620,4
117886,4
112379,3
137507,4
181434,3
28094,4
172961,3
161639,4
23800,3
46426,4
123375,4
59703,4
45246,4
1416,3
48541,4
184016,4
165883,4
157105,4
90773,4
43273,4
199568,4
54837,3
155264,3
141365,4
100847,4
143210,4
126471,4
148939,3
66952,4
142389,4
7733,4
156110,3
109078,4
3908,4
133117,3
138617,4
115080,4
170685,4
183363,4
83457,3
205790,4
33728,4
70618,4
122164,4
128069,3
159236,4
76063,4
4880,3
135373,3
79127,4
167107,4
95460,3
13086,4
52650,4
1855,4
119,4
159213,3
15965,4
200061,4
21360,4
57713,4
150465,4
187392,4
152572,3
17635,4
98937,3
188931,4
103381,4
3547,3
88074,4
40763,4
192913,3
149296,4
145567,4
132470,4
2401,4
38447,4
22210,4
145921,3
6953,3
54796,3
136114,4
78933,4
111393,4
46179,4
109191,4
169303,3
62753,3
85945,4
51870,4
186210,4
130406,4
144901,4
120697,4
46791,4
6761,4
59573,4
150946,4
29948,4
29640,4
70907,4
30402,4
125783,4
1894,4
144623,4
68569,4
46175,4
48914,4
170146,4
186339,4
156348,4
6669,4
171376,4
204471,4
39775,4
101900,4
162975,4
73416,4
32807,4
50968,3
41511,4
122191,4
141336,4
130368,4
126992,3
6102,3
95127,4
116890,3
8660,4
181931,3
46442,3
170587,4
21349,4
59908,4
85062,4
19534,3
177222,4
185389,4
198602,4
105088,4
134484,4
52724,4
83906,3
74101,4
147690,4
127056,4
81595,3
3613,4
89882,4
199563,4
194924,4
77261,4
122974,4
79706,4
177637,4
172798,3
48742,3
73935,3
88148,4
89128,4
69751,4
150567,4
175336,4
145284,4
106624,4
92885,3
99840,4
116437,4
133327,4
105155,4
50681,4
106301,4
49542,4
14085,4
186207,4
66048,3
176926,4
165840,3
174754,4
9539,4
191586,4
23905,3
159027,4
73805,4
23380,4
17429,3
147911,3
137707,4
167481,4
173161,4
201983,4
179594,4
71700,3
8213,4
67800,4
108877,4
139199,4
6533,4
150935,4
205245,4
193135,4
24005,3
84798,4
74587,4
40232,4
134959,4
180179,4
15127,4
182865,4
200932,4
24102,4
147006,4
58904,3
155366,3
117131,4
139909,3
86686,4
140216,4
103682,3
57292,4
113110,4
1591,4
8539,4
131029,3
192943,4
133496,4
73816,4
163521,4
122415,3
159843,3
152639,4
82623,3
112232,3
104797,3
10936,4
97711,4
140940,3
201503,4
193573,4
28601,4
150004,4
14069,4
171962,4
155020,3
58290,4
16698,4
131751,4
168234,4
144547,3
115362,4
104818,4
21503,4
104579,4
120678,4
152933,4
138382,4
84608,4
119103,4
204191,4
17055,4
90789,3
93765,3
177141,4
189891,3
76967,4
6194,4
86022,4
57706,4
30463,4
203667,4
42748,3
26547,4
66880,4
55444,4
16463,4
57618,4
160430,4
199354,4
12276,4
35824,3
136649,4
168468,3
106972,4
187300,4
10174,4
63956,3
39687,4
7670,3
108172,3
164006,4
173949,4
82856,3
201566,3
148443,4
9800,4
1684,3
123185,4
60267,4
202725,3
108450,3
127394,3
53971,3
36640,3
30114,4
154373,3
128259,4
17660,3
133499,4
203437,4
176912,3
164240,3
36624,4
103504,4
155653,4
123719,4
121907,4
130515,3
142722,4
124041,3
160781,4
29214,4
152141,4
159994,4
199946,4
40158,4
23251,4
177321,3
75535,4
195570,3
120385,3
1860,4
83737,3
160576,3
111912,4
124549,4
141612,4
135408,4
2277,4
48942,3
71948,3
168302,4
180133,3
205155,4
57015,4
23915,3
141384,4
167766,3
186617,3
96560,4
177450,4
7073,4
49422,4
113674,3
145108,4
6770,4
69783,4
130919,4
14285,4
198338,4
74941,3
173733,3
74676,4
106929,4
109636,4
140661,3
19711,4
82729,4
98976,4
75372,3
49437,3
137288,4
144368,4
41016,4
198985,3
136707,3
149888,4
135150,4
20716,4
51826,3
188344,4
140683,4
23972,4
177287,4
31082,4
38768,3
128935,4
837,4
46308,4
39543,4
1228,4
142033,4
182028,3
145771,4
28672,3
63447,4
60088,4
191564,4
194869,3
182267,4
105440,4
176507,4
46548,3
64108,4
164749,3
141452,3
13603,3
172581,4
52885,4
52710,4
80498,4
151463,4
88791,3
107928,4
62726,4
13842,3
6853,4
158977,4
135630,4
205430,3
146602,4
108285,4
189881,4
12389,3
51208,4
139940,4
16726,3
118516,4
176725,3
135668,4
201250,4
127569,3
193753,4
95365,4
187634,4
162410,4
197714,4
113939,4
41954,3
4465,4
182254,4
36918,4
165279,4
137725,4
120485,4
137457,4
1651,4
76239,3
15304,4
171613,3
61004,4
45912,4
144746,4
12554,4
58476,3
74633,3
135170,4
48275,4
7828,4
67059,4
20169,4
21640,4
14405,3
145750,3
129191,4
181512,4
9804,4
101167,4
184325,4
119125,4
153528,4
79108,4
30269,4
53460,4
175405,3
201394,4
8954,4
199075,4
82061,4
99194,4
182500,4
96603,3
74395,4
4470,4
3195,4
22837,4
142974,4
86110,4
152598,4
183046,3
57119,4
9940,4
176535,4
16951,4
143115,4
47820,4
140935,4
54345,3
175081,3
58598,4
92418,4
5563,4
172413,4
83876,4
190067,3
179831,4
76394,4
138973,4
194757,4
91706,3
30456,4
100135,3
201204,4
20918,4
79467,4
136475,4
203812,4
60468,4
143463,4
141647,4
25955,4
201319,4
205077,4
111269,3
55022,4
73021,4
20549,4
32102,4
194270,4
174303,4
119638,4
111446,3
173607,4
57566,4
190384,3
90690,4
35481,4
161960,4
176270,3
77801,4
105556,3
195095,4
37968,4
9619,4
135220,4
76097,4
62390,4
90204,4
137368,3
75671,4
187284,3
135787,4
159900,4
153389,4
2300,4
115278,4
179182,4
182033,4
181279,4
165743,4
192349,4
23113,3
95586,4
33681,3
29978,3
52329,4
196388,4
12124,4
8862,4
77946,3
37144,3
134335,3
203344,4
82899,4
58767,4
181220,3
172701,4
38795,4
45047,4
96287,4
181565,4
66454,4
116611,4
202629,4
204276,3
1045,3
61467,4
160285,4
142572,4
75128,4
7093,4
120081,4
48863,3
92578,4
80783,4
4519,4
141358,4
115596,3
193746,4
76453,4
178264,4
77125,4
117861,4
75011,4
185643,3
161281,3
183762,4
169237,4
8528,4
7318,4
99014,4
17808,4
13025,4
98293,3
183089,4
58934,3
195036,3
37814,4
1146,4
127832,4
26157,4
159943,3
203730,4
156844,4
105447,4
129778,4
185805,4
61678,3
68026,4
166577,4
69319,4
73914,3
125782,4
15555,4
30306,4
97045,4
172112,4
35715,4
64477,4
88486,4
200908,4
60880,4
16055,4
126401,4
154450,3
197609,4
189710,3
168663,4
191098,4
64717,4
195102,4
25960,4
63537,4
96662,4
175871,3
104310,4
191103,4
199273,4
36315,4
6674,4
123121,4
173782,4
150869,3
71874,4
115705,4
147252,3
131549,4
61329,3
14336,4
127698,3
134316,4
187916,4
137958,4
171848,4
193349,4
153271,4
1129,4
164682,4
185465,4
118291,4
97223,3
154567,4
147381,3
103134,3
49634,4
81067,3
29883,4
103587,4
103160,3
142931,3
106194,4
42504,3
19949,4
177832,4
203809,4
173248,4
96304,4
24939,4
34823,4
140106,4
55495,3
109363,4
41768,4
117490,4
12488,4
133103,4
192369,4
133257,4
104699,4
158693,4
69660,4
167807,4
171311,4
63126,4
201658,4
17481,3
125319,3
91265,3
182182,4
202617,4
149856,4
112420,3
93439,4
97360,4
147324,3
134171,4
40300,4
159318,4
42398,4
170516,4
127955,4
131723,4
109024,4
12876,4
200183,4
15115,3
81900,4
66319,3
109949,3
140937,3
141831,4
39139,3
60795,4
189165,4
176877,3
120815,4
51018,4
15121,4
94119,3
10335,4
84094,4
196564,4
174710,3
38125,4
204371,3
150256,4
178815,4
48355,4
203136,3
76304,4
131487,3
31931,4
190752,3
94631,3
65510,4
121954,3
93480,4
128478,4
162874,3
181388,3
57816,4
83129,4
116764,4
146928,4
92339,4
20459,4
167917,4
64385,4
178845,4
143753,4
69394,4
196891,4
197446,4
131351,4
33542,4
83520,4
84858,3
102949,4
56864,4
80482,4
183230,3
146799,3
177134,4
138877,3
45206,4
101532,4
143810,3
176986,4
176070,4
94902,3
205034,4
114712,3
193186,4
68330,4
195170,3
61374,4
174359,4
111060,4
154703,3
192345,3
20857,3
10375,3
15495,4
18613,3
179543,4
102975,3
107033,4
107762,4
53425,4
74995,4
54617,4
39238,3
91006,3
178240,4
48241,3
54139,4
28001,3
155157,4
5173,3
176942,4
171286,4
139395,4
20217,3
104458,4
76613,4
148242,3
107307,4
81015,3
17716,4
182269,4
179993,4
10091,4
23955,4
193048,4
3581,4
169123,3
22634,3
45336,4
182556,4
50615,4
114127,3
169167,3
15339,3
135330,4
97397,4
188979,4
64702,4
95249,3
95634,4
142839,4
197023,4
80464,4
55719,4
118854,4
162830,4
193241,4
102194,4
180655,4
96806,3
2532,3
92235,4
184377,3
65143,4
5734,3
183843,3
196335,4
112730,4
53352,4
19580,3
166416,4
191573,4
161475,4
133161,3
124977,4
51565,4
187833,4
40037,4
178159,4
109830,4
115526,4
190077,3
8900,3
19495,4
118792,3
174483,4
154303,4
32079,3
127938,4
90441,4
170796,4
159696,4
38390,4
92245,4
140641,4
174914,4
152647,4
108762,3
159261,4
83359,4
91007,4
24893,3
51108,3
35402,4
15654,4
169456,4
87467,4
57222,3
181715,4
65609,3
44354,4
156664,4
135444,4
87845,4
37367,3
136521,4
98323,4
149887,4
58047,4
13150,4
461,4
166050,4
30417,4
177036,4
76799,4
10552,3
20,4
43368,4
134610,4
75294,4
134680,3
84882,4
201097,4
186461,4
197047,4
63852,4
17823,4
135566,4
75428,4
25302,4
201196,4
48963,4
95903,3
165052,3
177872,4
200601,4
200781,4
166200,3
56473,4
142751,4
62360,4
166704,4
126618,3
20837,3
142036,3
113902,4
90199,4
182681,4
138336,4
186010,3
19588,4
178215,4
54218,4
157043,3
18616,4
69736,4
48013,4
37321,4
62070,4
200652,4
166678,4
181602,4
201520,4
141150,4
185372,4
94456,4
161118,4
72708,3
7243,4
46314,3
45665,3
155705,3
155119,4
8399,4
128985,4
112784,4
94850,4
90373,3
160808,3
6483,3
67136,4
36997,4
192954,4
2248,4
31494,4
199107,4
45031,4
120177,4
12169,4
35265,4
114089,3
59025,4
169773,4
204741,4
9460,3
109432,3
65349,3
134877,4
34289,3
94220,4
98912,4
104907,4
15529,4
35894,4
151723,4
171650,4
101373,3
137269,4
172563,4
181850,4
134822,4
154791,3
186082,4
205869,4
42323,4
24856,4
125554,4
205964,4
65712,3
155239,3
133409,4
69333,3
57730,4
73196,4
79522,4
25551,4
69142,4
180180,4
195913,4
179491,4
47221,3
155323,4
35165,4
68972,3
117511,4
109328,4
130906,3
200646,3
123127,3
137220,4
84298,4
27512,4
94079,3
113967,3
32599,4
40087,3
16732,4
74445,4
14899,3
50580,4
191643,4
130674,4
113428,4
72303,4
136868,4
86698,4
32136,4
158909,4
87914,3
203615,4
1786,3
106913,3
41919,4
20002,4
156509,4
156204,4
123171,3
201858,3
22003,4
169881,3
73600,3
29123,4
201211,4
161229,4
63127,3
119723,3
527,4
52081,3
32825,4
80885,3
168172,4
165507,4
43430,3
173496,4
179156,4
109890,4
112954,4
192137,4
132676,3
108216,4
205830,4
28481,4
36665,4
79847,4
10086,3
97594,4
16048,3
127926,4
62943,3
19858,3
169823,4
10308,4
122824,4
109939,4
157894,4
146024,4
130005,4
98390,3
92262,4
106836,4
53471,4
162948,3
143101,4
156442,4
24259,4
179248,4
90178,3
133587,4
81711,4
167781,4
25909,4
115652,4
18504,4
6162,4
52361,3
191689,3
166885,4
71360,3
183247,4
193219,3
30428,3
167553,3
172439,3
132568,4
36321,4
16154,4
3250,4
118157,4
64499,4
184666,4
117430,4
128681,4
112704,4
192435,4
124380,4
151781,4
84119,4
72857,4
48238,4
121230,4
104155,4
146040,3
203948,4
22407,4
113572,4
88290,3
102795,4
48946,4
183866,4
100803,4
92008,4
74266,4
12058,4
112138,4
4142,4
62397,3
177547,4
3156,4
68825,4
185461,4
184095,4
160951,4
115696,3
123028,4
13398,4
1194,4
28308,4
102968,4
109571,4
18588,4
114425,4
87742,3
149555,4
203642,4
26025,4
196827,3
25231,4
132480,3
27846,4
62361,4
69048,3
179025,3
92860,4
181493,3
175738,4
172350,4
75624,4
131881,4
184077,4
55583,4
15331,3
179472,4
51098,4
36876,4
112907,4
157147,4
169626,4
139090,4
94501,3
61075,3
117932,3
178983,3
38306,4
156470,3
92688,3
162993,4
153558,4
86196,4
109093,4
131244,3
84174,4
40719,3
143050,4
45016,3
140066,4
66122,3
186115,4
105951,3
115960,3
198385,4
150450,3
133517,3
122820,4
97411,4
58943,4
124102,3
78291,4
148469,4
13255,4
60893,3
120809,4
128866,3
530,4
68682,3
66494,4
110179,4
43048,4
182498,3
67991,4
18788,3
203292,4
37475,4
151358,4
192922,4
37829,3
91693,4
90446,3
72251,4
43259,4
103228,4
191252,4
186400,4
60194,4
170520,4
18509,4
174201,4
104231,4
171278,4
54659,4
46313,3
181311,4
128470,4
86232,3
46842,3
9838,4
155928,3
46464,4
93784,4
135449,3
92110,3
37369,4
195779,4
189767,4
5431,3
158468,4
26778,4
17022,4
18349,4
11806,3
143300,3
162028,4
126204,3
152998,4
63330,4
72628,4
88839,4
28760,4
75908,3
128341,4
158507,4
127800,3
136610,4
106228,4
149894,4
41950,4
121162,4
38356,4
75726,4
191015,4
37579,4
73018,3
161664,4
115116,4
120772,4
26102,4
25912,4
199937,4
100202,4
5952,4
119395,4
12187,4
188702,4
38978,4
162318,4
169664,4
19843,4
159319,3
56668,4
205957,4
16051,4
10015,3
91563,4
6104,3
54730,4
141507,4
135082,4
104660,4
27497,4
120449,3
195180,3
50369,4
36404,4
183222,4
48803,4
1435,4
48377,3
85279,3
7080,4
65848,4
31882,4
98860,4
102739,4
117029,3
187351,3
84359,4
46110,3
177686,4
39251,4
128850,4
163542,4
137596,4
197373,4
143822,4
136192,4
129873,3
168315,3
89855,4
115950,4
82975,3
190101,4
10655,4
110310,4
65759,4
154332,4
88749,4
18527,4
20378,4
136420,4
9651,3
172560,4
69328,4
196142,4
192311,4
36020,3
32539,4
170624,3
99037,3
24859,4
75378,4
107663,4
115725,4
119578,4
51707,4
46861,4
69027,4
77114,3
134054,4
101844,4
11002,4
175681,4
40336,4
160374,4
17818,4
9215,3
172497,4
64036,4
190927,4
33069,4
156187,4
125396,4
137896,4
24676,4
190506,3
43890,4
167949,4
61564,3
175509,4
184376,4
66893,3
28521,4
43626,4
149915,4
51924,4
90635,4
122477,4
119539,4
120887,4
202389,4
37200,4
47943,4
69737,3
1097,3
152776,4
155315,4
9155,4
1383,4
187214,4
40088,3
70869,4
198457,4
155952,3
173797,4
75967,3
199672,4
126954,4
22935,4
144407,3
179218,3
149100,4
1554,3
47350,4
91677,4
68916,3
152286,4
155088,3
104833,4
144075,3
99068,3
110470,4
7471,4
10213,4
43290,4
65656,4
153970,3
69175,4
128842,3
17621,4
47818,4
108738,4
182811,4
18235,3
99355,4
79866,4
30214,4
13027,4
55707,4
197553,4
7349,4
199441,4
129405,4
7824,4
172150,3
84746,3
1239,4
16533,4
145803,4
200612,4
36550,3
136684,4
111237,4
42457,4
51794,4
36950,4
125052,4
117451,4
55487,4
120723,3
122518,4
87395,4
146653,4
127515,4
181462,4
192023,4
72766,4
204813,4
188435,4
64498,3
173697,4
105248,4
76904,4
84306,4
146572,3
57059,4
46430,3
148765,3
182230,4
127450,4
161761,3
59787,4
196506,4
168451,4
57406,4
201474,4
7268,4
154116,3
130960,4
62806,4
23691,4
203778,3
91464,4
43657,4
109185,3
196587,3
29756,4
50122,4
53522,4
96652,3
45571,4
121685,3
181534,3
88060,3
191857,4
172541,4
197631,4
18051,3
48593,4
159635,4
37232,3
79745,4
104841,4
71536,4
121099,3
199261,4
69625,3
107484,4
79720,4
42393,4
91614,4
51935,4
113201,4
77110,4
127415,3
14147,4
94836,4
81701,3
110284,4
200738,3
98331,4
35244,4
117930,4
183617,4
124529,4
96114,4
202137,4
141268,4
192630,3
81843,4
23003,4
108083,3
71991,4
120640,4
200782,4
149088,4
93781,4
85898,3
156284,4
194609,4
50963,4
104445,3
161012,3
184732,4
40284,4
38319,4
26531,3
206078,3
123521,4
202952,4
201308,4
180080,4
204121,4
3887,4
144310,4
139578,4
44186,4
191189,3
74754,3
168744,3
151086,4
123040,4
17869,3
130376,3
64373,4
5520,3
21453,3
132761,3
57662,3
31980,4
126351,4
203732,3
176177,4
26753,4
68874,4
130775,4
122764,3
153727,4
176862,4
136581,4
174728,4
97852,3
120046,4
130395,4
49380,4
50221,3
191205,4
102428,4
21563,4
129645,4
189171,4
198864,4
147189,4
48363,4
154969,4
151870,3
84719,3
68726,4
150366,4
77271,4
94848,4
35675,3
183104,4
142914,3
171242,3
67594,4
94402,4
103202,4
158065,4
181578,4
74769,4
173177,4
52105,4
92959,4
134083,4
36968,4
109774,4
96146,4
17236,4
14661,4
102697,4
180870,4
156743,4
56310,3
146784,4
32262,3
17229,3
74827,4
57737,3
63272,3
94931,3
112108,4
8348,4
37303,4
137577,4
143527,4
30352,4
159175,3
56874,4
106136,3
22203,4
10426,4
11720,4
176673,3
195396,4
142459,4
31278,3
62964,4
111776,4
130977,4
35656,3
689,4
45743,4
180011,4
157030,3
84759,4
164013,4
47614,4
185748,4
154552,4
58126,4
118189,3
111025,3
119814,4
59179,4
39154,3
48749,4
191453,4
68647,3
19035,4
159194,3
85418,4
2780,4
29578,4
39903,4
24697,4
54362,4
37503,3
123246,4
72965,4
171705,4
86062,4
180447,4
31523,4
191652,4
56404,4
92077,3
166165,3
74619,4
192359,3
57422,3
44105,4
173268,3
81108,4
88651,4
50992,4
167471,3
149049,4
110291,3
7527,4
15470,4
185065,4
116754,4
168509,4
142229,4
28851,4
176094,4
191589,3
123380,4
37047,4
159108,4
34156,4
123892,3
201305,4
18189,4
90277,3
130815,3
91114,4
58322,4
55776,4
121270,3
128412,3
192263,3
153683,4
206135,3
176650,3
22721,3
106905,4
137703,4
174423,4
43018,4
97966,4
75298,3
65337,4
164268,4
42266,4
187543,3
113491,4
34992,4
80684,3
126079,3
138705,4
130360,4
59698,4
42742,4
76601,4
66066,4
38665,3
64520,4
53398,4
54852,4
49029,3
80044,4
9769,4
91788,4
3761,4
90554,3
40110,3
152910,4
59639,4
38904,4
182121,4
95434,4
1465,4
86488,4
52913,3
20400,3
39578,4
173227,3
37447,4
108076,3
40768,4
183318,3
132966,4
104040,3
122523,4
158160,4
168362,4
156238,4
67670,4
154760,4
41334,4
87160,4
104036,4
35716,3
134107,4
21606,4
104164,3
52317,3
134267,3
17241,4
50153,4
72287,3
114359,4
187962,4
177484,4
142048,4
47748,3
49771,3
42805,4
115144,4
101558,4
58502,3
138385,3
105665,4
30586,4
98144,4
16535,3
58609,4
64417,4
193833,4
11280,4
54071,4
22479,4
25958,4
494,4
176308,3
8565,3
11011,3
92657,4
204893,3
99726,4
137718,3
59615,4
50039,4
92009,4
205460,4
143607,4
1907,3
142097,4
119509,4
11700,3
15635,4
84379,4
141328,4
186069,4
32779,3
188286,3
6679,4
40541,4
35041,3
99421,4
2009,4
125611,3
17723,4
143816,4
144066,4
171619,3
147926,3
178212,4
68993,4
164554,4
187265,3
158691,4
173936,4
164128,4
62699,4
154268,4
100423,4
30449,4
81813,4
59483,4
26167,4
152368,4
150068,4
83240,3
157238,3
99635,4
176078,4
109539,4
146852,4
143428,4
59551,3
8585,3
173557,4
99017,3
189253,4
46638,4
169441,4
172338,4
70848,4
85317,4
71460,4
190995,4
162432,3
9718,4
184341,4
158253,3
181126,4
53658,4
180511,4
121247,3
3553,4
91792,4
46747,4
178787,4
132738,4
16522,3
94827,4
176919,3
27844,4
79874,4
86220,4
198270,4
20529,4
143966,4
201463,3
166736,4
129410,4
140463,4
167368,4
125488,3
90052,4
176234,4
189794,4
3037,4
44439,4
204153,3
119210,4
3174,4
126140,4
138025,4
200382,4
99494,4
86700,4
105757,4
152188,3
155442,4
97622,4
204398,4
142835,4
111296,3
36402,4
125325,4
173357,3
135107,4
55170,4
148449,4
140682,4
161650,4
171495,4
147071,4
204279,4
112834,3
99148,4
181805,4
196499,4
41753,3
76493,4
165706,4
90413,4
45846,4
203814,4
119681,4
15080,3
16309,4
139742,4
150800,3
59313,4
122213,4
91559,4
18942,4
155791,4
44721,4
164497,3
150954,4
44768,3
72437,4
177040,4
58433,3
150900,4
172457,3
24045,4
198064,4
172196,3
132498,4
200944,3
178980,4
46795,3
6914,3
202123,4
37587,4
2411,4
15138,3
168537,3
121357,4
174743,4
46814,4
104097,4
90608,3
59555,4
140044,4
124284,4
167647,4
157996,4
190256,4
197901,3
159442,4
102205,4
3588,4
138969,4
26253,4
29384,4
7411,4
200294,4
111978,4
198816,4
125903,3
150947,4
86292,4
182933,4
169775,4
201368,4
4587,4
192599,3
141001,3
167581,4
51708,3
9168,4
117001,4
27465,3
132759,4
52393,4
2625,4
105711,4
85628,4
192427,3
199414,4
197700,4
3074,4
138495,4
49529,4
99659,4
51725,4
166389,4
127723,3
57332,4
175666,4
198624,4
168861,4
196934,4
120743,4
26943,4
163253,4
112514,4
162032,4
29716,4
184890,4
136837,4
48366,4
8864,3
128836,4
154623,4
112204,4
49349,4
200473,4
153440,3
174630,4
199863,3
42541,4
27091,4
39393,4
20821,4
192103,4
148383,4
146628,3
724,4
118445,4
41271,4
174937,4
60445,3
57709,4
13404,3
194725,4
70511,3
125039,3
44377,3
162986,3
26775,4
146997,4
17811,4
94842,4
91791,4
139817,4
70032,4
161947,4
72921,4
18392,4
127828,4
15924,4
62105,4
24316,4
176718,4
86922,4
128179,4
24932,4
181978,4
119957,4
64820,3
183685,4
134064,4
135135,4
176669,4
52249,4
1919,4
4837,4
109943,3
75037,3
44793,4
32845,3
169831,3
131928,4
5369,4
171701,4
147345,4
124557,3
86708,4
68112,3
102735,4
91033,4
182992,4
167003,4
113331,4
10365,4
39125,3
67595,4
160459,3
2718,3
925,4
88566,3
20577,4
62192,4
73856,3
98741,4
113624,4
63243,3
85994,4
40492,4
9652,3
101851,4
184869,4
73952,4
18542,4
68408,3
19531,4
4257,4
202614,3
40709,4
28715,4
23892,4
62169,4
172069,4
64445,4
25450,3
60347,4
28312,4
140504,4
117561,3
112859,4
175671,4
141407,3
50723,4
45678,3
40993,4
90992,3
197941,3
85239,4
151215,4
5019,4
125630,3
89498,4
64185,3
110459,3
96766,4
86636,4
29655,3
111262,4
156921,4
185962,4
11055,4
126139,3
182023,4
99605,4
119482,4
82817,4
154601,4
145260,3
181284,4
23059,4
152273,4
50028,4
194681,4
7533,4
3904,4
29270,4
32078,4
87887,3
82759,4
77512,3
79292,4
106178,4
65684,3
128180,4
50059,4
136438,4
121747,4
81274,4
129508,4
186901,3
3592,4
149771,3
193227,4
32392,3
59705,3
49388,4
165384,4
3162,4
47067,4
83676,4
96168,4
193599,4
63570,4
132684,4
71144,3
156922,3
160054,4
109132,4
78235,3
130533,4
81918,4
140131,3
3301,4
181425,3
85615,4
5511,4
75940,4
105249,4
100691,4
184777,3
137543,3
106765,4
9217,4
101858,4
52476,4
140013,4
88188,3
98727,4
15850,4
77474,4
120310,4
148322,4
196198,3
139765,3
95172,3
140286,3
174360,4
76509,4
151468,4
106039,3
93173,4
119614,3
129002,4
3099,4
185603,4
160019,3
80460,4
149670,4
123644,4
3401,4
12910,3
82510,4
182295,4
88084,4
160372,4
49438,4
192919,4
70208,4
122049,4
110400,3
57223,3
183514,4
86351,4
26575,4
18253,4
173695,4
187123,3
192343,4
117660,4
24348,4
203625,4
68451,4
9016,4
204133,4
136520,4
162704,3
159019,4
58035,4
134261,3
107207,4
101213,4
54913,4
50222,4
144766,4
6590,4
86213,4
39928,4
15368,4
50479,4
82076,3
10410,4
67138,4
39443,3
127494,4
114797,4
136789,4
46471,4
157846,4
88051,4
876,4
38301,4
155189,4
150184,4
85606,4
96131,4
177447,4
22515,3
66887,4
6105,4
102827,4
82867,4
171280,3
190704,4
37389,4
57675,4
107094,4
17781,4
25362,4
203226,4
6790,4
5318,3
88289,4
108223,4
140491,4
59359,4
97836,4
169697,4
144650,3
3039,4
167000,4
138951,4
61037,4
135471,4
171024,4
146459,3
199084,4
28240,4
9762,4
204812,4
31795,4
54968,4
97907,4
149257,4
31313,3
11379,4
59995,4
189592,4
115431,4
29414,4
85705,4
109576,4
81356,3
205311,4
34974,3
82571,4
112788,3
126254,4
66100,4
191065,4
17820,3
124645,3
185395,4
27683,4
70013,4
194933,4
108600,3
99298,4
98718,3
15512,4
112075,4
59751,4
145970,3
101027,3
114672,4
152484,4
53042,4
66147,4
98754,4
88804,4
159905,3
111613,4
157935,4
91296,4
40675,4
49621,4
48425,4
1797,3
41653,4
155555,4
58188,4
41717,4
78537,4
179381,4
170578,4
42527,4
23458,4
118775,4
127745,4
49207,4
109910,3
68887,4
129452,4
90588,3
123641,4
196800,4
91536,4
42625,4
17602,3
24216,3
5790,3
102825,4
2953,3
172986,4
129989,4
120926,3
168222,4
6614,3
103681,4
87157,4
129860,4
17789,4
117375,4
193151,4
50209,4
195534,4
90769,4
64890,3
99184,4
68131,4
35069,4
96207,4
200621,4
42412,4
67832,4
85047,3
57881,4
65863,4
171411,4
28188,4
86299,4
139125,4
54396,4
164299,4
14898,4
100793,4
90371,3
3274,3
179564,4
17514,4
192478,3
92487,4
35562,3
168980,4
96447,4
119547,3
14083,3
155931,4
114759,3
167621,4
134151,4
99152,4
103136,4
75526,4
116689,4
107165,4
112967,4
158818,4
47018,3
72334,4
125337,3
124831,3
24846,4
82803,3
166709,4
157552,4
81026,3
188830,4
42705,4
51011,4
31037,3
99189,4
149852,4
32225,4
195239,4
18341,3
157450,4
143730,4
175520,4
190849,4
100093,4
77113,4
72732,4
123356,4
39420,4
204835,4
169106,4
83542,4
89954,4
52569,4
155577,4
163468,4
109671,4
174582,3
178364,4
17090,4
21663,4
43139,4
147652,4
170904,4
9906,4
186297,4
104138,4
161484,4
159127,4
121239,4
11941,4
18949,4
188997,4
47794,4
127512,4
78658,4
72390,4
4451,4
109694,3
44555,3
112020,3
179659,4
62659,4
122076,4
120801,4
155970,3
168621,3
98416,4
4334,4
162483,3
84266,3
4539,4
186225,4
14691,3
175094,4
173271,4
39366,4
102365,3
108430,4
111553,3
47652,3
160417,4
13846,4
37518,3
147001,3
92795,4
151583,4
205576,3
41353,3
100683,3
161521,3
52429,4
83689,4
195638,4
181707,4
94235,4
155048,4
161544,4
83124,4
115260,4
189513,4
65587,4
189217,4
76610,4
61602,4
74617,3
137009,4
166975,3
196723,4
107236,4
146250,4
93278,4
34482,4
46030,4
153208,4
109808,4
72171,4
41505,4
37132,4
56356,4
48727,3
137401,4
92176,4
101247,4
199223,4
165101,3
83502,4
128896,3
82642,4
182089,4
37145,4
80653,4
26246,4
63715,4
108699,4
578,3
58578,4
121190,4
165685,3
31066,4
45775,4
81929,4
104240,4
94920,4
164966,3
131260,4
160407,4
124783,4
110732,4
39376,4
105930,3
98802,3
72253,4
168678,3
165114,4
59268,4
55694,4
144924,4
170636,4
71340,4
23712,3
176651,3
64245,3
123554,4
47603,3
72891,4
17889,4
428,3
204545,4
92073,4
65648,3
35820,3
127887,4
37808,4
90829,4
88509,4
109077,4
61036,3
63977,4
55728,4
164824,3
72296,4
50644,4
101371,4
154395,4
1801,4
68139,4
149094,4
84107,4
145420,4
23194,4
19387,3
23907,3
122600,3
30248,4
28502,4
60375,3
91456,4
63495,3
30152,3
11130,3
160986,4
19120,3
39126,3
116706,4
70946,3
12150,4
10833,4
130451,4
18891,4
30224,4
16139,4
27302,3
53,4
198184,4
166703,4
153475,4
182163,3
111771,4
195445,4
17929,3
119757,4
93663,3
154235,4
183414,4
100380,4
48532,4
158055,4
22470,4
97358,3
133266,4
67431,4
139176,4
36490,4
81073,4
155034,3
72259,4
57462,4
69700,4
194868,3
163549,3
118084,4
80377,4
153619,3
124922,4
30909,3
104528,3
61886,4
9147,4
85414,4
94626,3
111366,4
183722,3
5116,4
11530,4
181599,4
189526,4
1421,4
177743,4
21586,4
33151,4
96752,4
159170,4
183065,4
21639,4
177433,4
139247,4
123501,4
133825,4
124739,4
60418,4
159146,3
76020,4
165346,4
33249,4
173725,4
98063,4
79053,4
183266,4
62462,4
178003,4
173742,4
181006,4
102214,3
102948,4
96240,3
165626,4
97605,4
65747,3
30646,4
102204,4
76111,4
20699,3
111863,4
53433,4
28891,3
58711,3
30185,4
155423,4
102781,4
120106,3
57683,4
28832,4
186535,4
163898,4
75142,3
41216,4
4636,4
100652,4
3313,4
60026,3
147108,4
139476,3
1723,4
184092,4
23212,4
194312,4
25969,4
37205,3
43552,3
199331,4
99935,4
176968,4
9576,3
151926,3
31074,4
54291,3
75258,4
46037,4
57285,4
156289,4
60983,3
79506,4
53435,4
2228,4
82286,4
192898,4
120334,4
7790,4
185889,3
186715,4
170994,4
109990,4
659,3
145200,4
7704,3
88192,3
64977,4
45328,4
189884,4
3444,4
5506,4
71309,4
12706,4
140786,4
76560,4
182131,3
130681,4
178780,4
196856,3
62842,3
76010,4
87505,4
115147,3
23723,3
180686,3
125190,4
12675,3
160483,4
128574,3
180383,3
21255,3
151783,4
164181,4
171942,4
128445,4
183102,4
6022,4
42164,4
46772,3
29407,3
120005,4
17727,4
53119,3
132054,4
175284,3
36855,4
156813,4
9677,3
182371,4
87691,4
56074,4
131415,3
30825,4
140369,4
10809,4
139978,4
96816,4
11521,4
74755,4
100446,4
42490,4
95507,4
153327,4
90869,3
24026,4
174308,4
15601,4
165553,4
224,4
169173,4
68403,3
35989,4
191624,4
121006,4
31322,4
46733,4
144932,4
80901,3
167115,4
137027,4
29011,4
29706,3
175478,4
150848,3
158642,4
2319,4
137812,4
126494,4
21293,4
128392,4
188266,4
141800,3
175910,4
186415,3
95102,4
114689,3
163416,4
103600,4
199652,3
70200,4
29018,4
198047,4
11100,4
135294,4
126913,4
10946,4
46915,4
95663,4
99044,4
97101,4
100023,4
163002,4
35999,3
70902,3
202020,4
186519,3
64921,3
106482,3
40949,3
198870,4
102049,4
116078,4
175924,4
93067,3
167282,3
17250,4
196287,3
100396,4
122411,4
13470,4
131037,3
195557,4
187428,4
203392,4
68534,3
172322,4
11149,4
29109,4
122012,3
56376,4
146949,4
179023,4
147573,3
111881,4
9736,4
188717,4
93463,3
27304,3
51861,4
204037,4
162602,4
183130,4
109187,3
48522,4
136577,4
155016,4
139668,4
60068,3
99222,4
138255,4
186351,3
41671,4
56292,4
196933,4
147037,4
118160,4
58255,4
118492,4
73247,4
103417,4
113079,3
85976,4
99580,4
52978,3
202977,4
106255,3
157225,4
144346,4
99339,3
178192,3
202552,3
198057,4
69614,4
51973,4
25699,4
100003,4
136745,3
52133,4
99691,4
110692,3
99871,3
204847,4
202271,4
193091,3
1734,4
129101,4
50751,4
132396,3
109674,4
174577,4
165270,4
38216,4
70070,4
77708,4
96498,3
57612,3
74860,4
60305,4
128596,4
110357,4
89449,4
24675,3
124813,4
94046,4
88211,4
75233,4
93318,4
32631,4
122675,4
152136,4
176590,4
64252,4
202091,4
143725,3
48453,4
35187,4
113580,4
17119,3
158230,4
23156,4
169153,4
145533,3
178898,4
33359,4
102442,4
1827,4
191670,4
44420,4
113421,4
8668,3
104654,4
12535,4
44553,4
194480,4
147641,4
185072,4
203644,3
54510,4
171548,3
99886,3
149078,4
128100,4
163833,4
28979,4
158458,3
190765,3
160798,4
80340,4
26201,4
56803,3
83086,4
56242,4
76182,4
205291,4
127373,4
87382,4
4185,4
24584,4
71069,3
112971,4
10922,3
1517,4
127395,4
113116,4
146177,4
60510,4
24813,3
196495,4
163195,3
178137,4
167246,4
144607,3
47446,4
56769,4
56591,4
61439,4
204882,4
21326,4
13200,4
32906,3
53870,4
139507,3
190276,4
177995,4
157949,4
155081,4
22179,3
93896,3
149644,4
86933,3
184252,4
126833,4
184994,3
148119,4
70875,3
7220,4
44198,4
111130,4
127668,3
200823,4
191852,4
26609,3
142231,4
175013,4
188374,3
86104,3
167360,4
44969,4
196390,4
115305,4
10245,4
201255,4
201291,4
111861,4
151399,4
79226,4
18280,3
2737,4
57535,4
112383,4
1854,3
107975,3
49853,4
179266,3
71486,3
59701,4
1568,4
205598,4
83820,4
120357,3
201494,3
172010,4
174431,4
20751,3
35917,3
136107,4
204598,4
80258,3
104023,4
124956,4
171859,4
88242,4
59277,3
198842,4
9402,4
161105,4
67819,3
26806,4
169827,3
65453,4
170196,3
174037,3
193828,4
156248,4
93717,4
63135,4
146235,3
131554,3
130215,4
157015,3
163257,3
82676,4
168671,4
81653,4
140025,4
822,4
84310,4
23125,4
125965,4
156863,4
78546,3
29864,4
191895,4
59461,3
133749,4
3561,4
200069,3
162134,3
155913,4
56596,4
91240,4
59526,4
104678,4
197450,4
157387,3
173807,4
203866,3
44725,4
156678,3
36498,4
107052,3
117477,3
117446,4
161049,4
64678,4
11168,4
138335,4
181974,4
78600,4
167989,4
26413,4
84599,4
86544,3
195615,4
52995,3
131078,4
181455,4
149438,4
173396,4
180567,3
114232,4
106432,4
125575,4
189871,4
31333,4
120381,4
73222,4
20226,4
137668,3
1154,3
106743,4
37077,4
76716,4
205065,4
56806,4
159035,3
185522,4
61589,4
154456,4
6898,3
69213,4
38825,4
95981,4
171479,3
69535,3
78453,4
74623,3
131871,4
153421,4
87409,4
117448,4
143107,4
142618,4
194569,3
7937,4
112993,4
111076,3
118665,4
119162,4
177969,3
95147,4
152304,3
127846,4
84140,4
177069,4
78799,4
69220,4
16110,3
111663,4
192738,4
188188,3
12663,4
124679,3
105238,4
13258,3
202571,4
190220,4
79788,4
104868,4
18289,3
90752,3
132318,4
99822,3
38921,4
124947,4
51358,3
119569,4
53220,3
141246,4
20005,4
100177,4
1585,3
110966,4
129334,4
76867,3
143197,3
133071,3
143304,4
154744,3
134787,3
198733,4
11492,3
96071,3
175825,4
159879,4
82031,4
88279,3
173205,3
134227,4
163334,3
145462,4
187333,3
94891,4
55084,4
139222,4
133351,4
69569,4
71351,4
60848,4
109140,3
205087,3
118045,4
134703,3
166033,4
8933,3
12774,4
95391,4
87813,4
151563,4
101291,4
176162,3
85409,4
199496,3
163930,4
77372,3
55698,4
120018,4
102429,4
68466,4
133289,4
36547,4
156684,4
103152,3
53127,4
81523,4
6691,3
86341,4
203007,4
95621,4
204913,4
68457,3
31953,4
173188,4
1533,4
162723,3
175283,4
35866,4
65005,4
19740,4
84754,4
27544,4
77077,4
114110,3
14644,4
150194,4
61663,4
165374,4
16536,4
196725,4
66520,3
132555,4
101606,4
55065,4
9280,4
30398,4
97579,4
922,4
97604,3
126778,4
5527,4
178524,4
94883,4
48616,4
138757,4
161698,4
122252,3
126521,4
123285,4
191549,4
190830,4
97930,4
97644,4
100430,4
11049,4
126183,4
11094,4
49562,4
152645,4
167433,4
28956,4
89545,4
174891,3
123839,3
164909,3
138748,4
33177,4
165567,4
162588,4
203108,3
154620,4
173988,4
96194,3
180405,4
22478,4
105153,3
173919,3
186395,4
173246,4
165780,3
149242,3
61470,4
153473,3
80892,4
122588,3
45019,4
119963,4
157446,4
147051,4
92649,4
1906,3
113958,4
53287,3
13310,4
43769,4
16851,3
159139,3
124433,4
62288,4
53978,4
118202,4
170628,3
4301,4
65497,3
174144,4
18086,4
124504,4
125381,4
169931,4
182609,4
59687,4
101514,4
177459,4
39040,4
17813,4
61862,3
148094,4
39431,3
96187,4
25,3
40200,4
39223,4
164848,4
23859,3
115585,3
27535,4
85311,3
14067,4
10392,4
40363,3
106950,4
155672,3
143444,4
16827,4
113191,3
9644,4
73365,4
114762,4
90954,4
141,4
150797,4
71810,4
137556,4
11161,4
84413,4
46585,3
23593,4
123600,4
200741,4
145328,4
102432,3
130544,4
159828,4
205161,4
125566,4
54332,4
168785,3
85715,3
29744,4
200835,3
54453,4
134254,3
82873,3
197651,4
143105,4
95036,3
95298,3
72834,4
95932,4
39269,4
20764,3
31857,3
38560,4
109986,4
46465,4
159660,3
155444,3
26365,4
139085,4
132207,4
79716,4
186469,4
130140,4
26286,3
133376,4
71990,4
19513,3
78096,3
87663,4
44917,3
142873,4
204660,4
130896,3
113296,3
72532,4
35206,3
23580,4
14768,4
139166,4
200649,4
170507,4
201595,4
31813,4
80360,3
32074,4
120023,4
190422,4
11396,3
161763,4
116868,4
112839,4
115141,4
4306,4
18733,4
109813,4
105904,4
172100,4
68917,4
159841,4
40587,4
161651,3
67681,4
201405,4
54722,4
11643,4
130124,4
62968,4
161597,4
196539,4
62410,3
68615,4
133797,4
15615,4
64733,4
97732,3
107219,3
128124,4
149292,4
60369,3
39331,4
96368,4
62578,4
753,4
102682,4
167133,4
77471,4
116823,4
116045,4
63404,3
104351,4
131028,4
103384,4
130093,3
127710,3
170880,4
141377,4
18013,4
50692,4
25430,4
150463,4
55165,3
57834,4
66828,4
16904,4
9264,4
86162,4
52074,3
59514,4
124003,4
147304,4
31778,4
164945,3
72043,4
157451,4
9022,4
131787,3
131418,4
170324,4
102145,3
11264,4
51094,4
67636,4
182157,4
96987,4
178445,4
100385,4
85027,4
114789,3
151075,4
176841,4
160398,4
25895,3
8428,4
33725,4
18209,4
13753,4
27728,4
26066,4
136757,3
21428,4
124945,4
59006,3
30495,3
197096,3
165467,4
48288,4
194839,4
199891,4
37688,4
152846,4
11341,4
43748,4
198905,4
181198,4
4989,4
164228,4
201857,3
32212,3
102003,4
170333,4
52877,3
55235,4
117614,4
47817,3
206064,4
10723,4
13967,3
140997,4
191579,4
22527,4
65724,4
62049,4
205150,4
128858,3
111576,4
31335,3
186540,4
183806,4
89249,3
126644,3
60158,3
131653,4
106296,4
49040,4
180776,4
99226,4
144360,4
160921,4
14236,4
37251,4
176414,4
13767,4
14815,4
80333,4
40677,4
55430,4
99065,4
118114,4
133705,3
72214,3
124704,4
99485,4
89628,4
8193,4
127334,3
22228,3
103227,4
158640,4
187165,4
168055,3
22975,4
200665,4
138427,4
7768,4
55867,3
27527,4
182891,3
8823,3
148892,4
179003,4
5524,4
154437,3
163891,4
205931,4
142041,4
72293,4
79338,4
42854,3
42766,3
148520,4
61964,3
8942,4
24597,4
133864,3
58735,4
78460,3
117185,4
20194,3
50446,4
175946,4
116936,4
132499,4
201688,4
88694,4
65739,4
85107,4
94357,3
202113,3
111677,4
92309,4
86699,4
38723,3
43668,4
22074,4
97534,3
81341,4
183371,3
107921,4
162217,4
40063,3
98434,4
119487,4
185478,4
39186,4
124886,4
77920,3
17045,3
183988,4
27243,4
54626,4
110333,4
85677,3
99255,4
170067,3
202354,4
6339,4
14310,4
105439,4
86182,3
7950,4
49552,4
46021,3
127119,3
184090,4
115831,4
76689,3
40546,4
161898,4
172799,4
133085,4
155500,3
3954,4
73188,4
69351,4
195129,4
105198,4
193727,4
129818,4
147212,4
161529,4
137509,4
191509,3
150144,4
15549,4
67611,4
84516,4
136824,4
95687,4
99838,4
22455,3
81857,4
193763,4
110768,3
64892,3
131312,3
105047,4
89720,3
89324,4
155308,4
131619,3
16799,4
130049,3
184467,4
88480,4
197890,4
112078,4
89985,4
139186,4
48423,4
147053,3
139998,4
36846,3
154939,3
8263,4
77877,4
118184,4
30088,4
8854,4
160535,4
204132,3
151347,4
75225,3
180568,4
6195,4
116130,4
123776,4
88859,4
142795,4
23232,4
83955,4
133458,3
170935,4
36732,3
84078,3
51481,4
164300,4
202336,4
36179,4
67254,4
65316,3
93877,4
58475,4
113486,4
27954,4
199484,3
203483,3
12229,3
54524,3
63357,3
137969,4
62394,4
190637,4
204958,4
46612,4
94358,4
161423,4
201409,4
148586,4
179239,4
51936,4
138874,3
138892,4
44652,4
64334,4
193211,3
170677,4
189186,3
96153,4
183014,4
199893,4
65148,3
66343,4
76595,4
97597,3
63716,4
59976,4
134792,4
91252,4
87235,4
179512,4
83858,4
80826,4
119196,4
53074,4
125142,4
118588,4
76606,4
34320,4
78698,4
173221,4
181925,4
196745,4
53799,4
157371,4
55427,4
83252,3
45848,4
175556,4
42998,4
130319,4
75840,3
97445,4
175801,4
132376,4
1626,4
113803,4
65750,3
152699,4
44067,4
187313,4
34188,3
53178,4
178061,3
158196,4
77647,4
55416,4
84105,4
203777,4
122825,4
28566,3
12648,4
52750,3
48114,4
26644,4
62436,3
199815,4
171000,4
158896,3
132404,4
48729,4
101351,3
173767,4
38932,4
42356,3
133472,3
60247,3
152757,4
16213,4
85218,4
34354,4
194389,3
41093,4
175972,3
104266,3
196137,3
5528,4
38274,3
28053,3
44958,4
11628,4
58315,4
151192,3
3008,4
57900,4
56821,4
13709,4
197598,4
38772,3
201884,4
151396,3
71717,3
55535,3
114614,4
52415,4
38609,4
133383,4
98010,4
133835,3
62626,4
106052,3
6266,4
29946,4
150166,3
27395,3
106398,3
49252,4
56201,4
152528,3
48715,3
77623,4
13439,4
38214,4
103085,4
194750,4
160102,4
144327,4
197197,4
106910,4
190763,4
9,4
62186,4
132648,3
115306,4
32103,4
139562,4
138544,4
190079,4
71856,4
47321,3
5623,4
187495,3
31803,4
51670,4
70573,3
156080,4
82469,3
78675,4
77290,4
195418,4
70811,4
78318,3
195065,3
186969,4
115376,4
8238,4
114609,3
47515,4
184082,4
53940,4
76164,3
202706,4
162727,3
84104,4
184789,4
162263,4
128321,4
98225,3
92812,4
195059,4
13601,4
25319,4
168726,4
92791,3
109367,4
128676,4
51958,4
172695,4
198168,4
163267,4
83625,4
130264,4
47984,4
100966,4
140136,4
124914,4
106579,4
140240,3
14992,3
18621,3
35691,4
124974,4
175943,4
178008,3
196763,4
56313,4
178182,4
119912,4
173226,3
110224,4
170590,3
9442,4
37759,3
146876,4
107075,4
91824,4
42840,4
29492,4
145224,4
169928,3
112769,3
19340,4
7749,3
161863,4
191646,4
195046,4
101363,4
109220,4
52031,4
107465,4
84158,3
46999,4
130607,4
47086,3
155045,4
53502,3
156107,4
41456,4
1567,4
84804,4
105143,4
176444,4
118113,4
99524,4
53599,4
70130,4
172879,4
60472,4
66369,4
74953,3
119737,4
51405,4
16909,4
154871,4
178675,4
30886,4
145837,3
63344,4
29627,3
40361,4
132528,4
193944,4
141730,3
114344,4
101935,4
88898,3
73923,3
68171,4
102770,4
27756,4
200608,4
91516,3
55472,4
124836,3
101339,4
28935,4
55499,3
162944,4
148353,4
158646,3
13046,4
2271,3
7857,3
66194,4
95131,4
150373,4
108507,4
134649,4
130144,4
32247,4
128955,4
98070,4
46151,4
87745,4
190375,4
202752,4
149759,4
17206,4
111678,3
190255,4
170064,4
147881,4
155865,4
51450,4
66929,4
86312,4
62120,4
31506,4
11390,4
95265,4
97351,3
101267,4
205439,3
155996,4
161781,4
177116,4
3270,4
120508,4
125896,3
139314,4
97412,4
139716,4
102942,3
93145,4
79442,3
115768,4
28089,3
132143,4
105714,4
22585,4
27894,3
21926,4
203793,4
188555,4
92827,3
30087,4
76244,3
68363,4
20938,3
90791,3
189403,3
44520,3
201400,4
1957,4
128471,3
164509,4
96997,4
17266,3
57533,4
180607,4
97786,3
195244,4
140252,4
179906,3
6670,3
172085,4
171509,4
205313,3
15269,4
99954,4
77522,4
7029,4
170360,3
132367,4
158457,4
185166,4
114891,3
2331,4
77759,4
26316,3
25919,4
140111,3
159671,4
168910,4
118677,4
88427,4
158420,4
128988,3
7132,4
61077,4
139389,4
129547,3
170029,4
136912,4
34272,4
36458,4
51791,4
10900,3
66095,3
137528,3
121762,4
181394,3
1262,4
37869,4
134887,4
142522,4
59511,4
105675,4
35726,3
72288,4
121429,3
185699,4
162250,3
159340,4
28888,3
1172,4
119166,4
127678,3
204717,4
143856,4
45622,4
82118,4
76073,4
165641,4
6783,4
89139,4
171254,3
26703,4
100642,4
5497,3
6487,4
148454,4
75670,4
146998,3
144470,4
22456,3
3197,3
1183,4
33211,4
183731,4
136367,3
72639,4
104906,4
71213,3
60762,4
93386,3
64330,4
53192,3
113438,4
119604,3
128348,4
162343,3
27877,3
199772,4
108161,4
76984,4
172968,3
143390,3
44692,4
149989,4
27105,4
50268,3
110913,3
52112,4
69013,3
125627,4
175784,3
46418,3
121456,4
77985,4
137588,4
2429,4
65909,4
130091,4
48084,4
87022,4
30971,3
98767,3
10566,4
175984,3
128679,4
579,3
32164,3
85618,4
82997,3
168280,4
141468,4
94822,4
32331,4
177742,3
115856,4
176214,3
90410,4
182898,3
12574,3
106357,4
145275,4
98660,4
146523,4
134056,4
202711,4
106051,4
83172,3
117696,3
198368,4
6167,3
27246,4
155743,4
3182,3
138629,4
143559,4
195260,4
113416,4
107171,4
112632,4
66680,4
137182,4
123772,4
183813,4
178128,4
13978,4
121589,4
101206,4
61458,3
119200,3
105622,4
177285,4
44641,3
130813,3
50259,4
81244,3
186674,4
182026,4
67137,4
106742,4
72487,4
92700,4
55854,4
199258,4
114087,3
190914,4
193128,4
192890,3
49257,3
164598,3
148842,4
87698,4
68641,4
185101,4
40660,3
84405,4
64936,4
109295,4
78060,4
65542,4
6702,4
135209,4
105102,3
20171,4
2751,4
12350,4
64431,4
102571,3
205743,3
6,3
56790,4
168763,3
45919,3
155728,4
150149,4
166006,4
124169,4
163802,3
23298,4
176653,4
93956,3
120379,4
56009,4
202821,3
99872,4
114940,4
37760,4
124711,3
23916,4
16905,4
122123,3
67401,4
16544,4
174027,3
139537,3
33138,3
32417,4
68823,4
26771,3
32055,4
19486,4
9877,4
188091,4
83599,4
61018,3
22567,4
187708,4
85386,4
27552,4
168428,4
151238,4
70400,3
131366,4
198193,4
112063,4
177573,3
152745,3
97441,4
48793,4
32054,4
45825,4
34867,4
132752,4
33901,4
92731,3
45232,4
164290,3
149662,4
63063,3
157965,4
48996,3
47636,4
81209,4
13377,3
180954,3
34731,4
76598,4
77342,3
82833,4
101614,4
86014,3
122257,4
113637,3
174067,4
150816,4
45,4
35272,4
82219,4
184210,3
83427,4
114118,4
71903,4
187702,4
10764,4
116005,4
138915,3
17057,4
117602,3
87048,4
57910,4
34270,4
52537,4
157385,3
84431,3
103229,4
8496,4
73083,4
5656,3
63732,4
167863,4
83021,3
189300,3
74493,4
53426,4
102012,4
189400,3
160785,4
122271,4
63639,4
83582,4
70539,3
199474,4
37230,4
114011,4
29854,4
134606,3
139530,3
174944,4
110119,4
156957,4
135602,3
69616,3
73420,4
69256,4
186936,4
194588,4
201393,4
132586,4
41072,4
109437,4
158595,4
173012,4
204682,4
119859,3
157758,3
54114,3
98898,3
147866,3
124794,4
65362,4
134141,3
71136,4
78837,3
134236,4
187939,4
63132,4
143653,3
104362,4
16926,4
59657,4
120439,4
37565,4
130541,3
111038,3
204582,4
48387,3
108118,4
166009,4
30722,4
76872,3
102503,4
172156,4
63286,4
109188,4
85366,4
96568,4
67117,3
61001,4
152609,4
93650,4
189371,4
194344,4
26674,3
60799,4
63845,4
51206,4
97009,4
112287,4
163897,3
68936,4
171866,4
132005,4
157126,4
192442,4
156015,4
145351,4
12769,3
3034,4
187496,4
105068,3
35906,4
90234,4
137371,4
67854,4
170328,4
11857,3
147929,3
115354,4
90633,4
39306,4
101688,3
39795,3
26311,4
173387,4
79807,4
136937,3
173910,3
90168,3
29992,4
115161,4
186850,4
74536,4
20609,4
11395,4
4854,3
89167,3
35617,4
129428,4
5637,3
49733,3
136800,4
126815,3
169615,4
106810,4
72859,4
79246,4
90370,4
10495,4
48535,4
78066,3
8262,3
138476,4
44708,3
75622,4
83675,3
126588,3
168562,4
129724,4
63058,3
67663,4
177402,4
165098,4
185539,4
17237,4
188340,4
152437,4
136845,4
121304,4
100599,3
123722,4
27166,4
170117,4
1087,4
131052,4
64294,3
103394,4
90891,4
142990,4
38730,3
17197,4
5298,3
155780,3
35084,4
198202,4
153023,4
48031,3
6829,4
9933,3
66152,3
139429,4
35103,3
29981,3
125834,4
123598,4
201364,4
191864,4
71245,4
103563,3
460,3
106203,3
110304,4
149731,4
192480,3
1900,4
172199,4
163512,4
177939,4
113979,3
5282,4
49682,3
87299,4
3096,4
66277,3
198108,4
119909,3
67738,3
200182,4
49760,4
72457,3
84799,4
30018,4
5388,4
50043,4
131767,4
162107,3
89891,3
137790,4
148134,4
82524,4
133318,4
2054,4
179868,4
200207,4
9649,4
116819,4
181912,4
148591,3
179509,4
35380,4
119489,4
31228,4
111303,3
25453,4
111911,4
79162,4
77449,4
140503,4
34335,4
60083,4
51901,4
88961,4
113240,4
76457,4
83464,3
91515,4
168682,4
170877,4
15646,4
128219,4
93653,4
150258,3
193633,4
96686,4
175528,4
83810,3
131334,3
72565,4
128315,4
104917,4
9934,3
64548,3
189188,4
72072,4
159283,4
162846,4
2414,3
166578,3
166929,4
105329,4
199956,4
153596,3
80430,4
110762,4
93496,4
35007,4
145362,3
130713,4
98487,4
131322,4
43254,4
135837,4
142141,3
118018,4
42734,3
51582,4
144759,4
144656,4
129656,4
132133,4
40673,4
59589,4
121091,4
75489,4
126730,4
192990,3
174033,4
21391,3
187269,4
199628,4
202859,4
189073,4
164532,4
99705,4
98057,3
91684,4
53790,4
108353,4
149508,4
66912,4
180125,4
19294,4
146898,3
89454,3
83672,4
205891,3
68412,4
158157,4
183069,4
46690,3
143519,4
63252,4
113483,4
136886,4
81322,3
83826,3
155749,4
179331,4
58579,4
96967,4
171121,4
133097,4
151851,4
36476,3
154326,3
69390,4
149694,4
99530,4
76838,4
42940,4
147700,3
37648,4
59047,4
18892,4
130702,4
168051,4
193688,4
69690,3
171849,4
34516,4
71620,4
27194,4
150977,4
15263,4
171715,3
193410,4
191078,3
156132,3
159662,4
178559,4
203753,4
55508,4
107445,4
52216,3
66338,4
86249,4
83846,4
198981,4
142206,4
38969,3
129627,3
6178,4
41871,4
65171,3
88728,4
28409,3
196815,4
75340,3
126269,4
182714,4
153143,4
121942,4
201515,4
83865,4
11864,4
89888,4
61166,4
174436,4
15027,4
132887,3
32947,3
132867,4
144944,3
21501,3
40533,3
62865,3
78903,4
163583,4
61511,3
10407,3
97012,4
62457,3
36275,4
47228,3
128682,4
60255,4
198605,4
145291,4
97086,3
137390,4
79500,4
67275,3
157061,3
177248,4
26957,4
142896,4
131088,4
110298,4
51898,4
194852,4
76329,3
171437,4
134739,4
123369,3
101631,4
75146,4
73361,4
61466,4
135151,4
9289,4
137684,4
148998,4
63486,4
196176,3
70150,4
9698,3
17523,4
92626,3
137088,4
145459,4
71710,3
78069,4
180025,3
109777,3
80084,4
169665,3
195801,4
130,4
141769,3
22764,3
45660,4
201013,4
42540,4
40933,4
162563,3
163403,3
117270,4
195409,4
41769,4
179851,4
66300,4
21947,4
172504,3
159503,4
80678,4
101782,4
116024,4
147081,4
50521,4
33521,3
141178,4
38011,4
161841,3
166674,4
141052,4
35714,4
27058,3
26087,3
183829,3
171950,3
199844,4
113631,4
666,3
134180,3
39404,4
56129,3
13324,4
34298,4
130776,4
145394,4
64560,4
75777,4
7920,4
590,4
153158,4
30549,4
154376,4
180445,4
65878,4
51428,4
5596,4
12296,4
27597,4
51038,4
11364,3
150493,4
192174,3
45789,3
113975,4
97583,3
129483,4
62714,4
67404,4
11572,3
182626,4
85747,4
22300,4
129373,4
159159,3
175880,4
65650,3
76709,4
197788,4
192351,4
187474,4
91964,4
808,4
20913,3
61212,3
167933,4
120639,4
151529,4
51354,4
16516,4
79519,3
153635,4
166224,4
84232,4
200517,4
95497,4
129407,4
62826,3
58327,4
78041,4
119285,4
30879,4
9673,4
182727,4
75896,4
103915,4
21811,4
12412,4
177000,3
19889,4
100771,4
204453,4
121618,4
58292,3
204094,4
120432,4
178455,3
126809,4
7091,4
169094,4
42608,4
19044,4
88471,4
100784,3
3959,3
204871,4
192736,4
18577,4
82430,4
126681,4
183372,4
61067,3
128381,4
814,4
130272,3
74887,4
153776,3
75827,4
103050,4
25309,4
169499,4
127454,4
952,4
203148,4
204275,4
119135,4
108226,3
6316,4
53378,4
86859,4
180085,4
89534,3
63584,4
181318,4
164324,4
8950,4
7126,4
187145,4
138107,3
95388,3
60998,3
117181,3
72172,4
138802,4
17041,3
180790,4
149234,4
40561,4
85541,4
165677,4
190520,4
182861,4
181501,4
200219,4
62785,3
178282,4
57234,4
82326,3
101868,4
91624,3
87591,4
76755,4
124323,3
77758,4
23882,3
98253,4
36566,4
188110,4
194785,3
198001,4
7458,4
192772,4
26254,3
116175,4
58500,4
137415,3
194689,3
205498,4
142617,4
50800,4
18849,4
86549,4
61209,4
204696,4
75100,4
131321,4
38389,3
142111,3
164091,4
136593,3
133211,4
174239,3
181613,3
129478,3
147807,3
79211,4
101450,3
114123,4
39503,3
810,3
9909,4
163573,4
41102,4
21716,4
63401,4
185265,3
60783,4
176542,4
48025,4
188088,3
36322,4
100963,3
9566,4
10177,3
102506,4
185714,4
60376,4
89194,4
205662,3
38154,4
67488,4
155160,3
148741,3
106229,4
107557,4
30563,3
171193,4
26675,4
123540,4
24869,4
79808,4
59058,4
139927,3
102740,4
33701,4
76125,4
131018,3
82527,4
184887,4
51210,3
138245,4
169623,4
53383,4
106199,4
60736,3
72561,3
72170,4
124584,4
92178,4
134233,4
166569,4
18941,4
6343,3
112381,4
166199,4
107766,4
63968,3
74302,4
83224,4
162604,4
131869,4
173744,4
46311,4
154314,4
133556,4
119795,4
148518,3
182682,4
96191,4
78128,4
119415,3
87679,4
171287,4
160180,4
163013,4
149216,4
187518,4
113772,4
175895,4
202220,4
183225,4
13925,4
32291,3
92320,4
17543,4
148311,3
125090,3
128290,4
170385,4
190210,4
127037,4
154400,3
48779,4
90459,3
151173,4
46362,4
24997,4
116835,4
41810,3
106346,4
38662,4
24510,3
137801,4
176600,3
34163,4
122351,3
183993,3
61551,3
183289,4
43609,4
179453,4
188865,4
102878,4
183999,4
161282,4
96358,4
30315,4
103320,4
116649,4
12649,4
156435,4
100147,4
95959,4
128879,4
55220,4
180257,3
48073,4
99367,4
74480,3
188190,4
108420,4
143844,4
125998,3
188076,4
197051,4
189665,3
90913,4
125742,4
19316,4
73647,4
18028,4
142130,4
163196,4
23993,3
168503,4
184850,4
100234,4
87671,3
87344,4
102035,4
34167,4
50197,3
194160,3
58878,3
12061,4
43372,3
91291,4
198243,4
16134,4
185379,4
47776,4
34185,4
58939,4
182610,4
204344,4
193193,4
180371,4
45829,4
54295,4
4513,4
8774,4
102909,4
116493,4
59891,4
62984,3
19630,4
44270,4
98496,4
41573,4
80719,4
200024,3
28034,3
153927,4
105516,3
199585,4
201598,4
30862,4
23114,4
41307,4
153380,3
151545,4
345,4
193531,3
83309,4
16627,4
203374,3
93265,4
95216,4
157099,4
195226,3
86204,4
44346,4
85089,4
57413,4
136143,4
50124,4
154594,4
117433,4
49172,3
45314,4
53988,4
191275,4
89677,4
29246,4
189821,4
152839,4
38634,4
164714,4
113994,4
76496,4
175129,3
162949,4
181852,4
124413,3
63497,3
14611,3
133311,4
178250,4
114401,4
105412,4
132623,3
185628,4
15678,3
157300,3
201254,4
88421,3
151863,4
39069,4
32629,4
63115,3
161057,4
263,3
195341,4
188111,4
77117,4
158574,3
173109,4
185933,4
188583,4
176702,3
25181,3
122736,3
116234,4
73044,4
99501,4
40909,4
55642,4
179392,4
191390,4
47226,4
94017,4
177383,4
21793,3
150916,4
3132,4
55859,4
37571,3
84939,3
115076,4
153002,3
79687,4
34026,4
78391,4
154957,3
99154,3
93761,4
167277,4
167240,3
160235,4
148118,4
56614,4
196050,4
153790,4
139180,4
198088,4
115636,4
50659,4
201131,4
193958,4
186323,4
187399,4
76211,4
49390,4
172101,4
66273,3
50468,3
114721,4
142750,4
193315,4
89992,4
182229,3
39049,4
136823,4
126162,4
121127,4
171986,4
170747,3
188955,4
130037,4
156276,4
52245,3
125974,3
127885,4
148791,4
162014,3
146506,4
134731,4
161871,3
181169,4
91421,4
101608,4
40166,4
19724,4
195593,3
128046,4
115828,4
111746,4
137685,4
9017,4
88072,4
161011,4
179459,4
166875,4
45210,4
169541,4
18890,3
13042,4
85674,4
191342,4
99455,4
22803,4
116507,3
166103,4
53866,4
150646,4
4511,3
49489,3
46947,4
33693,4
138777,4
48807,4
103528,4
36632,3
109291,3
18976,3
92805,4
77324,4
18823,4
36772,3
169556,3
49041,4
153253,4
40079,4
167101,4
52563,4
152869,4
67487,4
21496,4
9416,3
70472,3
105882,4
60732,3
45342,4
48640,3
94523,4
50211,3
3914,4
7570,4
71162,4
130946,3
64237,3
179630,4
61664,4
108164,3
20138,4
72046,4
140032,4
24637,4
167540,3
33750,3
178269,4
53097,4
28090,4
79113,4
161798,4
171438,4
167235,4
8026,4
46194,3
177236,4
10524,3
154665,4
94780,4
111441,4
81457,4
6995,3
23063,4
203207,3
98913,4
182486,4
46333,4
73206,4
38663,4
72440,4
99291,3
195119,4
118142,4
76000,4
155814,4
76235,4
57248,3
1934,4
4745,4
114295,4
205221,4
65343,4
68808,4
171777,4
11644,4
52648,3
179991,4
169475,4
39891,3
112997,4
31844,3
117123,4
178941,4
157082,3
171262,4
2264,3
151510,3
43465,4
32547,3
69591,4
49022,4
185787,4
128211,3
140427,4
156704,4
17678,4
23147,4
52909,3
157286,4
50415,4
101655,3
116982,4
185089,4
191936,4
34149,4
2400,4
162721,4
27446,4
104447,4
56660,4
58111,4
35034,4
188897,4
155168,4
116629,4
16872,4
98637,3
44654,4
33144,4
138088,4
203525,4
202047,3
16427,4
141791,4
29410,3
115062,3
92273,4
19597,4
112509,4
9654,3
162036,4
24886,4
137951,3
105593,4
37331,4
37354,4
189050,4
67641,4
21431,3
131964,4
180726,4
136372,4
190922,4
117523,4
170075,4
53552,4
90241,3
85962,4
194716,4
28189,4
38338,4
22550,3
50920,4
91527,4
96845,4
191071,4
169401,4
64034,4
128701,3
129986,4
70562,4
154956,4
184286,4
73591,4
10620,4
77846,3
165210,4
31243,4
18423,4
102761,4
122717,3
70534,4
123500,3
118560,4
155222,4
152895,3
186910,4
82897,4
198032,3
28726,4
111123,4
130531,3
123083,3
95864,4
99359,4
98653,4
416,4
170350,4
80786,4
136501,4
17342,4
21395,4
169400,4
126222,4
121464,4
25400,4
41058,4
153468,4
96432,4
174939,4
7155,4
6918,3
46380,4
61816,4
97096,4
19105,3
136428,4
191915,3
129134,3
102431,4
56010,3
166818,3
57273,3
158175,4
85556,4
202805,4
195571,4
60393,4
151306,4
39906,3
43919,3
28027,4
61754,4
91360,4
142619,4
123403,4
90258,4
61702,3
6211,3
203724,4
86908,4
90951,4
44276,4
79214,4
7142,4
13946,4
113387,4
71478,4
90825,4
96412,4
180710,4
31068,4
106,4
72149,4
2219,4
189113,3
191404,4
120453,4
92222,4
121748,4
19997,3
47789,4
61888,3
1395,4
141515,4
11466,3
61921,4
127922,3
75575,4
189200,3
70828,4
162237,4
53442,4
130141,3
165535,4
99477,3
164371,4
94354,4
47585,4
138502,4
9700,4
123761,4
17771,4
119776,3
144455,4
161607,4
65899,3
115413,3
119571,4
29376,4
112027,4
152814,3
139569,4
171728,3
114342,4
202528,4
143500,3
85929,3
101574,4
62773,4
72727,4
27989,3
55658,4
132405,3
65546,4
139280,4
201031,4
133423,4
103043,3
25567,4
35000,3
2870,4
123766,3
18033,4
130458,4
200280,4
181138,4
167952,4
173611,4
119056,4
83048,4
158237,4
166588,3
124019,4
24320,3
172093,4
6327,4
72519,3
142798,4
153091,4
32059,3
205184,4
56090,4
160728,3
127139,3
58359,4
45458,4
98508,4
41857,4
132854,3
29719,4
119973,4
26769,4
170148,4
203863,3
91156,3
46067,4
178422,4
65578,4
47106,4
12563,4
126318,4
131477,4
141270,4
196880,4
185943,4
160752,4
181724,4
122808,4
64351,3
136780,4
57528,3
142202,4
196332,3
147159,3
63826,4
11701,4
68925,4
10423,4
107531,4
182450,4
190612,4
96938,3
200610,3
167659,4
44957,4
161303,3
49220,4
47920,3
84342,4
75144,4
169515,4
17956,4
83519,4
27808,4
83491,4
16507,3
128199,3
179396,4
104519,3
56381,4
187844,4
193871,4
15877,4
164178,4
24183,3
166010,4
134140,4
57926,4
6415,3
59678,3
22687,4
100662,4
196612,4
64395,4
139224,4
103572,4
38621,4
177741,4
190022,4
125638,3
42456,4
164002,4
33641,3
204836,4
126356,3
112741,4
90817,4
39072,3
61537,4
154451,3
138211,4
23104,3
175426,4
47388,4
53484,4
196629,4
29521,4
175882,4
1507,4
57220,4
39132,4
133822,4
204546,4
2854,4
179197,4
200486,4
168965,4
77144,3
3330,4
186542,4
117812,4
58078,3
178249,4
146660,3
55309,4
146656,4
184339,4
63090,3
151089,4
166745,4
31531,3
32112,4
70915,4
22910,4
89268,4
202298,4
98329,4
191955,4
204195,4
2042,4
201697,4
202704,4
14286,4
161989,4
88522,3
157899,4
142565,4
22806,4
182341,3
37372,4
8103,4
201480,4
67253,4
189819,4
176087,4
109166,4
182436,4
57552,4
10904,4
168653,4
35682,4
196183,4
11339,3
75438,4
165450,4
146425,4
150104,4
24916,4
195209,4
8522,4
146115,4
153767,4
26034,3
155093,4
45261,3
154891,4
96302,3
15947,3
84412,3
204926,4
180998,3
36920,4
115965,4
125110,4
147174,4
43648,4
114298,3
45050,4
70015,4
93565,4
172832,4
194427,4
34203,4
10281,4
106219,3
30170,4
181606,4
176140,4
186385,4
46555,3
37584,4
121129,4
150861,4
80372,4
143912,4
29444,3
125547,3
72887,3
187549,3
186852,3
143589,4
160125,4
40380,4
158017,4
17412,3
184535,4
159286,3
181798,4
180588,4
200896,4
22383,3
95190,4
79266,3
53736,4
63861,3
52674,3
3288,4
83857,4
35292,4
15693,3
181395,4
67760,4
37490,3
159551,4
184934,4
142594,4
21483,4
106791,4
142134,4
129666,4
8642,4
83160,4
198234,3
13436,4
15134,4
38479,4
89238,4
52273,4
74888,3
169804,4
164666,3
18070,3
113649,4
200562,4
93313,4
161694,3
2448,4
94363,4
23661,4
55413,3
40951,4
64607,4
203704,4
185923,4
114834,4
160312,4
75326,4
114637,4
136766,3
102755,4
117569,4
157391,4
53839,3
95983,4
124096,3
116446,3
179523,4
169042,4
51855,3
34931,4
24248,3
69492,4
194694,4
75944,4
178020,3
178043,4
24452,3
88885,4
162796,4
158696,3
140771,3
92560,4
176134,4
35658,4
111496,3
39798,4
22160,4
136549,4
194677,4
176370,3
180482,4
135201,3
84311,4
115846,4
120189,4
184514,3
115621,3
190579,4
170790,4
167102,4
10991,4
32470,4
69015,3
145937,4
130548,4
80983,3
20443,4
196497,4
29714,4
71430,4
90747,4
17963,4
18982,3
24325,4
60498,4
38335,4
127682,4
67793,4
10275,3
159173,3
22905,4
20778,4
188730,4
204105,3
17314,3
20470,3
136326,4
93705,4
95689,4
40106,4
130303,3
16453,4
84756,4
33502,4
170799,3
78222,4
115464,4
70581,4
86368,4
39651,4
73329,4
179339,4
133884,4
198554,4
18502,4
71449,4
115534,4
178152,4
75874,4
85560,4
163693,4
206122,3
199113,4
198889,4
15618,4
7657,4
189922,3
65582,4
81061,4
197986,4
140298,4
82773,4
197867,4
38990,3
161216,4
70325,3
146367,3
139263,4
4571,4
108424,4
24866,4
204637,4
204488,4
202407,3
82484,4
138726,4
123596,4
191002,4
65126,4
183215,4
67577,3
199012,4
133034,4
80757,4
68274,4
151183,3
46007,3
194293,4
165469,4
67882,4
136349,4
125262,3
72923,4
32677,4
92555,4
20523,3
192405,4
3699,4
53011,4
153505,4
190446,4
146569,3
40730,3
196186,4
17176,4
26545,4
126157,4
17322,3
43556,4
147421,4
183294,4
145098,4
204519,3
14625,4
4020,4
1765,3
13808,3
9153,4
3486,4
145153,4
44546,3
198158,3
95149,3
140068,3
52631,3
87313,3
31141,3
79528,3
23649,3
174056,4
181938,3
180424,4
92089,3
62041,3
127592,4
35738,4
16565,3
104291,3
142192,4
42674,4
34216,4
6997,4
17552,4
117600,4
150222,4
148952,4
197998,4
158596,3
188613,4
141466,4
15500,4
89958,3
129517,4
76189,4
74855,4
103386,4
33674,4
8299,4
205894,3
136126,4
124921,3
8850,4
39440,4
199971,3
71175,4
32170,3
135696,3
126014,3
179712,4
158905,3
147210,4
3035,3
141262,4
43270,4
79316,4
157918,4
22864,4
72483,3
174731,4
61217,4
79501,4
179495,4
108962,3
135233,4
38012,4
1010,4
64176,3
180009,4
82117,3
134160,4
111702,4
178429,4
178626,4
197106,4
43616,4
151730,4
154223,4
86325,4
50203,4
144448,4
71886,4
5136,4
82952,3
153942,4
88324,4
110764,3
151534,4
140472,4
150623,4
95051,4
147531,3
199865,4
32792,4
127637,4
10749,3
68485,4
180869,4
80399,4
177120,3
194911,3
177477,3
83156,4
133274,4
75314,3
52134,4
169059,4
172038,4
12089,3
110536,4
63918,4
193196,4
4662,4
106802,4
65437,4
133019,3
156476,3
177598,4
200359,3
92241,4
151019,3
171911,4
45598,4
61861,4
156923,3
202987,4
76864,4
106415,3
7195,3
98157,4
199809,4
186374,4
198413,4
163276,4
195273,4
152065,4
15275,4
84976,4
92780,4
31854,4
77040,4
82413,4
59298,3
84191,4
151587,3
395,4
57736,4
143861,3
203405,4
8151,3
81254,4
147343,3
33561,4
134770,4
6397,4
82189,3
104578,4
88419,4
73760,3
75216,4
140622,4
68701,4
15737,4
185147,4
150297,4
102495,3
108107,3
1794,4
6225,3
174298,3
123922,3
195353,3
60455,3
194511,4
158408,3
80538,4
159071,4
3227,4
174506,4
143333,4
200379,4
112333,4
78575,4
18174,4
114169,4
192461,4
175508,4
74280,3
128898,4
65762,4
117066,4
81959,4
78828,4
103200,4
169514,4
11668,4
92806,4
45095,3
55414,4
69127,4
169609,3
153816,3
65544,4
193739,3
94181,4
125148,4
189271,4
99889,4
49415,4
100398,3
136070,4
98383,4
167320,3
140546,3
14046,3
74966,3
175650,4
120346,4
96632,4
187758,4
148400,4
100045,3
46162,3
43370,3
76895,4
189054,3
201535,4
98574,3
114160,4
167137,4
101991,4
199296,4
127149,3
120816,4
25436,3
143170,4
88053,4
37368,4
20526,4
17183,3
75361,3
118748,4
23126,4
17763,4
134155,4
56828,3
150961,4
58998,4
197065,4
96133,3
154855,4
145632,4
82450,4
13298,4
176992,4
92610,4
201321,4
52428,4
91098,4
121631,4
79293,4
24033,4
41939,4
14839,4
130645,4
66941,4
112404,4
113566,4
97538,4
82786,4
52055,3
6752,4
165637,3
156741,3
91852,3
122881,3
193894,3
117515,4
197091,3
8733,4
180429,4
164931,4
158514,4
183992,4
14913,4
124847,4
9454,3
183655,4
189918,4
93610,3
20550,4
122999,4
51731,3
201756,4
37246,4
28014,4
199787,3
120626,4
78405,4
6617,4
134850,4
153784,4
113378,4
137016,4
101059,3
199301,4
136401,4
11560,4
99387,4
43285,4
40070,4
176661,4
70901,4
193239,4
44567,4
190822,4
57746,4
81581,4
144919,3
192388,4
186553,4
111495,4
26723,3
170307,4
149464,3
132388,4
56012,4
108411,3
197412,4
84594,4
24218,4
125522,4
198259,4
170795,4
11284,4
67062,4
161082,4
27231,4
20412,4
114946,4
2725,4
77666,4
158418,3
173002,3
76964,4
41015,4
115948,4
33469,4
77452,4
57393,4
36327,3
61280,3
148034,4
110838,4
46015,4
194866,4
87989,3
67180,4
123194,4
88815,4
44702,4
191938,4
134924,4
81132,4
53594,4
177951,3
187380,4
77544,4
67034,4
92100,4
141341,4
192471,4
155802,4
111101,4
66230,4
33679,4
14239,4
185566,4
195011,4
78809,3
192504,4
202226,3
137163,4
194202,4
9708,4
101174,4
87945,4
153603,4
139118,4
134455,4
24934,4
156157,3
68432,4
45170,4
181945,4
165632,3
63297,4
22247,4
106332,3
39571,4
126973,4
99765,3
14520,4
24311,4
123362,4
152479,4
143837,4
62029,4
78094,4
44221,3
147729,4
150276,4
29295,4
187087,4
93408,4
91232,3
143669,3
75106,4
165368,3
63326,4
68753,3
73831,4
83842,4
151661,4
67019,4
32916,4
109410,3
2820,4
160204,4
201381,4
67144,4
58746,4
178887,3
12521,3
130166,4
8729,4
8773,3
183730,3
48874,4
187862,4
100140,4
111328,4
199608,4
128135,4
67355,4
153917,4
73282,4
139584,4
137994,4
57588,4
29421,4
84556,4
20573,3
201911,4
15782,3
10116,4
195109,4
185966,4
189963,4
39606,4
136806,4
40263,3
61996,3
146702,3
156,3
33170,3
119626,4
150669,4
32206,4
146579,3
90827,3
52344,3
35869,4
47675,4
47261,4
105374,4
132297,4
70781,3
179157,4
55422,4
155062,3
190939,3
81911,4
141433,4
204971,4
194286,4
148387,4
172820,4
3622,3
205415,4
156528,4
118106,4
29435,3
78205,4
116281,3
95941,3
90209,4
136098,4
163571,4
164490,4
19706,4
153256,3
45957,4
37828,4
109422,4
94528,4
100059,4
4710,4
18520,4
178142,4
89606,4
194059,4
54148,4
165197,4
53138,4
39659,3
175954,3
59659,4
36348,4
187586,4
114632,4
47023,3
157440,4
54484,4
7594,4
22310,3
163103,4
102097,4
150762,3
177991,4
96939,3
148008,4
63340,4
122527,3
123225,4
37589,4
117372,4
7204,4
122774,4
31155,4
84840,4
46057,4
53211,4
154553,3
72804,4
91269,3
90723,4
146713,4
3424,3
175504,3
17471,4
143918,4
151467,4
7032,4
138919,4
74304,4
23070,4
190619,4
190683,4
50312,4
99658,4
194254,4
195926,3
176150,3
124732,3
129850,4
84633,4
168781,4
73842,4
148674,4
77519,4
126481,4
88172,4
1942,4
182248,4
87452,4
202136,4
139393,4
154099,4
177839,4
63421,4
40550,4
179117,4
97217,4
153545,4
78156,4
150041,4
141622,4
43386,3
149970,4
20168,3
189745,4
24549,4
67756,3
104090,3
22811,4
121209,3
123702,4
26095,3
187299,4
187476,3
204815,4
192697,4
29496,3
142840,4
198320,4
35507,4
120771,3
74019,3
2560,4
95145,4
65889,4
40571,4
74390,4
54457,3
143483,4
148703,3
119716,4
47555,4
79833,3
106134,4
131286,4
201704,3
40642,4
43773,3
68324,4
100426,4
91117,3
15878,4
196020,4
22563,4
42324,4
9908,4
90445,3
101272,4
85053,4
189611,4
173058,4
199503,4
97495,4
20310,4
9820,4
43313,3
152661,3
21907,4
197451,3
167455,3
40793,4
61120,4
173305,4
135935,4
108134,4
128779,4
151517,4
159265,4
184845,3
128353,4
14030,3
8989,4
189789,3
23532,4
47463,4
182349,4
30254,4
87323,3
111705,3
160614,3
121852,4
112724,4
73572,4
181562,4
3972,4
40635,4
190642,4
44524,4
94571,4
110914,4
5264,4
154234,3
125383,4
160128,4
24824,4
85642,4
11975,3
178302,4
42911,4
109902,4
139919,4
5351,3
37454,4
39652,3
21613,3
197015,4
61072,4
174959,4
81304,3
176110,4
27677,3
66682,3
20647,4
47595,4
46587,4
112715,4
22105,3
67234,4
110983,3
116365,4
134547,4
195890,4
54514,4
18505,4
115981,4
56862,4
199623,4
123555,4
17828,3
15288,4
32647,3
136313,4
95759,3
186263,4
186923,4
5600,4
61401,3
45615,4
134445,4
85981,4
67122,4
154633,4
163127,4
61373,4
45888,4
12695,4
23338,3
197783,4
33482,4
80597,4
147775,4
48155,3
58279,3
115949,3
197927,4
160794,4
192400,4
70093,4
117673,3
167408,4
87193,4
26738,3
102390,3
173478,3
11621,4
145287,4
123703,4
158625,4
148173,3
11091,3
13679,4
29369,4
66651,3
145055,3
206205,4
46062,4
178806,3
150618,3
7621,4
151433,3
174091,4
83889,4
44059,3
178730,4
153280,4
55401,3
185578,3
91411,4
86887,4
36492,4
59477,4
23999,4
125625,4
83666,4
2559,3
28652,4
173103,4
29646,4
18057,4
157095,4
39819,3
55740,3
51977,4
45178,3
30437,4
117857,4
40948,4
182139,4
85568,4
65144,4
42663,4
171045,4
97274,3
8053,4
127232,4
120332,4
194999,4
37229,3
70544,3
10058,4
38759,4
51216,4
24460,4
123064,4
188104,4
107995,4
74850,3
1961,3
16203,4
96769,4
167397,4
181842,4
140227,4
88127,4
67392,4
60574,4
97541,4
197987,3
22718,4
34353,4
43463,4
156523,4
95066,4
52345,4
42977,3
37965,3
40643,3
100918,4
204906,4
107969,4
41358,4
39442,4
12225,4
121909,3
154002,4
38483,4
54387,4
15043,3
132385,4
162850,4
108775,4
36313,4
167705,4
163182,4
175259,4
175791,4
130095,4
31843,4
11954,4
27020,4
144477,4
57054,3
68269,4
180871,4
74693,4
205015,4
202937,4
45884,4
173586,4
49180,3
185386,3
92969,4
33997,4
153409,3
53703,3
107097,4
128286,4
68242,4
130347,3
101676,4
2170,4
46533,3
10180,4
62872,3
49997,4
78720,4
148735,4
168135,4
184179,4
74047,4
7199,3
30805,4
135700,4
131494,4
112538,4
182107,4
18024,4
141136,4
39692,4
32973,3
171007,4
119751,4
13210,3
179371,4
84062,3
56492,4
81579,4
99960,3
186738,4
204934,4
33296,4
148755,4
171637,4
170572,3
12352,4
203629,4
139492,4
16767,3
108174,4
196556,4
28806,4
171468,4
76653,4
139725,4
197790,3
89116,3
77528,4
44248,4
140318,4
54650,4
19806,4
170137,3
4953,4
141199,4
130351,4
80388,4
77560,3
118921,3
49872,3
123049,4
178940,3
89199,3
16279,4
10736,4
72425,4
154113,4
167900,3
169244,4
26511,4
47881,4
28353,4
169136,4
77054,3
171645,4
166650,4
73389,4
165130,4
203279,4
180864,3
127621,4
187119,4
133405,4
49285,4
110192,3
103170,3
41902,4
65210,4
43983,4
23778,3
19284,4
192534,4
195676,4
177491,4
180701,4
69429,3
87353,4
189038,4
113435,4
54583,4
134364,4
51316,3
100999,4
126181,3
142043,3
92613,4
41825,4
116117,4
19088,4
111342,3
53692,4
128757,4
104420,4
46689,4
167784,4
137030,4
130367,4
134027,4
20291,3
144152,3
100533,4
52754,4
19616,3
184234,4
140086,4
140885,4
159275,3
149258,4
105743,4
148020,4
78450,4
108810,4
73244,4
138666,4
128491,4
18405,4
9348,3
39510,4
121214,3
59440,4
184464,4
63157,4
29395,4
153897,3
16101,3
165509,4
78572,3
37737,4
44412,4
149123,4
142537,3
107963,3
34802,3
107803,4
67684,4
71534,4
81095,4
134032,4
43053,3
8707,4
111709,4
162556,4
143056,4
25354,4
173003,3
10587,4
194796,4
40781,4
116484,3
83777,4
6263,3
11932,3
154669,3
21223,3
156508,4
65101,3
175953,4
165619,4
23252,4
41069,4
114763,4
97681,4
106176,4
63976,4
2390,4
29153,4
198735,3
102177,4
128715,4
69282,4
184157,4
82051,4
57807,4
46201,4
168581,3
191740,4
7901,4
172419,4
35104,4
182563,3
170149,4
23801,3
180409,4
196370,3
103691,4
192775,3
60946,4
58135,4
64823,3
108818,4
121013,4
47594,3
87636,4
47072,3
189868,3
93170,3
160685,3
172565,3
126696,4
81588,4
105781,4
45718,3
52507,4
120704,4
113639,4
68598,3
120176,4
97324,4
117177,4
185165,3
95217,4
147806,3
129295,4
127989,4
52813,4
62810,4
189512,4
160486,3
151420,3
133773,4
170947,4
81889,4
161085,3
39582,3
160086,4
199314,4
150169,3
141458,4
62441,4
38989,4
81084,4
146094,4
96988,4
53717,3
168112,4
47997,4
118224,4
32260,3
110825,4
8658,3
9634,4
202734,4
117990,3
124615,3
121797,4
104873,4
46282,4
50319,4
107601,4
79178,4
2687,3
9463,4
33564,3
141245,4
53624,4
57571,4
27013,4
165443,3
182043,4
148981,4
103387,4
158427,4
142737,4
41368,3
192986,4
51676,4
121292,4
188838,4
168181,3
15630,3
152791,4
30217,4
80686,4
188182,4
56116,4
159652,3
115774,4
25066,4
48161,3
196647,4
63041,4
81481,4
157942,4
86818,3
195340,4
76146,4
136267,4
108828,4
7176,3
194340,4
47734,4
14925,4
19097,4
198006,4
40428,4
201067,4
88205,4
166248,4
2296,4
13321,4
62949,4
105146,4
133022,3
163318,3
104274,4
109116,4
116355,3
87510,4
149663,3
42521,4
5654,4
42114,4
35511,4
37091,3
121552,3
204972,3
92873,4
89840,4
140961,4
95080,4
96313,4
25994,3
26350,4
101542,3
36817,4
200987,4
1144,4
175736,3
15122,3
20271,4
128888,4
200881,4
73975,4
133541,4
1870,4
169184,3
27831,4
83031,4
88545,4
196632,4
88709,3
73970,4
184905,4
182881,4
48543,3
5385,4
134856,3
41755,4
83584,3
184407,4
143751,4
39534,4
101710,4
185210,3
123542,4
155559,4
154534,4
135615,4
177235,4
161653,4
50965,4
93181,4
150003,3
174872,3
56691,4
168844,3
51560,4
193787,4
201395,3
140880,4
161591,3
94964,3
88574,3
184818,4
91103,3
65613,4
64872,3
163025,4
74684,4
134507,4
190462,4
24413,4
117311,4
161510,4
150038,4
198675,3
138393,4
99936,4
88357,4
29434,4
179024,4
152887,3
13163,3
83010,4
146657,4
194791,4
105083,3
107401,4
174982,4
14302,4
445,4
84772,4
175178,4
177506,4
185193,4
36874,4
67737,3
39950,4
199617,3
53729,4
61562,4
138403,3
33910,4
69875,4
166331,4
13742,4
25279,4
11951,3
105678,4
28461,4
122909,4
178895,4
122274,4
87339,3
83516,3
100186,4
162136,4
204542,3
1190,4
194614,3
202022,4
200071,4
92064,3
35098,4
135218,4
166155,3
121779,3
95235,4
68181,4
171137,3
76897,4
10551,4
160491,4
98945,4
167660,4
173000,3
158835,4
114168,4
67720,4
154473,4
168028,4
188873,4
173260,3
181162,4
112362,4
203722,3
97261,4
88180,3
42083,3
156752,4
183255,4
104547,4
1229,4
192005,4
183632,4
178406,3
51166,4
110134,3
190142,4
114543,4
179706,3
172996,3
102855,4
20797,4
25772,4
12000,4
148779,4
31745,4
62154,4
171326,4
116426,4
112028,4
78014,4
45470,3
194217,3
34096,4
107908,4
125035,3
84212,3
132482,4
151026,3
70209,4
206134,4
6406,4
49190,4
16398,4
62125,4
51107,4
72426,3
1950,3
35199,4
165285,4
28416,4
43471,4
149879,4
57944,4
184330,4
143957,3
12500,4
65696,3
78777,4
11610,4
99748,4
17632,4
84293,4
38302,3
160533,4
113788,4
113267,4
93365,4
114553,4
121072,3
121074,3
11291,4
118791,4
62149,4
46440,4
73323,4
168042,4
146217,4
206100,4
74833,4
173237,4
30784,4
122480,4
201461,3
139664,4
178066,4
149119,4
9759,4
90972,4
106244,4
114144,4
163145,3
22816,4
161134,4
141908,3
55389,4
23704,4
130672,4
142623,4
30914,4
107367,4
184013,4
85393,4
14340,3
8663,4
191858,4
72929,4
175672,4
120188,4
102182,4
169699,3
45148,4
15259,4
57928,4
97420,4
18667,4
100897,4
81988,4
67910,4
6741,4
76572,3
104158,3
153890,4
109750,4
193759,3
29538,4
81427,4
56959,4
104428,4
72218,4
170379,4
84489,4
40121,4
69011,3
161006,4
181012,4
190789,3
194659,3
193402,4
61804,4
121159,4
52304,4
142252,4
113863,3
175476,4
192879,4
24770,4
51890,3
48257,4
181716,3
58473,4
10865,3
107027,4
153142,4
105824,4
146407,4
153847,3
142085,4
167238,3
31910,4
111455,4
66129,4
35696,3
156281,3
176380,4
28196,4
188526,4
7140,4
79813,4
153872,3
159647,3
180015,4
67051,4
143661,3
184540,3
158479,4
106192,4
61040,4
144124,4
121041,3
93015,4
26376,4
179142,4
87417,4
111135,4
1881,4
78811,4
31626,4
180458,4
30364,4
168139,4
47504,4
60511,4
128352,3
159566,4
51690,4
151841,4
48248,4
3820,3
143298,4
48130,3
24795,3
91795,4
164232,4
186092,4
33892,3
26612,4
48428,4
173880,4
93625,4
113007,3
33420,4
175722,4
98939,4
33758,4
200657,3
48508,4
7940,3
74606,4
75276,4
107871,4
91409,3
101111,4
28526,3
113972,4
192799,3
58591,4
46204,4
43294,4
142492,4
4749,4
12949,4
114003,4
165971,4
147588,4
22293,4
141153,4
180207,4
1248,4
22779,4
98130,3
96490,4
113120,3
106297,4
114369,4
17153,4
150098,3
42465,3
145487,4
185669,4
133369,4
50914,3
11834,3
91776,3
200022,4
105557,3
31702,4
170928,4
160516,4
188218,3
25737,3
182745,4
94340,3
128606,4
94821,3
136008,4
7577,4
45618,4
96968,4
153411,3
12333,4
125580,4
90007,4
150236,4
8798,3
168342,3
157989,4
13949,4
183582,4
58232,4
186758,4
173894,4
196753,4
195122,4
45079,4
55001,3
151952,3
100302,4
134055,4
183716,4
111252,4
39272,3
48088,4
173151,4
82962,4
53656,4
179822,4
166553,4
58689,4
162870,4
52687,4
92448,3
124021,4
67235,4
130975,3
96415,3
157694,4
33879,4
107556,4
75246,4
116958,3
205484,3
74392,3
16339,3
162758,4
137940,4
152347,4
8815,4
107183,3
38607,4
184977,4
57416,4
186255,3
113039,4
131408,4
183330,3
204310,4
17656,3
142253,3
166727,4
29771,4
88919,4
142069,4
187401,4
59832,4
56940,3
139143,4
74733,4
47161,4
164260,4
19305,3
98398,4
205956,3
189431,4
27365,4
54618,4
18229,4
151871,4
112190,4
181996,3
195649,3
24376,4
56123,3
140734,3
62268,3
184531,4
29728,4
162749,4
82994,4
80042,4
130618,4
127289,3
157469,4
101038,4
84863,4
38742,4
1098,3
76368,3
174441,3
28176,3
196542,3
52310,4
127527,3
50990,4
111973,4
31187,4
33580,4
184207,4
195050,4
94640,3
150539,4
28167,4
94096,4
94851,4
112518,4
42670,4
42443,4
24016,3
110414,4
92378,4
147689,3
189251,4
39893,4
45809,4
172424,4
68276,4
88123,3
40288,4
83387,4
13642,4
117714,3
54759,3
27970,4
54828,4
175701,3
33328,4
104205,4
24196,4
8196,4
185034,3
34116,3
42042,4
176343,4
202348,3
107614,3
96647,4
10994,4
53595,4
100395,3
19550,3
24585,4
33185,4
187588,4
124374,4
193327,3
105474,4
2545,3
87775,3
9134,3
114936,4
119408,4
204165,4
3921,4
28302,3
193097,4
179953,3
204078,4
33711,4
108399,4
94199,4
31938,3
41175,4
184853,3
51593,4
154170,4
34818,4
38066,4
142198,4
158758,4
31762,4
18963,4
61515,4
105628,3
193202,4
166303,4
134021,4
55554,3
102377,4
190873,4
24359,4
107521,3
176838,3
33201,4
190150,3
93946,3
122536,4
204428,4
114862,3
122174,3
154094,3
103774,4
60493,4
140249,3
96474,4
173276,4
16973,3
104892,4
27980,4
203899,4
44,4
194145,3
59700,4
206147,4
147894,4
21033,4
129325,3
18062,4
155235,4
139043,4
13331,3
204166,4
44302,3
198850,3
159344,4
42059,4
46105,4
179604,4
137832,4
126343,3
20597,4
123828,4
11748,4
66410,4
170812,4
129559,3
174653,4
90164,4
20680,3
139860,4
137714,4
79491,3
188149,4
95218,4
159476,4
47063,3
97477,3
40927,4
11787,3
3102,4
116758,4
18050,4
176056,4
62585,4
137264,3
167329,4
74670,4
124902,4
119700,3
38872,4
41156,4
125949,4
84281,4
193266,4
75454,4
184346,4
188913,4
17310,3
41452,4
99775,4
30107,4
10328,3
44855,4
78613,3
139798,3
124724,4
158504,4
1688,4
185213,4
47953,4
163882,4
99637,4
136716,4
155539,4
17516,3
20978,4
4810,4
66723,4
160201,4
80734,4
115209,4
27028,4
174322,4
28613,4
168579,4
188692,3
12189,4
157060,3
98427,4
177634,4
83627,3
142224,4
173240,4
61576,4
142689,3
107174,4
127274,3
34909,4
103978,3
8284,3
123808,3
107554,3
114426,4
6726,4
188596,4
4161,3
85170,4
40482,4
103667,4
105769,4
2137,4
124992,4
133840,3
70129,4
175128,4
34665,3
129214,3
122807,4
115907,4
204123,4
75560,4
59516,4
24237,4
110662,3
20295,4
163337,4
4828,3
160495,4
54175,4
169476,4
149875,4
180312,3
109820,4
190706,3
21577,3
95376,4
57206,4
201224,4
89476,4
18444,3
128029,4
69389,3
48856,4
69301,4
186186,4
155152,4
118284,4
198524,4
43796,4
131397,4
198339,4
120235,4
205158,4
77905,4
114651,4
150922,3
54784,4
6414,4
36175,4
57171,3
205672,4
22110,4
84577,4
17312,4
193775,4
140416,4
94708,4
44939,4
97250,4
103258,4
170367,3
96919,3
136991,4
81947,3
89839,3
95058,4
356,3
167672,4
90610,4
30002,4
127477,4
109959,4
50158,4
38162,4
135097,4
144779,4
54777,4
84857,4
176438,3
24051,3
72184,4
80902,4
6212,4
24117,4
63840,4
120481,4
198511,4
5905,4
185366,4
179892,4
155499,4
34872,4
62836,4
144323,3
35935,4
37881,4
188796,4
117464,3
54149,4
144849,4
24920,4
84842,4
60013,3
24238,3
116638,4
66408,3
104387,4
102798,4
185761,3
116869,4
53640,3
51441,3
185658,4
198335,3
186760,4
121794,4
142529,4
43809,4
189163,4
5413,4
167536,4
67272,3
28403,4
66533,4
15303,4
162417,4
185086,3
178529,4
74504,4
192544,3
140532,3
50896,4
97248,3
42656,3
6096,4
41921,3
11487,4
43075,4
75537,4
45804,4
132782,4
127740,4
122932,4
76200,3
102693,4
9523,4
169736,4
150968,4
15414,4
14099,4
99356,4
31662,4
171534,4
74677,3
165790,4
26608,4
23746,4
43369,4
133783,3
128442,4
109622,3
192548,4
56736,4
69116,4
163713,4
62273,4
87812,3
75138,4
62552,4
115411,3
185316,4
129967,4
122587,3
64722,4
94658,3
34710,3
109589,4
151011,4
56771,4
177331,3
115678,4
95277,3
44909,4
128643,3
17161,4
108068,4
167007,3
114655,4
131903,4
62758,4
54401,4
33221,4
186360,4
66474,4
21696,4
38349,3
78333,4
104108,3
67406,4
171002,4
9317,4
176695,4
134185,4
102183,4
16635,4
65440,3
5088,4
174524,3
203190,4
178925,4
115437,4
3768,4
160729,4
143797,4
92881,4
150877,4
66225,4
44840,4
102546,3
105545,4
94012,3
161016,4
115640,4
171973,4
43446,3
99523,3
201994,4
96418,3
40138,4
84518,4
24262,4
29528,4
139505,4
23731,4
159197,4
7274,3
13699,4
15636,4
22449,4
27005,4
27397,4
133856,4
69646,4
61355,3
174042,4
188215,4
106674,4
191358,3
161262,4
14915,3
108124,4
98406,3
24070,3
83418,4
203048,3
141308,3
82977,4
38579,4
144285,4
163229,3
7747,4
109162,4
94385,4
103347,4
83695,4
85639,4
34377,3
5112,4
118557,4
153092,3
74311,4
124775,4
197934,4
107591,4
148843,4
193878,4
90186,4
104645,4
45508,4
121411,4
35665,4
11978,4
164695,4
179166,3
25011,4
17852,3
127365,4
93984,4
80443,4
181990,4
150134,4
124445,3
25189,3
188710,3
4139,4
186432,4
61392,3
158694,3
149252,4
54271,4
180948,3
189292,4
56086,4
95807,4
2347,4
78711,4
90058,4
136219,4
61933,4
106127,4
75000,4
113092,3
33304,4
99842,4
121330,3
183789,4
147549,4
129831,4
61492,3
65802,4
195859,4
25176,3
200258,3
137148,3
9272,3
36582,4
90670,4
19409,3
185224,4
67646,4
132606,4
69990,4
98119,4
35765,3
91851,4
148029,4
63331,3
103899,4
161257,4
4476,4
7356,3
85431,4
19915,3
12850,4
15308,4
147208,4
5213,4
121222,3
141360,4
40129,4
91618,4
156477,3
169174,4
82173,4
165035,4
120556,4
80446,3
87903,4
67927,4
9385,4
187141,4
186136,4
18338,4
123882,3
156677,4
203281,4
21531,4
164713,4
108907,4
90068,3
106403,4
93758,4
48095,3
36148,4
116219,4
69823,4
178398,3
90642,3
77009,4
15139,4
103370,3
194730,4
66534,3
146498,3
54087,3
97808,4
122372,4
174424,4
3049,4
167180,4
36680,3
137694,4
91846,4
97227,4
4471,4
123783,3
108534,4
121060,4
168188,3
190811,4
112810,4
157572,4
170923,4
185808,3
41532,4
198591,3
109509,4
29580,4
128586,4
102207,4
88425,4
106237,4
176932,4
62066,4
137236,4
57172,4
174228,4
125061,4
127346,3
95690,4
162278,4
128781,4
114616,4
151062,4
18292,4
64828,4
201027,4
163194,4
63907,4
179714,4
182520,3
42179,3
166284,4
92841,4
94367,3
143723,4
66309,4
161819,4
44022,4
92075,4
33723,4
51231,4
33673,4
158659,4
71364,3
3727,4
10932,3
111523,4
45666,3
97481,4
26375,3
122138,4
19272,3
186772,4
30736,4
151996,4
113287,3
49817,4
50298,4
89107,3
153506,3
139238,3
204749,4
125528,3
172191,4
166456,3
59206,4
78693,4
8623,3
20865,3
100037,4
27936,4
185803,3
23849,3
52090,3
29820,4
189461,4
123657,4
66036,4
188739,4
72215,4
171086,4
195296,4
90056,4
74004,4
54045,4
153210,3
196109,3
44212,4
25573,4
187965,4
8010,4
97807,4
185685,4
16621,3
137458,3
174814,3
81522,4
68990,4
204620,4
160192,4
135223,4
164604,3
145962,4
102531,3
77733,4
23497,4
156621,4
51368,3
176104,4
190638,4
138258,4
76564,4
55191,3
173085,3
44924,4
112969,4
152632,3
6352,4
3193,4
130578,4
11979,4
58721,3
65140,4
133724,4
187608,4
12148,4
100782,4
140089,3
11005,4
173086,3
115420,3
181929,4
172177,3
82170,4
48300,3
185368,4
191081,3
104123,3
73530,4
95473,4
155092,4
198923,4
59996,4
46714,4
13526,4
60882,4
117422,4
24128,3
42121,3
174492,3
182940,4
135541,4
159929,4
133226,4
39296,4
70516,4
15666,3
117801,4
57950,4
154171,4
73902,4
191550,4
131213,4
201791,4
147399,4
190048,4
6798,4
164412,4
105055,4
106730,4
168617,4
36527,3
146453,4
80056,4
171503,4
156211,3
165039,3
198272,4
188889,4
22216,4
14425,4
22596,3
133687,4
65439,4
15340,4
123093,4
39085,4
140435,4
143167,3
124181,4
83168,4
138458,4
42659,4
154877,3
177175,3
8606,4
203187,3
200827,4
131673,4
2452,3
101907,4
15324,4
87146,3
58744,4
58118,4
73699,3
116217,4
61398,4
130252,4
147601,4
164763,4
148022,4
166428,4
9767,4
100456,4
76609,3
125672,4
189156,4
173429,4
143365,4
138887,3
50571,4
195075,3
179120,4
125211,4
4508,4
103847,4
9334,3
196213,4
47601,4
204580,4
73368,4
179587,4
73097,4
188428,4
73750,3
201058,3
172423,3
144300,4
89557,3
26298,4
120886,4
201320,4
154383,4
62752,4
112491,4
127444,3
180281,3
106745,3
81569,4
149939,4
116432,4
84879,3
126857,4
99286,4
115853,3
171608,3
111443,3
115315,4
129590,3
145835,4
45421,3
14189,3
193095,4
68707,4
24641,4
92028,3
171910,3
7928,4
69727,3
177952,4
68622,4
141095,4
14988,3
2096,4
32184,4
168372,3
5958,4
16444,4
179078,4
63824,4
107287,4
99252,4
109888,4
13448,4
98638,4
169533,3
113012,4
100366,4
32144,4
112863,3
65719,4
10357,4
38069,4
133357,4
188136,4
34109,3
1046,4
137498,4
150983,4
127299,4
32895,4
27085,4
175696,3
26105,4
195139,3
70938,4
55852,4
84906,3
82725,4
38810,4
29008,3
22857,4
54109,4
97500,3
142333,4
186176,4
99882,3
37463,4
155534,4
6521,4
92539,4
79512,4
35399,3
8024,4
1761,4
90180,4
17360,4
155333,4
193380,4
37257,4
144644,3
94474,4
147685,4
88980,4
147132,4
48792,3
118201,4
106544,3
170165,3
24537,4
96438,4
147106,4
146474,3
166587,3
181234,4
23603,4
195574,4
199174,3
154588,3
53883,4
7065,4
78783,3
33664,4
52108,4
116285,4
49498,4
129641,4
76004,4
68695,3
142232,3
145817,3
160952,4
74994,4
181053,3
109043,3
77068,4
24804,4
66993,3
129613,3
162286,4
105725,4
128802,4
131061,4
100309,4
36687,4
139811,3
43366,4
24150,3
80567,4
106490,4
70765,4
23879,3
120716,4
159844,3
130608,4
105386,4
152868,4
158252,4
101874,3
116408,3
154865,4
108358,4
76478,3
136924,4
166955,3
6130,4
181494,4
46832,4
138823,4
76084,4
121638,4
189730,4
7028,4
100640,3
64927,4
59739,4
16988,3
23741,4
190169,4
137731,4
153788,3
23779,4
103406,3
118620,4
31477,4
85468,4
8324,4
156283,4
10698,4
102623,4
198704,3
83639,4
48804,4
21067,3
174558,4
884,4
69710,4
66959,4
118212,4
21941,3
132008,4
159751,4
146930,4
14658,4
157319,4
52018,4
140606,3
119933,4
147412,4
80550,4
138140,3
152571,4
144155,4
178857,4
196943,3
33088,3
154507,4
167418,3
105252,4
76320,3
119771,4
78208,4
109533,4
86790,4
186672,3
136476,4
169103,4
39972,3
88985,4
54657,3
13293,4
15086,4
18320,4
119164,4
204423,3
156401,4
13359,4
3705,4
99718,4
62918,4
121707,4
128114,4
98790,4
154036,4
38909,4
12907,4
199218,4
106518,3
68715,4
185026,3
15046,4
133256,4
118234,4
85134,4
179205,4
191481,4
169221,3
119233,4
75614,4
26815,4
205202,4
52219,4
140450,3
107046,4
160902,3
204856,3
167820,3
111711,4
136210,4
81658,4
110135,4
173800,4
187263,4
105368,3
179857,4
110071,3
171428,3
202425,4
107434,4
25081,3
49429,4
147175,3
28055,4
49061,4
130615,4
60012,3
163483,4
102805,3
154345,4
145954,4
107128,3
113680,3
119044,3
169571,4
199126,3
36798,4
38527,4
36365,3
123269,4
76102,3
125772,4
114997,4
103565,4
43045,4
30163,4
185035,4
78556,4
201667,4
172575,3
204223,4
191420,4
101251,3
173089,4
128235,4
34895,4
98880,4
71417,3
51798,3
159440,4
91548,3
167568,3
145791,4
70314,4
185670,4
45429,4
60804,3
64641,4
169217,4
192279,4
162656,3
154843,4
54011,4
52522,4
106170,3
128454,3
3262,3
107269,4
1230,3
82101,4
173992,4
37107,3
177606,4
72007,4
138164,4
173181,4
92049,4
37163,3
8025,4
177121,4
202162,4
92406,4
48429,4
23622,3
31265,4
38285,4
75311,4
185319,3
69286,3
78028,3
16747,3
189687,3
37097,4
165663,4
199490,4
135673,4
38830,4
197886,4
66172,4
48055,4
14912,4
46845,3
171644,3
90289,4
161388,4
119082,4
39348,3
110034,4
182213,3
48624,4
135991,4
102374,3
112543,3
134125,4
167955,4
182382,4
71299,3
121834,4
19299,4
183262,4
127098,3
34046,3
108359,4
199858,3
108444,4
166307,4
90950,4
107369,4
146277,4
156088,4
40175,4
7803,4
203559,3
114112,4
191822,4
22968,4
29929,4
189661,4
114827,4
536,4
107275,4
2817,3
73706,4
128477,4
10970,4
155241,3
16375,4
51319,3
129376,4
151117,4
123126,3
1902,4
57200,3
46932,4
10565,4
101058,4
124459,4
144867,3
90237,3
118901,4
90108,4
171422,4
61430,4
158235,3
133459,4
131017,4
114866,3
167912,4
119320,4
172980,4
63299,4
120,4
187595,3
50151,4
41170,4
88708,4
112951,4
76786,4
201492,3
100615,3
161325,3
77407,4
120035,4
25373,4
129041,3
124046,4
2969,3
48880,4
140193,4
81162,3
147433,4
169530,4
28944,3
308,3
189356,4
145581,4
9414,4
63247,3
166041,3
58723,4
143358,4
136858,4
46445,4
126764,4
111292,4
107647,3
137021,3
3821,4
173858,4
54023,4
59814,3
94783,4
109695,4
136548,4
76754,4
39497,3
98337,4
60370,4
48418,4
27739,4
109036,4
206173,3
171487,4
108590,3
68530,4
111783,3
203966,4
144324,4
189882,4
27255,4
40967,4
127323,4
21011,4
20065,3
149751,4
74276,4
140544,4
86315,4
107574,3
197463,4
8771,4
73722,4
181245,4
72274,4
204218,4
105496,3
163953,4
146454,4
82422,3
117847,4
103465,3
71610,4
152765,4
172256,4
203611,4
92478,3
99764,4
58008,4
30580,4
72031,4
43479,4
73787,4
205809,4
59950,4
47272,3
33765,4
194654,4
98011,4
179538,4
31036,4
205667,3
98165,3
65854,4
72930,4
200266,4
27615,4
82956,4
48975,4
155123,4
86852,4
134757,4
140549,3
54800,4
55759,3
88796,3
188597,3
126836,4
190053,3
41021,4
163043,4
83796,3
179662,4
77772,4
90098,3
51160,3
131756,4
52142,4
29143,4
119371,3
201010,3
43514,3
138963,3
189152,4
110679,4
74472,4
69338,4
38050,4
193783,3
2678,4
33933,4
15823,4
72024,4
157769,4
159805,3
147554,3
109197,4
67092,3
151883,3
8521,4
162809,3
62862,4
53269,4
11816,4
58287,4
38092,4
19237,3
170269,3
96378,3
191888,4
133070,4
75193,4
6242,4
103839,4
17519,4
198214,4
25180,4
133636,3
173204,3
196787,3
17213,4
67721,4
3337,4
151337,4
117663,4
26498,3
28658,4
198213,4
25341,4
127749,3
138029,3
2844,3
190926,4
173229,4
200360,4
171748,4
118377,4
62381,4
106887,4
164938,3
179579,4
4695,4
43480,4
146477,4
149772,4
40119,4
159726,4
109230,4
156612,4
100748,4
61428,3
189563,4
43195,3
18459,3
188305,4
7728,4
52697,3
55241,4
14715,3
182856,3
177454,3
102763,4
189489,4
41467,3
94293,4
167946,4
69305,4
36639,4
4858,4
163434,3
140360,4
65151,4
78604,3
133798,4
133987,4
164644,4
182065,3
30860,3
90434,3
33697,3
29683,3
162177,4
29282,4
67005,4
22844,4
82497,4
39405,3
24339,3
101836,4
87587,3
59113,4
135641,3
18923,3
185192,4
119178,4
57855,3
112489,3
107309,4
42607,4
44981,4
61876,4
51202,3
39718,4
200956,4
57849,3
141695,4
146839,4
202258,4
8481,4
92664,4
185595,4
14511,3
147920,4
205289,4
68693,4
167239,4
137304,4
12075,4
104212,4
67990,4
96985,4
115533,4
12579,4
60904,4
183726,4
180375,4
53018,3
153563,4
16294,3
37834,4
52955,4
46364,4
139055,4
173019,4
139448,4
187751,3
60121,4
84538,3
191238,4
11503,4
124198,3
80173,4
168158,3
35483,3
60032,3
19430,3
152578,4
131242,4
54230,4
145855,4
32981,4
47723,3
198431,3
80133,4
174494,4
53609,3
32546,4
54443,4
187097,4
47170,3
110208,4
70069,4
190434,4
141274,3
5291,4
151795,3
54520,4
168267,4
106620,3
175529,3
24515,4
37748,4
183901,4
155172,4
36748,3
34097,3
105359,4
48328,4
132439,4
148144,3
11267,4
183797,4
177834,4
126278,4
158465,4
9393,3
146092,4
152000,4
78920,4
135295,3
139380,4
15310,3
120034,4
71786,3
146309,4
89480,4
21457,3
134618,4
109242,3
92781,3
143466,4
189926,4
142233,4
77770,3
114853,4
200974,4
149348,3
39299,3
152209,4
66493,4
88739,4
57184,4
122768,3
153120,4
19150,4
75132,3
133119,4
158788,4
155533,4
56576,4
193752,4
31644,4
198422,4
103870,4
54211,3
103099,4
195414,4
151486,4
166325,4
49163,4
3910,4
62493,4
59570,3
182820,4
124849,3
82798,4
16930,4
11999,4
149777,4
156026,4
128543,3
48197,4
5472,4
85586,4
32423,4
114501,4
4680,4
204758,4
156199,4
137408,3
79612,4
150592,3
174952,4
151018,3
83587,4
148655,4
77423,4
129150,4
62910,4
32948,4
98102,4
54288,3
40502,4
3638,4
72076,4
71728,4
114591,3
186634,3
8633,3
112104,4
125213,4
95219,4
70721,4
10254,3
48896,3
4421,4
5052,4
58335,4
203034,3
41404,4
168661,4
69450,3
9040,3
26833,3
19679,3
196936,4
125599,4
162487,3
163773,4
185715,4
31774,4
28577,4
66856,4
76264,3
126783,4
3046,3
76683,4
11398,4
30557,4
45529,3
64660,4
169782,4
16553,4
36578,4
134591,3
192826,4
182910,4
28570,4
104470,4
178498,3
117360,4
58925,4
184632,4
90675,4
123843,4
203334,4
15561,4
63451,3
156101,4
154829,4
23197,4
199063,4
187855,3
198802,3
139650,4
204992,4
25172,3
104900,4
175610,4
98599,4
97708,4
199239,3
27632,4
84846,4
3585,4
168378,3
138968,4
126041,4
132691,3
165203,3
104647,4
93272,4
40824,4
165013,4
172933,4
145965,4
59320,4
125848,4
128773,4
94170,4
86528,4
103739,4
201849,3
46647,3
133015,4
92936,4
137605,4
143489,4
17386,3
77632,4
137987,4
192115,4
72332,4
82339,3
97213,4
134956,4
1728,4
80207,4
157938,4
185630,4
23964,4
121177,4
23103,4
202572,4
43722,4
139312,3
149180,4
72308,4
9690,4
56651,3
55498,4
61415,3
148670,4
100680,4
51417,4
102688,4
96208,4
84979,4
154586,4
40049,3
171722,4
156617,4
24769,4
164869,3
136942,4
146244,4
99593,4
7929,4
153099,3
160828,4
120515,4
126439,3
156656,4
63467,4
97373,3
39768,4
46014,3
14161,4
28943,4
110753,3
865,4
168190,4
63253,4
12838,3
60853,4
8306,4
188317,4
129859,3
71651,3
132599,4
94955,4
193978,3
93093,4
53752,4
32568,4
58846,4
132042,4
72828,4
48691,4
63161,3
69449,4
58597,4
11014,4
41091,4
114513,3
146742,4
130539,4
160089,4
40689,4
174011,4
44269,4
169655,3
4188,4
76395,3
132529,4
3636,4
33351,4
192455,3
201281,4
179771,4
69959,4
176699,4
67733,3
48067,4
152605,4
137524,4
87506,3
141385,3
24897,4
74370,4
149491,3
21216,3
205779,4
124581,4
44923,4
30220,4
171987,3
166095,3
187200,3
52676,4
13463,4
87337,4
49700,3
103368,4
94470,3
191800,4
108797,4
141790,3
204357,3
80594,4
117528,4
93363,3
20260,4
135265,4
84885,3
142694,4
162691,4
40663,4
131496,4
175511,4
3577,3
90605,4
149562,4
93091,4
108378,4
99597,4
162826,4
102381,4
13157,4
79320,4
183324,4
31529,3
197663,4
197525,4
53675,4
95509,3
157513,4
183465,4
33768,4
14233,4
173600,4
66219,3
152879,4
196182,3
128549,4
171601,4
59673,4
8493,4
50257,4
69229,3
94879,3
199551,4
97010,4
35624,4
92483,4
77378,4
87721,4
63361,4
92524,4
200093,4
175962,4
46713,4
27644,4
71312,3
147964,4
22290,4
158322,4
183951,4
52474,3
1717,4
103783,4
61030,4
203827,4
21270,4
22577,4
69909,4
119259,4
27601,3
189683,4
200518,4
44890,4
87122,4
106501,4
31422,4
133557,4
138169,3
176218,4
15252,4
60391,3
79146,4
9395,4
151919,4
136387,3
1193,4
165169,3
9970,3
9750,4
126745,3
85139,4
140526,3
199589,4
143549,4
79104,3
120995,4
80126,3
8401,4
160606,4
141303,3
177841,4
30854,3
79393,3
89867,3
75230,4
77079,3
143724,4
174557,3
30326,4
50397,4
35842,3
22973,3
10274,4
116227,4
170152,4
100922,3
138374,4
85860,4
113198,4
102933,4
65493,3
70110,3
94853,4
174304,3
120266,3
48561,4
49964,4
108714,3
67361,4
180086,3
60264,4
40740,4
172376,4
121211,4
64737,4
96219,4
173154,4
24360,4
164102,4
118188,3
87262,4
47921,4
56517,4
61269,4
69360,4
191167,4
126045,4
36457,4
175497,4
186352,4
87195,4
139994,4
78772,3
9353,4
24649,4
33100,3
11193,3
147833,4
124249,4
119414,4
131081,4
75915,4
8000,4
138672,3
85581,4
93703,4
28249,3
101571,4
85663,4
40165,4
60636,4
133568,4
203700,4
86903,4
178799,3
124640,3
93751,3
48394,4
38416,4
43208,4
51654,3
202237,4
121045,3
16717,3
19240,4
203124,4
76215,4
17618,4
94628,4
57290,4
9774,4
32052,4
21884,3
17977,3
21225,4
42425,4
9164,4
103251,4
161311,3
106533,3
23102,4
26038,4
102483,4
110503,4
135605,4
198436,3
205413,4
185202,4
10199,3
164698,4
173010,4
80256,4
203710,3
109362,3
10864,3
58890,4
66208,4
200886,4
75799,3
193964,4
205995,3
65398,4
45061,3
124057,4
108677,4
119922,4
9188,4
163440,4
82266,4
140820,3
189700,4
190882,3
158692,4
53260,4
166953,3
178965,4
121322,4
142624,4
41197,4
182679,4
26976,4
7838,3
145431,4
11105,4
146726,4
183029,4
47672,4
122085,3
109114,4
42475,4
52168,3
68922,4
82930,4
104751,4
145525,4
107405,3
21678,4
116134,4
157849,3
199194,4
34811,4
36329,4
162591,4
100054,4
185983,4
90668,4
198328,4
182613,3
157414,4
108987,4
118315,3
44236,4
16490,4
81353,4
131434,3
202208,4
2589,4
96714,4
131000,3
118938,4
155103,3
19632,4
48871,4
172908,4
119635,4
111754,3
132132,4
12138,4
82795,4
177596,3
190664,4
177886,4
143798,4
111805,4
35568,4
141219,4
89386,4
68878,4
106689,4
150111,4
180027,4
46083,4
94514,3
175930,4
121660,4
194779,4
27956,4
107249,4
18927,3
138732,3
37336,3
59178,4
66928,3
137225,4
23582,4
58458,3
44391,3
80549,4
203839,4
74230,3
107833,4
30901,3
171750,4
10107,4
44642,3
20333,4
98845,3
75884,4
74399,4
176631,4
97982,4
140071,4
10288,4
18919,4
62717,4
49971,3
115654,4
135126,4
76292,4
200441,4
193080,4
105007,4
36854,4
159415,3
24988,4
83435,4
4688,4
134397,3
30112,4
203479,4
94864,3
174114,4
125544,3
62756,4
71574,4
22724,3
74920,4
29320,4
52338,4
17868,4
197876,4
168770,4
157806,3
93878,4
91143,4
28398,4
190804,3
35341,4
24645,4
92326,4
167019,4
101179,3
50433,3
160081,4
193991,4
49926,4
30397,4
99709,4
1975,4
49891,4
130535,3
100774,4
178018,4
159773,4
81719,4
65459,4
174581,3
22132,4
202070,4
81508,4
127126,4
120118,3
163806,4
142698,3
56561,3
49407,4
748,4
37323,3
42717,3
123284,4
187317,4
193116,4
146685,4
140693,4
8837,4
30393,4
131768,4
171489,4
178624,4
130263,4
133287,4
142957,4
111300,4
16861,4
179370,4
34002,4
31246,4
18710,3
41793,4
203659,3
161360,4
88814,4
162596,3
124879,4
21833,3
165418,4
190332,4
178466,4
68523,4
142546,4
61345,4
92838,4
71826,4
118686,3
25759,4
145768,4
56098,4
189645,4
75292,4
39548,4
35282,4
173489,4
204650,4
44920,4
112594,3
78930,4
153292,4
68670,3
190460,4
205215,4
200841,4
30604,3
8102,4
171881,3
173862,4
46693,4
89404,4
148906,4
106678,4
135148,4
131922,3
147620,4
30462,4
58838,4
36933,4
90400,4
106535,3
126496,4
62489,4
25577,4
200909,3
41859,4
87091,4
92066,4
158172,4
35026,4
56157,4
175219,4
98290,4
178347,4
81425,4
28940,4
111191,3
73807,4
67405,3
146710,4
12796,4
96263,4
167972,4
34071,4
96633,4
184367,3
38369,4
181281,4
13806,4
46042,4
902,3
99725,4
10801,4
157242,4
157939,3
162615,4
14769,4
97904,4
48074,4
145057,3
155067,4
114506,4
91869,4
47664,4
52873,4
153170,4
133271,4
195533,4
153708,4
103493,3
12304,4
185468,4
191641,4
26773,4
73109,3
68297,4
69669,4
82913,4
204041,4
175319,3
168860,3
115937,4
19987,4
60663,3
63347,4
15768,4
66750,4
151002,4
174935,4
23354,4
121795,4
155214,4
109046,4
38993,4
8122,3
82653,4
63482,4
188863,4
79666,3
35786,4
62121,4
201928,4
59131,3
96505,4
140594,4
96086,3
45967,4
8164,3
43315,4
187570,4
8149,4
126500,4
15257,4
41757,3
139601,4
50574,4
67997,3
30408,4
171119,4
172145,4
112845,4
22601,4
46352,4
132607,4
84561,4
189086,4
141516,4
16162,3
112838,3
1740,3
133804,4
44637,4
13604,4
115155,4
150779,4
6594,4
34653,4
53563,3
6885,4
143620,4
205422,4
60825,3
26854,4
125839,4
136612,4
52575,3
100729,4
60442,3
171786,4
158442,3
139352,4
66221,3
135174,4
100962,3
130217,4
54733,4
130216,4
95775,4
8202,4
159621,4
101253,4
181755,4
77608,3
201277,3
102360,4
56058,4
25708,4
87764,4
173491,3
126867,4
57086,3
122380,4
136686,4
1731,4
116916,4
105136,4
143064,4
68644,3
182137,4
180152,3
26586,4
140198,4
133386,4
125701,4
7308,3
57724,4
49594,4
46988,4
95657,4
103848,3
101716,4
9988,4
89925,4
151296,4
5232,3
41908,4
97046,4
69532,4
118657,4
190551,4
36510,4
77303,3
36296,4
15524,4
98647,4
72587,3
80120,4
75930,4
158875,4
161436,4
115322,4
106833,4
51657,4
73407,4
87892,4
12668,4
157104,4
104524,4
103656,4
45274,4
26140,4
34515,3
103031,3
62423,4
88707,4
150775,4
175917,4
143712,3
25402,3
41414,4
158611,4
191249,4
72319,4
71450,4
150193,4
205473,3
64734,3
103661,3
203963,4
14960,3
43881,4
137675,4
43054,4
87608,4
68602,4
82333,4
6507,4
41811,4
156736,4
43843,4
42448,4
13905,3
56222,4
6258,4
26587,4
154972,4
55887,4
121431,4
88612,3
27871,3
6424,3
9581,4
173486,3
149028,4
1114,4
109711,3
144503,4
34618,4
180189,3
126602,3
29575,4
167261,4
172772,4
176407,4
87995,4
188797,4
103687,4
144659,4
201189,3
50045,4
79654,4
5999,3
37484,3
148542,4
100257,4
44290,4
128932,3
168000,3
71712,3
199351,3
195643,4
123414,4
187555,4
141753,4
73137,4
156074,4
53226,4
135612,4
32062,4
126647,3
134962,4
89830,4
168822,4
203197,4
718,4
36637,4
194645,3
37215,4
171600,3
26445,4
177585,4
89555,3
138960,4
55363,4
64489,4
37979,4
180228,3
52541,3
19904,4
153600,4
187395,4
184880,4
122451,4
48398,4
106749,3
33277,4
75626,4
40436,4
38331,3
203533,3
153490,3
203168,4
193387,4
47935,3
180471,4
119337,3
205258,3
57006,4
104066,3
167541,4
85406,4
85154,3
150578,4
154610,4
135826,4
27322,4
183767,4
205365,4
33349,4
177077,4
73819,4
128920,3
158822,4
110145,4
104493,3
18665,3
31017,3
88187,3
47963,4
154883,4
89049,4
49573,3
25686,4
53992,4
168553,3
181447,4
145323,4
86115,4
84931,4
112100,4
159568,3
198849,4
203531,4
2744,3
38106,4
101699,4
185373,4
86510,4
50152,4
166616,4
134111,4
80873,4
7626,4
154338,4
47981,4
24271,4
34170,4
32709,4
124268,3
149345,3
187285,4
102592,4
132078,4
10509,4
46353,3
183092,4
34120,4
132469,4
101334,4
35028,3
74934,4
178801,4
157183,4
194457,3
135478,3
21136,4
59855,3
158819,3
47772,4
182095,4
196429,4
94360,4
63396,3
167619,4
167530,4
89288,4
93334,4
174764,4
28508,4
45710,4
139012,4
205296,4
44874,4
189166,3
62475,4
19437,4
146221,4
194584,4
196799,3
191448,4
148853,4
144729,4
91702,4
90857,4
165164,4
125508,4
2966,4
148845,4
28211,4
14612,3
65513,4
125328,4
34401,4
66391,4
26192,3
127719,3
42862,4
188729,4
181546,4
165899,3
158396,4
36136,4
180090,4
90022,4
129052,4
139223,4
26234,3
98643,4
114031,4
182439,4
48609,4
182369,3
107357,3
158163,3
177055,4
71997,4
116593,3
62748,4
119370,4
169394,4
63536,3
104228,3
49245,4
63521,3
3611,3
186399,3
117508,3
143011,4
26851,4
166939,4
29673,4
55743,4
152867,4
3345,4
70231,4
123757,3
120129,4
122510,4
35370,4
151483,4
201669,4
19768,4
164891,4
154403,3
83614,3
198518,4
21545,4
91218,4
33622,4
190337,3
74973,4
197637,3
171293,4
78355,4
143206,4
135734,4
190934,3
173088,4
164446,4
79781,3
32412,3
8,4
173416,4
146577,3
84128,3
98034,3
64571,3
156321,4
98217,4
4817,4
145727,4
23919,3
62196,4
160570,3
90363,3
60140,4
204491,4
103628,4
65500,3
94754,4
163718,4
153553,4
108756,4
32894,3
192283,4
193356,4
188165,4
843,4
130224,4
20137,4
87282,4
107997,4
178299,4
27616,4
158464,4
196030,4
182297,3
193917,4
136006,4
191322,3
156984,4
169690,3
160271,4
74790,4
19817,4
178717,3
67320,3
106065,3
125406,4
196217,4
77587,4
194527,4
30296,4
107040,3
117055,4
142942,4
109957,3
113753,4
123593,3
79441,4
122505,4
52475,4
116295,4
130532,4
119006,3
132483,4
160073,4
124061,4
189544,4
34694,4
41835,3
177682,4
103365,4
190477,4
170627,3
188731,4
58945,3
43711,4
122905,4
55717,4
11410,4
153517,4
98701,3
123244,4
78578,3
104107,4
102602,4
203363,4
205571,4
78463,4
142293,4
66287,3
170270,4
46591,4
139297,4
54628,3
123726,4
71794,4
170463,3
164381,3
4277,4
71964,4
2035,4
169624,4
96463,4
6706,4
159054,3
58209,4
68776,4
51820,4
159431,3
115771,3
71904,3
179011,3
196742,4
112014,3
187071,3
116399,4
20728,3
24583,4
98353,4
20238,4
162435,4
131151,4
5354,4
185997,4
131600,3
85122,4
101838,4
100132,4
106365,3
202691,4
78496,3
163760,4
51015,4
54449,4
188612,3
151662,4
14562,4
102914,4
87287,4
4526,3
33898,4
163034,3
165242,4
155382,3
62117,4
74701,4
51543,4
174749,4
167228,4
180427,4
18822,4
14109,3
36164,3
147200,4
154421,3
144328,3
148014,4
109482,4
204130,4
38782,4
135746,4
156725,4
145629,4
185226,4
168473,4
97633,4
187792,4
99715,3
204216,4
26822,4
8386,4
36948,4
128139,4
7998,4
198647,4
84881,4
85514,4
135076,4
105810,4
179513,4
205104,4
25214,3
170084,4
111551,4
146693,3
103004,3
5305,3
184240,4
194313,3
190217,4
54932,3
61211,4
156571,4
33354,4
58354,4
6967,4
129955,4
124988,4
105561,3
115003,4
34596,4
152809,4
129679,3
94337,4
60606,4
98812,3
177652,4
34831,3
190602,4
85610,4
21800,3
86676,4
22345,3
46666,3
3311,3
65236,4
177751,3
199489,4
148500,4
180016,4
143140,4
101297,4
188497,3
298,4
142940,4
32869,4
141058,4
115513,3
56738,3
17449,4
76413,4
157201,3
183385,4
92175,4
202087,3
54572,3
126582,4
134747,4
81289,4
123003,3
199376,3
2717,4
59345,4
204014,4
34432,4
192033,4
127633,4
25863,4
108743,3
94538,4
16613,3
176426,4
38931,3
182069,4
7145,3
152175,3
136240,3
132780,3
9687,4
18204,4
21276,4
92140,4
92770,4
97317,4
49068,4
10149,4
149389,4
105813,3
129935,4
7599,4
59256,3
148602,4
19414,4
181524,3
5022,4
104254,4
21427,3
109518,3
186316,4
77248,4
107589,4
84836,4
55410,4
129346,3
113694,4
151594,3
201294,4
173394,3
149923,4
109659,4
146788,4
131859,4
182024,4
184895,4
97756,4
156811,3
34906,3
183704,4
191716,4
44827,3
170203,3
95771,3
115154,4
160236,4
144740,4
130392,4
188670,4
78911,4
36810,4
96479,3
64604,4
150157,4
127507,3
124339,3
140634,4
184471,3
189405,3
74914,4
11869,3
164125,4
29063,4
41499,3
190275,4
80086,4
86957,3
181643,3
126180,4
136087,4
12945,4
191823,4
111353,4
130390,4
181800,4
46413,3
110539,3
203765,4
70815,4
51356,3
43901,4
77808,3
162682,4
41711,3
61681,3
70357,4
97623,4
33690,4
17571,4
21687,3
164525,4
100751,4
3110,4
77656,4
155673,4
192322,4
87984,4
180601,4
104084,4
54552,4
150246,3
195154,4
153913,4
122206,3
155069,4
54753,4
29174,3
32655,4
134942,4
23328,3
84181,3
101265,4
196969,3
120722,3
100409,4
11994,4
28941,4
109450,3
123611,4
57381,3
130328,3
59636,4
95852,4
146408,4
182329,4
45381,4
69673,4
42661,4
154157,3
149805,4
30469,4
102810,4
33062,3
126361,4
944,4
48566,4
102847,4
117314,3
179643,4
62097,4
100921,4
40067,4
43510,4
81385,4
100028,4
186994,4
172847,4
91707,3
181074,4
164982,4
193032,4
75604,4
163026,4
120606,4
109239,4
54199,3
123188,4
13612,3
161429,4
196713,4
41167,4
182575,3
107812,4
20364,4
78737,4
141148,3
5043,3
110477,4
27517,4
168088,4
38727,3
112703,4
108293,4
147529,4
75033,4
144894,4
124519,4
12557,4
105962,4
162126,4
115127,4
200716,4
119381,4
165107,4
118809,3
186098,3
20407,4
77433,3
36258,3
53328,4
4337,3
38340,3
132166,4
5273,4
134025,4
132326,4
4409,4
168359,3
205935,4
120174,3
25046,4
89761,4
152891,3
182815,4
70590,4
54427,4
106496,4
114912,3
47479,3
74064,4
200647,4
19384,4
79930,4
85947,4
68678,4
185058,4
190575,3
138057,4
196907,4
165244,4
186668,4
203957,4
43746,4
132243,3
93920,4
102642,3
63754,4
204285,4
556,3
177527,3
144084,3
30161,3
31174,3
95438,4
66050,4
124113,3
109253,3
132192,4
47903,4
89030,4
91540,4
193294,3
181286,4
105080,4
31611,4
105732,4
16346,4
130814,3
125613,4
90143,4
39018,4
192511,3
95916,4
66690,4
121873,4
40535,4
182867,3
8876,4
152151,3
58574,4
10006,4
203514,4
141607,3
6874,4
176203,4
102121,4
1471,4
183728,4
186944,4
172591,4
60459,4
107301,3
123650,4
6324,4
11836,4
23639,4
110245,4
121827,3
180634,3
38200,4
31238,3
96346,4
101595,3
195320,4
182032,4
148768,4
151980,3
66736,4
146989,3
39812,4
102530,4
124048,3
55629,3
145042,4
22512,4
9684,4
204787,4
189370,4
202443,4
99941,4
30339,4
140908,4
33734,4
187615,4
33316,4
178695,4
146865,4
133948,4
104279,4
76630,4
83823,3
171764,3
42368,4
131162,3
159706,4
40412,4
5564,4
119116,4
149619,4
22460,4
44382,4
90063,4
87617,3
205539,4
18572,4
186247,4
39944,4
111190,4
18801,4
173676,3
24591,4
82973,4
66274,4
118952,4
165652,4
5505,4
100126,4
171297,3
128667,3
153356,4
20920,4
19072,4
35016,4
5605,4
142133,3
141046,3
37588,3
143261,4
84315,3
50173,4
68909,4
200241,4
29452,4
193814,4
46461,4
156575,3
157127,3
176832,4
93918,3
161028,4
44413,4
74972,4
663,4
106715,4
30919,4
199429,3
112303,4
130431,4
160030,3
156288,3
43151,4
63181,4
176911,4
50856,4
87967,4
8413,4
14065,4
108085,4
31848,4
45212,4
3489,4
180644,4
176851,3
123795,3
49384,4
1804,4
40103,4
139793,4
81272,4
116805,4
159003,4
123739,4
156029,4
85302,3
78510,3
3023,3
34039,4
17848,4
86564,4
182210,4
136506,4
15193,3
181952,4
122791,3
65314,3
119984,4
8685,4
66899,4
59003,4
128809,4
193064,4
112342,3
6842,4
181736,4
42963,4
4910,4
30245,4
144613,4
108220,4
163135,4
202140,4
52346,4
155100,3
26636,4
64940,4
114643,4
173039,4
67831,4
41246,3
132873,4
54363,3
56800,4
43307,4
40721,4
12888,4
102385,4
106805,3
73944,3
120050,4
64004,4
176500,4
198352,4
60350,4
26566,4
95373,3
197529,4
124661,3
196541,4
39639,4
32081,3
138096,4
21681,4
179100,4
37125,3
124650,4
45494,4
188185,3
27097,3
97731,4
168993,3
7891,4
119274,4
124979,4
41945,4
115112,3
196558,4
62088,4
175194,4
127215,4
54540,4
74347,4
20828,4
109044,4
120967,4
153020,4
89375,4
78197,4
96730,3
130442,4
153921,4
144917,4
198091,4
100761,3
82146,3
192528,4
87101,4
197254,3
128051,4
61222,3
105283,3
41077,4
24538,4
180736,4
96367,4
34553,4
99049,4
196521,4
191510,4
134379,3
99207,4
164117,4
185550,4
57847,4
150944,4
158209,4
103317,3
12393,3
8117,4
34361,4
166552,4
104096,4
137298,4
136985,3
84742,3
137515,4
57904,4
187159,3
122854,4
83839,4
95844,3
1668,4
95677,4
186681,3
165770,4
165445,3
105233,4
165441,4
189407,4
97715,4
121953,4
62660,4
158290,4
83056,4
36182,4
97562,4
29844,4
176954,3
41084,4
157313,3
67516,4
64156,4
146708,4
75390,4
99183,4
199678,4
4342,4
21373,4
177538,4
47217,4
42012,4
151506,4
3698,4
124097,3
84221,4
13896,4
3647,3
45999,4
95325,4
80051,4
61144,4
167774,4
34603,4
54284,3
23013,4
105041,4
16610,4
127798,4
202928,4
165575,3
120966,4
177871,4
129703,4
15066,4
198945,4
46968,4
178044,3
39214,4
58558,4
60381,3
164311,4
61565,4
34800,4
24041,3
43745,4
183346,3
129006,4
196658,4
56380,4
18348,3
194487,3
116581,4
182451,4
165635,3
156894,4
41207,4
128708,4
54474,3
75347,4
129781,4
181446,4
66974,4
76428,4
123183,4
162324,3
110985,3
141554,4
30515,4
61447,4
35478,3
98007,4
58361,4
36071,4
70338,4
175858,4
111679,4
111883,4
177631,4
43602,3
153027,4
152687,4
59369,4
68544,4
192193,3
84690,4
162606,3
179674,4
119331,4
56334,4
164520,4
4060,4
50483,4
53454,4
133403,3
27737,4
198479,4
192456,4
115562,3
183859,4
19975,4
6407,4
30284,4
124767,4
17105,4
117011,4
185302,4
36981,3
132095,3
154856,3
42189,4
109799,4
74381,4
41571,4
61029,4
186977,4
97717,4
189256,4
171259,4
20015,4
202693,4
15118,4
182967,4
89407,3
150286,4
135111,4
56655,4
50626,3
161196,4
146030,4
176399,4
32683,4
82034,4
149004,4
85520,4
157311,4
92868,3
174413,4
127551,4
72035,4
140910,4
49229,4
158787,4
48696,4
55494,4
175835,3
27188,4
13232,4
57082,4
76745,4
61506,3
44857,4
62983,4
64456,4
116362,3
75901,4
86456,4
84184,4
70462,3
11902,3
18386,4
36581,4
35564,4
79640,4
6776,4
119384,4
29518,4
61327,4
121647,3
77954,4
193949,3
183682,4
199583,4
34657,4
186785,3
113456,4
197821,4
124342,4
202759,3
83699,4
85228,4
69838,4
71355,4
112048,3
83631,4
192022,4
98894,4
7071,4
764,3
70187,4
181639,3
181491,3
173430,4
117007,3
47510,4
64990,4
202868,4
195750,3
89461,4
112191,4
98668,4
45913,4
2348,4
75376,3
196652,3
122178,4
95157,4
149153,4
51484,4
113611,4
195204,4
31944,4
82338,3
59918,3
5841,4
33547,3
126971,3
80769,4
121367,4
115746,4
12372,3
3800,4
45048,4
190221,4
186171,4
89226,4
86838,4
164684,4
155156,4
136509,4
84557,4
135162,4
10679,4
126834,4
43887,4
137020,4
3944,3
28395,4
125310,4
175459,3
50306,3
190824,4
119322,4
97026,4
61294,4
33149,4
89118,4
113436,3
51697,3
7034,4
183463,4
37742,4
116963,4
186394,3
117775,4
38324,4
196949,4
17661,3
113733,4
94236,4
20484,4
45531,4
87477,4
178373,4
199435,4
114213,3
122702,4
78279,3
51382,3
29263,4
136877,3
143495,4
147424,4
74328,3
142734,4
108957,3
166740,4
73008,4
15391,4
148318,4
120843,4
158239,4
33007,4
149676,4
188948,4
32593,4
2376,3
108130,4
169572,4
69516,4
81302,4
113536,3
71639,4
32271,4
202307,4
133406,3
115663,4
154368,4
22629,4
110292,4
97639,4
173814,3
163732,3
44386,4
129888,4
90793,4
505,3
63553,4
125203,4
7115,4
368,4
162510,4
127279,4
59845,4
122568,3
88922,4
71080,4
7528,4
31533,4
191043,4
96260,4
54515,4
115067,4
51632,4
35598,4
48193,3
25827,3
130366,4
10952,4
27692,4
86942,3
143194,4
44965,3
8307,4
145690,3
78689,4
119003,3
80473,4
157966,3
49745,3
167264,4
113845,4
161157,4
92151,4
89986,4
31930,4
180814,4
133124,4
130400,4
186649,4
115816,4
179772,4
57496,4
88116,4
170358,4
200661,4
72197,3
73524,3
205702,4
145104,3
202801,4
139370,3
106835,4
169077,4
154285,4
30206,4
103246,3
83065,4
15001,3
79273,4
142573,3
26126,4
110996,4
85377,4
105994,4
108182,3
149623,4
188166,4
105403,4
106078,3
118874,4
139752,4
172664,4
104753,4
204251,4
107081,4
120643,3
64042,4
10300,4
178027,4
94729,4
57263,4
137752,3
191380,4
94736,4
82492,4
153052,4
90848,4
163568,4
74433,4
121388,3
30674,4
152323,4
158609,4
198655,4
200935,4
136254,4
135316,3
1148,4
179951,4
197632,3
116556,3
129402,3
59501,4
41046,3
166960,4
126434,4
146582,4
62695,3
142263,4
65152,4
142175,4
133201,4
189846,4
25605,4
89801,4
105121,4
204162,4
59952,4
128835,4
87468,4
128149,4
63850,3
110464,4
187327,4
20351,4
22265,4
97245,3
158419,3
67789,4
21379,3
205570,3
6326,4
182777,4
70429,4
58265,4
110648,4
102748,4
121692,4
10761,3
94751,3
49823,4
105111,4
165208,4
170638,3
9815,4
107234,3
135581,4
73539,4
156755,3
93970,3
176817,4
35083,4
56534,4
98282,3
129811,4
9377,4
95749,3
85917,3
116980,4
81799,4
153117,4
6973,4
150231,3
174688,4
191499,4
763,3
26676,3
33072,4
108980,3
31293,4
159427,4
134715,4
21767,4
183357,4
157310,4
184950,4
76991,3
32720,4
123848,4
118475,4
25724,4
131599,4
180897,4
62110,4
142493,4
161599,4
30531,4
154612,3
21380,4
43199,3
12482,4
148855,4
25796,4
135056,3
172490,4
26812,4
123775,4
38870,3
108692,4
26207,4
13300,4
5840,4
16881,4
177482,4
200106,3
176034,4
134517,4
152761,3
149429,4
70632,4
166417,4
65634,4
12054,4
83658,4
111030,4
44437,4
194696,4
60357,3
170919,4
72976,3
6550,4
21527,4
89789,4
129884,4
151101,4
87760,4
37985,4
14223,4
176020,3
29177,4
96307,4
19993,4
21398,4
68008,4
102136,3
94424,4
126765,4
163186,4
81871,4
155073,4
157119,4
78523,3
126553,4
114594,4
61032,4
85493,3
103263,4
156821,4
24469,4
72621,3
161470,3
195025,4
29701,4
132061,3
193936,4
91389,4
107499,3
202380,4
191813,3
21004,4
52184,4
205493,4
127019,4
122524,3
202012,4
7201,4
196151,4
163886,4
203790,3
168674,4
144569,4
5593,4
83355,3
34088,4
130636,4
184116,4
151353,4
82323,4
12708,3
9329,3
121355,4
80766,3
27556,3
70518,4
26296,3
118508,4
201265,4
23836,4
47089,4
13597,4
86946,4
195098,4
26557,3
23314,3
107538,4
93977,4
36839,4
73250,3
60277,4
183777,4
135475,4
100767,4
14939,4
34993,4
60185,4
100377,4
6570,4
6202,3
36364,4
15502,4
110920,3
37083,3
39241,3
110138,4
21697,4
117758,3
74543,4
122916,4
54358,4
159997,3
3997,4
12848,4
19479,4
46601,4
66504,4
88222,4
204712,4
186622,3
4096,4
75572,3
123744,4
97977,4
192791,3
58344,4
170945,3
116080,3
198274,4
122236,4
47701,4
44349,3
104449,4
169694,4
204761,4
112888,3
29455,4
124639,4
20655,4
40456,4
81612,4
47020,3
21967,4
7362,3
140420,4
165125,4
35954,4
185078,3
55036,4
1020,4
105416,4
1389,4
179888,4
77262,4
155735,4
81071,4
127183,4
113104,4
48102,4
189573,4
87366,3
112719,4
203091,4
195688,4
62234,3
56433,4
141921,4
151979,4
156330,4
167549,4
168769,4
18585,4
162108,4
95321,4
160631,4
112283,4
32806,4
55273,4
191166,4
146908,4
8767,4
111779,3
86272,4
110163,4
127209,4
96269,3
197887,4
101176,3
33903,4
113070,4
58946,4
17634,4
140614,3
49570,4
196048,4
145926,4
44501,3
47342,4
12068,4
159897,4
68323,4
131413,3
154454,3
26920,4
164628,4
25043,3
183260,4
65930,4
75180,4
178233,3
96255,3
18202,4
185306,4
189450,4
70891,3
30827,3
111170,4
10984,4
20894,4
148849,4
95643,4
81967,4
3245,4
30627,3
164958,4
3259,4
128351,4
173452,4
164751,4
38780,4
172742,4
178329,3
45123,4
11120,4
86663,4
4107,3
18794,3
94958,3
96673,3
49348,4
171682,4
53710,4
2164,3
80235,4
87442,4
89026,3
9603,4
182493,4
168405,4
8909,4
139842,4
184366,4
70004,3
148295,3
20304,3
194357,3
161536,4
202416,4
79508,4
163441,4
51555,3
50668,3
183909,4
177864,3
19576,4
139999,4
200420,4
88398,4
85850,3
164143,4
143137,3
55881,4
77524,4
103463,4
105035,4
59778,4
199613,4
204623,4
51767,3
7646,4
106162,4
156357,4
193507,4
2351,3
12814,3
17895,4
158100,3
108680,3
102006,4
92098,4
168749,4
172067,4
191990,4
19819,4
68084,3
48782,4
36977,4
179654,4
161901,3
171726,4
150116,4
114890,3
124044,3
32477,4
15171,4
137564,4
106172,4
6722,3
34312,4
110818,4
92259,4
160649,4
193728,4
62946,4
102013,4
133050,3
129115,4
13023,3
156308,4
94417,4
13108,4
48324,4
76538,4
132237,3
101749,4
162823,4
37371,4
205081,3
101085,4
1192,4
150119,4
125333,4
199495,4
152907,4
86111,4
12571,4
114728,4
15689,3
58357,3
154824,3
203808,4
19825,4
190157,3
187780,3
31464,4
50971,4
165673,4
171924,4
33852,4
45943,4
170819,4
105541,4
160444,4
35825,4
135767,3
79445,4
109267,3
49784,4
161850,3
137286,4
167739,4
127510,4
134531,4
94426,4
138375,3
111419,3
143048,4
110272,3
13220,4
107576,4
24778,3
124576,4
123151,3
75430,3
98915,3
75198,4
145894,3
36526,4
177613,4
23682,4
60186,4
65892,3
145929,4
47560,3
173101,4
170699,3
17537,4
113926,4
58200,4
196284,4
176217,4
88299,4
47411,3
198637,3
10784,4
148991,3
57979,3
120275,3
44499,3
129283,4
42634,4
129633,3
56502,4
68146,4
8822,4
194320,4
41819,4
174438,4
123213,4
96605,4
123833,3
37028,3
49985,3
48840,4
51745,4
170060,4
43789,4
191178,4
44189,4
130462,4
68920,3
200921,4
72939,3
34973,3
162854,4
159580,4
120089,4
158246,4
199504,3
124331,4
157456,4
140208,4
90624,4
76821,4
27637,4
150089,3
143548,4
200226,3
99216,4
92714,4
140139,4
48154,3
80582,3
70101,4
116274,4
11575,3
116411,4
88671,3
47300,4
58380,3
203075,4
86046,4
109144,4
172998,4
149274,4
92218,4
60130,3
32838,4
141886,3
23890,3
82533,4
129195,4
41432,3
37031,4
70705,3
47243,3
164552,4
65686,3
41463,4
94496,4
173918,3
36782,4
139572,4
128171,4
36027,4
136452,4
80716,3
109696,4
102319,4
174102,4
128943,4
204875,4
182128,3
13528,4
28610,4
131717,3
54589,4
98697,3
67037,4
1896,3
21918,3
163493,3
123561,4
22597,3
23812,4
168778,4
188614,4
157101,4
5800,4
189721,3
130283,3
121132,4
179295,4
181270,3
46098,3
37341,4
54113,4
161983,4
165071,4
190285,4
119511,4
121889,4
5128,4
122678,4
25086,4
180163,4
150208,4
171267,3
57366,3
142842,4
174282,3
177391,4
112840,4
90097,3
171914,4
173610,4
90360,4
152751,4
30267,4
63797,4
197923,3
42000,4
3448,3
19872,3
36525,4
36829,4
63589,4
179390,4
110165,4
33141,4
2368,4
182857,4
95043,4
153476,4
109933,4
114967,4
109040,4
135154,4
43610,4
168469,3
85449,3
152618,3
198741,4
76307,4
97663,4
124242,3
111205,4
12290,3
141208,4
24977,4
57464,4
187249,4
66721,4
149264,3
89969,4
46938,4
71978,4
23929,4
84705,4
128461,4
61535,4
106108,3
147400,3
148753,4
20422,4
20500,4
34023,4
121422,4
164722,4
149814,3
165522,4
180811,3
2324,3
81994,4
8945,4
21414,4
177457,4
96197,4
117763,3
201614,3
78268,4
172930,4
20284,4
65366,4
5736,3
50845,4
130640,4
19533,4
5727,3
22027,3
203082,4
145813,4
188275,4
45805,3
171811,4
153401,3
33872,3
85543,3
77678,4
111384,3
32630,3
63774,3
123495,4
91845,4
61854,3
107203,3
67788,3
111048,4
164737,3
105476,4
145832,4
175752,4
169838,4
25515,4
134224,4
205996,3
27553,4
90937,3
159998,4
103060,4
169867,3
50822,4
48072,4
34288,3
108262,4
49037,4
52897,4
76440,4
102481,4
61150,4
141455,3
121634,3
41134,4
82267,4
144471,4
74655,4
171826,4
101354,4
188668,3
54331,4
82377,4
183350,3
34663,3
152658,4
81317,4
89873,3
8057,4
116479,4
103673,4
106089,3
4978,4
95782,4
13677,4
179798,3
179576,4
168840,4
76670,4
93636,4
86347,4
204828,4
160129,4
176298,4
103024,4
132268,4
46958,3
118029,4
81019,4
25164,4
50734,4
22252,4
96704,4
26110,4
60438,3
31454,4
21549,4
22902,3
185243,4
182483,3
191989,3
89245,4
121915,4
123758,4
123669,3
161759,4
195435,4
189494,4
59567,3
35939,3
178068,3
104774,3
28485,3
110195,4
126450,3
196966,4
63003,4
26398,4
168893,4
177393,3
10758,3
148481,3
171593,4
47561,4
66756,3
113587,3
64488,4
128188,4
191690,3
8572,3
84295,4
141802,4
128913,4
100957,3
172634,4
19851,4
29940,4
180983,4
137589,3
51989,3
116912,4
174902,4
69241,4
199954,3
61118,4
156619,3
194410,4
122926,3
95212,3
197561,4
124981,3
124409,4
119012,4
187988,4
104962,3
147932,4
112894,3
194835,3
57547,3
35535,4
196432,3
65859,4
157342,3
78229,4
194595,4
181258,4
157916,4
181509,3
67462,4
98110,4
117450,4
48884,4
129629,4
200187,4
132994,3
119637,4
16801,4
195381,3
131897,4
172626,4
15800,3
140802,3
106497,4
19643,4
71075,4
131542,3
87316,4
5490,4
116094,3
20380,4
183817,4
198375,4
203152,3
160394,3
48189,4
157270,4
82087,3
105402,4
3498,4
22101,3
33064,3
205850,4
130652,4
163313,4
135304,4
198867,4
71862,4
86332,4
72312,4
28190,4
204891,4
188918,4
124207,4
86807,3
96944,4
137150,3
190020,3
101854,3
163563,4
201243,4
123341,4
175775,4
179241,4
93662,4
19255,4
63158,4
69515,3
42808,4
125403,4
196965,3
95436,4
104380,4
200848,4
37129,4
191281,4
125131,3
136445,3
62869,4
143044,4
106946,4
120234,4
88654,4
138040,4
13452,4
77843,4
29794,4
66315,4
29159,4
62298,4
42446,4
50629,4
8447,4
128054,4
155883,4
96745,4
166213,3
92497,3
89425,4
59949,4
149692,4
183191,4
29835,4
178594,4
143776,4
187039,3
98953,4
37605,4
169306,3
64883,4
141829,4
124414,3
188056,4
27585,4
52073,3
143970,4
195013,4
83943,4
152567,3
99979,3
22934,3
162461,3
133475,4
194212,4
58940,3
118276,3
4365,4
79675,4
160173,4
64760,4
89484,3
92734,4
185760,3
152802,3
10767,4
38079,4
65973,4
117482,4
183688,3
138697,4
149870,4
104255,3
135006,3
204116,4
25320,3
123580,4
170488,4
41724,4
106843,4
105096,4
203413,4
5569,3
32398,4
63092,3
64697,3
3479,4
192454,4
2029,3
113750,4
85052,4
150318,3
162061,4
192089,3
88016,3
199732,4
93825,4
120430,4
158964,4
67335,4
190346,4
153911,4
41373,3
160531,4
63706,4
77306,3
81510,4
31751,4
191714,4
57832,4
40757,3
104125,4
93536,4
171556,4
17116,4
51640,3
155629,4
39646,4
78605,4
113480,3
158714,3
176483,4
156228,4
184565,4
16496,3
138901,3
114642,3
179570,4
69192,4
162730,4
53445,4
29488,4
39872,4
79137,4
110918,4
84145,4
75894,4
115289,4
34957,3
11218,4
175615,4
50924,4
75574,4
114081,4
202431,4
79243,3
69618,3
101731,4
64078,3
164316,4
97778,4
174651,3
59666,4
179759,4
102172,3
21296,4
75481,4
30897,3
124421,4
99881,3
12519,4
41985,4
75278,4
52673,3
180779,3
86134,3
116166,4
168934,4
1598,4
125684,4
33916,3
54871,4
191369,4
135376,3
134137,3
47491,4
29614,4
46979,4
96455,4
137945,4
170255,4
194027,4
34865,3
170004,3
20139,4
102323,4
24100,4
66347,4
78357,3
82103,4
83671,4
126505,4
33405,4
153761,3
145809,4
129491,3
80592,4
190489,4
103891,4
186248,4
87818,3
28187,3
158339,3
184694,3
131380,4
194077,4
185473,4
143600,4
133380,4
18575,4
21409,4
118477,4
65381,4
70252,3
37629,3
118269,4
170875,4
157544,3
151925,3
180455,3
42694,4
102073,3
27413,4
73063,4
198244,4
152608,3
199277,4
174099,4
826,3
94114,4
82037,3
111427,4
144937,4
150413,3
168241,3
100858,4
106111,4
154398,3
115332,3
160303,4
151866,4
148512,4
101654,4
173365,3
55816,4
131560,4
83925,4
54610,4
88178,4
131649,4
168152,3
170894,4
167924,4
40588,3
191016,4
155580,4
134698,4
5813,4
125042,3
167545,4
113345,3
59745,4
67770,3
6447,4
33122,4
125643,3
193622,4
95960,4
20099,3
39528,4
145147,4
18450,4
151130,4
76844,4
172175,4
33080,4
51255,4
130721,4
79550,4
201399,3
63168,4
181934,3
88156,4
73927,4
19645,3
48706,4
172364,4
79181,4
126006,4
8503,3
149104,4
165009,4
82116,4
130819,3
95122,4
150672,4
125057,4
172164,4
94467,3
129160,4
28836,4
204293,4
64049,4
118414,4
121896,4
134288,4
203660,3
54303,3
48746,3
171146,4
121768,4
169464,4
149845,4
56754,4
1516,3
1694,4
44102,3
177280,3
104884,4
199230,3
131703,4
73223,4
39267,4
86601,4
32160,4
138627,4
29121,3
13508,4
45159,3
137631,4
33597,4
177313,3
163894,4
123686,4
98959,4
167638,4
143508,4
134217,4
159132,4
132030,4
18554,3
23235,4
117120,4
146436,4
43116,4
27687,3
119059,3
87862,4
22502,4
85235,4
33358,4
150287,4
64762,4
103296,4
94208,4
107999,3
204547,3
199673,3
79492,3
99599,4
154091,4
83958,4
195893,4
190723,4
144135,4
34280,3
75087,3
119663,4
50918,4
12762,4
30452,4
20325,4
171359,4
56427,3
149010,4
87589,4
137516,4
28972,4
37178,4
76249,4
113088,4
113687,4
134427,4
44020,4
39406,4
51438,4
43967,4
176247,4
83339,4
188814,4
134152,4
147768,4
43346,3
80709,4
198435,4
135510,4
139472,4
160683,4
150449,3
92647,3
134793,3
35320,4
205140,4
98076,4
10961,3
138299,4
98575,4
161156,3
33707,4
32401,4
80870,4
39261,4
156472,4
70301,4
199199,3
187839,4
45321,3
196569,4
130063,3
172738,3
195662,3
49861,3
144552,4
143801,4
26535,3
99370,4
6566,4
65042,4
44314,3
169521,3
73143,3
28671,4
168720,3
73549,4
26679,3
131395,4
22341,4
131011,3
199876,3
11591,3
183196,4
130649,4
121974,4
203430,4
131271,3
149141,4
153858,3
143232,4
47349,3
96118,4
107793,3
15641,4
202531,4
79998,4
11356,4
180648,4
43944,4
177327,4
50862,3
30583,4
179037,4
118847,4
144636,3
28841,4
169889,4
151615,3
160134,4
89338,4
21850,4
129591,3
178336,4
107246,4
7894,4
42330,4
105456,4
191093,4
49811,4
157417,4
36022,4
194113,4
205408,4
69330,4
10645,4
118332,3
15945,4
104459,4
187161,3
83950,4
52953,3
175176,4
84811,4
64585,3
111033,4
56572,4
27210,4
132000,4
186929,4
184303,4
32152,4
35940,3
143152,4
197845,4
202224,4
28966,4
90382,4
24136,4
124260,4
141604,4
136865,4
191732,4
171916,4
40136,4
191118,4
187818,4
86024,4
10727,4
82428,3
88690,4
164506,4
101961,4
52235,4
202391,3
204866,4
123449,4
103057,4
78383,4
205941,3
62963,4
205806,4
89278,4
183690,4
397,3
111986,3
53863,3
160691,3
95363,4
15536,3
128136,3
186571,4
8781,3
79076,4
142469,4
53700,3
64998,4
68991,3
113465,3
16900,4
205061,4
161250,3
30472,4
50391,3
65876,3
130223,4
115103,3
19424,3
161934,4
140094,4
155338,4
171694,4
157405,3
76604,4
136818,3
167400,4
3149,4
181071,4
48920,4
15897,4
45292,3
87861,4
190432,4
110926,3
90449,3
166359,4
82675,3
23707,4
157188,3
195606,4
203309,3
111995,4
76382,4
99303,4
156809,4
72285,3
10487,4
35122,4
196285,4
113423,4
126190,3
89377,3
92674,4
13344,3
185872,4
159474,4
10016,3
120600,4
7364,3
127717,4
101521,3
111377,3
65029,4
59941,4
80694,4
158845,3
190600,4
109055,3
200752,3
4868,4
186350,4
131629,4
60872,4
108057,4
116791,4
1168,4
86231,3
79132,3
115085,3
110955,4
64025,3
29203,3
185256,4
71130,4
33685,3
157581,4
160344,4
144663,4
66469,4
59557,4
35055,4
25198,3
133025,4
190845,4
91254,4
16852,3
137053,4
12842,4
128161,4
20469,4
24949,4
104863,4
109701,4
195789,3
201333,4
165238,4
129213,4
4491,4
67569,4
134590,4
129564,3
117991,3
118631,4
177566,4
155956,4
38438,4
163700,4
74146,3
133857,4
80927,4
139738,4
49863,4
16875,4
152492,4
53767,4
159705,4
195451,3
53668,3
47177,4
107082,4
6523,3
66035,3
89950,4
52735,3
170740,4
51357,4
77023,4
117081,3
98182,3
113756,4
195852,4
188967,4
181396,3
46315,4
19969,4
113405,4
103176,3
88535,4
133154,4
120284,3
201450,4
199460,3
94047,3
127972,4
26507,4
54057,4
193023,4
77505,3
25114,4
184611,4
202164,4
172942,4
184940,4
103077,3
17568,4
177915,4
193545,4
74044,3
93154,4
116787,4
89173,4
159327,4
1835,4
38801,4
2714,4
120016,4
199324,4
203797,4
94077,4
33944,3
97110,3
38470,4
132903,4
203436,3
163556,3
162827,4
191539,4
5421,4
179221,4
178919,4
166565,4
150146,4
44936,3
137625,4
23895,4
133537,3
8294,4
125734,4
189562,4
81675,3
12343,4
37139,4
149640,4
114340,3
200902,4
81679,3
192101,3
97130,4
12287,3
45962,4
78690,3
48570,3
29186,4
33556,4
18115,4
64553,4
62435,3
117754,4
148773,3
81731,4
152184,3
7795,3
43451,4
112516,4
120664,4
45602,4
96977,4
150686,4
75423,4
192676,4
77814,3
124264,4
160527,4
204110,3
45049,3
91042,4
56648,4
124052,4
201064,3
22327,3
109385,4
29156,4
90057,3
13853,3
147694,4
61232,4
5673,3
83044,4
194127,3
9198,4
25269,4
28004,4
120095,4
201502,3
162998,3
187593,3
97532,3
194164,3
75553,4
52741,4
77102,4
101336,4
82099,3
111867,4
139529,4
174254,4
51203,4
21993,4
10958,3
58652,4
20478,3
143782,4
25839,4
78619,3
78351,4
144601,3
179599,3
128925,3
143484,4
88207,3
53089,4
123191,4
177675,3
11474,3
23597,4
38379,3
158059,4
145747,4
56589,3
87713,4
78076,4
9219,4
69068,4
100939,4
128755,3
147378,4
49677,4
20599,4
86343,4
10467,4
195940,4
28269,4
179605,4
150930,4
25218,3
158426,3
177230,3
136698,4
49453,4
131109,4
86974,4
134633,4
200951,4
85360,4
100324,4
63927,4
90703,3
150160,4
143705,4
168472,3
178486,3
132620,3
135253,4
33575,3
109169,3
16770,4
26330,4
29662,4
69892,3
115256,3
174702,3
128026,4
40190,4
11815,4
205182,3
199696,4
59088,3
93180,4
36534,3
177705,4
178967,4
143104,3
31453,4
87437,4
194676,4
42143,4
109656,4
31163,3
198208,4
29906,4
157207,4
47914,3
73574,4
66833,4
148488,3
201104,4
8171,4
194282,4
78984,4
60325,4
186083,4
32502,4
67746,4
146798,4
47711,4
62315,4
176553,3
53724,4
21872,4
17855,3
14175,4
179583,4
45007,4
84188,4
80642,4
113925,4
82887,4
150668,3
102388,4
58393,4
132749,3
28909,4
177272,3
44169,4
5041,4
151066,4
82036,4
66295,3
5093,3
86529,3
23672,4
115422,4
16074,4
15497,4
62915,4
161145,4
134638,4
2715,4
205610,4
167741,4
49644,4
105260,4
124715,4
200511,3
87883,3
165086,3
112341,4
107609,3
69356,3
100692,4
157560,3
40478,4
2633,4
111347,3
141690,4
146780,3
178648,3
155306,4
927,4
148033,4
58987,3
127822,4
139482,3
146953,3
32346,4
50370,4
44541,3
165692,3
28487,4
60205,3
94133,4
96542,3
196522,4
191313,4
180008,4
133933,4
163118,3
19064,3
198859,4
141067,3
49488,4
164599,4
152225,3
77322,4
33219,3
103538,4
114161,4
55601,4
36293,4
61193,4
29140,4
142708,3
124768,4
205863,4
52887,4
197969,4
53547,4
38262,4
12376,4
7055,3
17593,4
45312,4
98251,4
137494,4
61383,3
83133,4
78003,4
115563,4
97143,4
53559,3
111918,4
97448,3
151596,3
44282,4
151147,3
142893,4
32145,3
62741,3
133559,4
81866,3
104358,4
150504,4
182044,4
202611,4
195524,4
63791,4
85927,4
121799,4
165085,4
65441,4
47572,4
48299,4
199534,3
75154,4
61463,4
58766,3
67815,4
108380,3
199127,4
177061,4
148366,3
119389,4
9604,3
203705,4
54043,3
52394,3
129593,4
11850,4
57885,4
86572,4
16267,4
177250,4
13576,4
116247,4
194436,4
21184,4
136586,4
202892,4
197938,3
192001,3
185795,3
35249,4
35627,4
76888,4
88001,4
81234,4
23456,4
172494,4
96751,4
142792,4
122083,4
98804,3
90947,4
41861,3
55552,4
127610,4
197177,3
60496,4
42126,3
43908,4
48822,4
188412,4
130605,4
51857,3
131646,4
179731,3
39734,4
88304,4
104736,4
74952,4
198390,4
18337,3
36236,4
135748,3
3736,4
6596,4
105323,3
93809,3
39065,3
32374,4
13627,4
176711,3
1940,4
124006,4
128422,4
73049,4
104745,4
13034,3
48909,4
59044,4
19024,3
77793,4
32158,4
135527,4
42691,3
111228,4
10499,4
16322,4
110557,4
83290,4
25866,4
26479,3
199303,4
126231,4
71306,4
164572,4
51755,4
119092,4
72779,4
141298,4
89523,4
65925,3
86648,4
144480,4
122305,4
176224,4
15665,4
202197,4
199269,3
189037,4
114744,4
24863,4
126065,4
72862,3
34407,4
94087,4
131665,4
37955,4
49826,4
22026,4
102657,3
181329,3
47987,4
191552,3
152870,3
10654,4
69391,4
169809,3
94298,4
51421,4
175335,4
57345,4
184840,4
27221,3
176235,4
38592,4
178147,3
109333,4
41096,4
125700,4
26516,4
193839,4
103055,4
34342,4
48456,4
67729,4
131866,4
92225,4
51124,4
152987,4
95588,4
30363,4
179061,4
50765,4
98384,4
127517,3
84636,3
153502,3
170644,4
161249,3
35811,4
138606,4
123007,4
168448,4
18366,3
56177,4
11890,4
127040,4
173163,4
89279,4
74416,4
65283,4
156738,4
112973,4
80368,3
102016,4
132731,4
68778,4
163614,4
62925,4
41932,4
183774,4
55724,4
187622,4
46523,4
85378,4
198055,4
182812,4
39790,4
79385,4
8515,4
130433,4
16942,4
170309,3
203088,4
162443,3
40986,4
116767,3
71678,4
117315,4
76458,3
134368,4
8874,3
79542,4
148293,4
47141,4
26973,4
145279,4
119942,3
29385,4
150179,3
8071,3
53463,4
70923,4
3346,3
195768,4
199565,3
203881,4
87726,4
9223,4
29497,3
63622,3
44410,4
168471,3
154867,4
149132,4
6446,3
27288,3
98066,3
159374,4
193452,3
64044,4
7773,4
170957,4
154119,4
153771,4
78054,4
21449,3
129453,3
34269,4
98828,3
187584,4
97071,3
197758,4
163778,4
179231,4
127023,4
29339,4
86374,4
194530,3
17465,4
99377,4
286,4
106894,3
203738,3
58180,4
161581,4
93117,4
110481,4
149273,4
174203,3
115901,4
87451,4
181438,4
83495,4
75422,3
157760,4
128367,4
26662,4
84059,4
30918,4
65085,4
198861,3
70792,4
28419,3
198402,4
136695,4
137755,4
55939,4
141995,4
60356,4
57873,4
37397,4
189914,4
145172,3
133132,3
169706,3
142653,4
104166,4
17263,3
169682,4
194329,4
131270,3
203274,4
35094,3
95389,4
43911,4
94663,4
122955,4
175325,4
72226,3
87908,4
43753,4
146164,4
144828,4
159826,4
146391,3
169220,3
23536,4
4263,4
99196,4
91714,4
137197,4
110337,4
191001,4
127763,3
13793,4
167792,4
148996,4
24964,3
166769,4
153316,4
51212,3
114233,4
187997,4
39206,4
61569,3
114149,4
153313,4
111016,4
42934,4
90200,3
73717,3
189508,4
25428,4
48520,3
148047,4
50594,4
119588,4
65168,4
94329,3
144330,3
196315,3
107546,4
176090,3
128616,4
193578,4
27890,3
169977,4
197568,4
165944,4
62456,3
189658,4
203093,3
144703,4
3160,4
31680,4
134509,4
26241,3
32645,4
26154,3
197391,3
146683,4
205437,3
94338,4
184613,4
101138,4
73497,3
55465,4
43640,4
133498,4
100170,4
82514,4
96837,4
58378,3
73000,4
97804,4
163048,4
153466,3
172854,4
138148,4
201295,3
33434,4
113457,4
114584,4
166900,4
24474,3
85059,3
59383,4
64476,3
15209,4
7582,3
42311,4
196575,3
128172,4
176437,4
89153,3
26840,3
32776,4
139443,3
129116,4
190629,4
205002,4
135776,4
201352,4
141700,4
192637,4
129891,4
122326,4
49628,4
68651,3
28552,4
164933,4
172128,4
186095,4
20467,4
205884,3
189514,4
189879,4
46370,4
146739,3
117050,4
168850,4
142255,3
153795,4
189865,4
25537,4
195989,3
160104,4
40832,4
193415,4
99811,4
206004,4
72542,4
29240,4
187199,3
116167,4
59945,4
11762,4
133029,4
50835,4
70881,4
198587,4
23336,4
137665,4
64264,4
62601,4
162303,4
99724,3
6294,3
32479,4
148740,4
159063,4
24278,4
68584,3
190578,3
98735,4
94356,4
9510,4
140542,4
149176,3
139094,4
172210,4
28530,4
194004,4
129152,4
124503,3
165397,4
182204,4
31540,4
143156,4
73030,4
193218,4
190031,4
96729,4
45756,3
19586,4
201472,3
152613,4
46498,4
53453,3
75986,4
81488,4
112541,4
31951,4
183010,4
2167,3
170879,4
8251,4
107218,3
128053,4
173634,4
32085,4
195042,4
7876,4
3575,3
142972,4
24454,4
7056,4
76045,4
43516,4
15228,3
195873,3
28782,4
189389,4
29409,4
113551,4
77838,4
11676,3
3158,4
155171,4
152213,4
72442,4
120278,4
185794,4
107262,3
147148,4
117805,4
33121,4
78893,3
15853,4
128483,3
121504,3
62280,3
147041,4
12211,3
78464,3
88406,4
136359,4
15084,3
112586,3
192221,4
72266,4
169424,3
94416,4
98242,3
187036,3
101196,4
146585,4
162517,4
85958,4
74425,4
112091,4
6723,3
72618,4
104867,4
142913,3
122506,3
35554,4
117386,4
45776,4
202341,4
143728,4
124824,4
163707,3
60743,3
75048,4
25377,3
139062,4
4561,4
154030,4
84582,4
67223,4
161751,4
84681,4
34595,4
199570,3
108203,4
188954,3
16858,3
190350,4
141710,3
180940,4
3463,4
169979,4
27611,4
60579,3
11125,4
87175,4
134310,4
38949,4
123303,4
23195,3
167389,4
192763,4
189470,4
138669,4
165941,3
111920,4
14629,3
98848,3
192942,4
153695,3
54779,3
68322,3
86685,4
31415,4
160945,4
86742,4
107919,3
21699,4
93830,4
18534,4
131518,4
79461,4
55784,4
36421,4
189551,4
58570,4
124821,4
138729,4
97339,4
16454,4
27530,3
8344,4
42002,4
5612,3
113227,4
167025,3
22376,4
38145,4
22604,3
192793,4
82560,4
176085,4
156028,3
23066,3
32489,3
96613,3
137855,4
61,4
85234,4
24542,3
42779,4
145397,4
81621,3
63337,3
112505,3
25892,4
197329,4
114879,4
149732,4
58941,3
96427,3
18950,4
104365,4
206113,4
65779,4
188367,4
130944,4
6676,4
108116,4
5399,4
19277,4
85211,4
67420,3
146048,4
35789,4
27462,3
49354,4
15604,4
158266,4
171300,4
86869,4
173678,4
139336,4
143591,4
9525,3
20258,4
54846,3
75951,3
161320,4
198425,3
188084,4
49138,4
117373,4
92381,4
135457,4
28877,4
39826,4
122811,4
56272,4
202886,4
26179,4
115426,4
54970,3
163847,4
28889,4
123262,4
149523,4
104388,4
63532,4
161944,3
176905,4
106298,4
109283,4
203086,4
84400,3
75453,3
37148,3
139756,3
90716,4
138052,3
165476,4
28899,4
70134,4
196905,4
200689,4
24419,4
17141,4
122045,4
56370,3
92891,3
109136,4
37916,4
193107,3
153311,4
111502,3
178684,4
89811,4
139795,4
133774,3
36195,4
191153,4
52019,4
56518,3
132300,4
148756,4
12561,4
41369,3
70223,4
133530,4
135735,3
50851,4
178025,4
71926,3
22147,4
143568,3
183113,3
128196,4
177795,4
17850,4
177422,4
83973,3
126420,4
159721,4
23187,4
179093,4
29440,4
122812,4
27663,4
67948,4
54385,4
117529,4
49558,4
87098,4
175515,4
126536,4
150093,3
56974,4
55880,3
138700,4
58751,4
178015,4
113475,3
203519,4
184056,4
138444,4
158240,4
166391,4
111428,4
145230,3
194687,4
133185,4
195151,3
41143,3
9138,3
42383,4
48939,4
144921,3
179299,3
41443,4
144013,4
70764,3
10338,3
10348,4
60415,4
169072,4
15650,4
51455,4
141090,3
70584,3
159832,3
67432,3
49262,4
153652,4
202492,3
179957,4
195955,4
49032,4
92180,3
129558,4
121583,3
34723,4
123682,3
100647,4
150306,4
112297,4
152482,4
101132,4
98255,3
152026,3
169577,3
111113,4
99839,4
196230,4
171926,4
53158,3
86470,4
186312,4
99092,3
74394,3
151146,4
60100,4
35623,4
73801,4
41138,4
81688,4
128823,4
40802,4
179553,4
113399,3
20208,4
161226,4
156055,4
53979,4
9443,4
2594,3
16388,3
191843,3
1576,3
75083,3
22154,3
129040,4
152686,4
192378,4
23547,4
88557,4
35262,3
3545,4
99884,3
10089,4
197249,3
16197,3
68956,4
70329,4
159229,4
114973,3
102206,4
138319,3
142593,3
43875,4
136093,4
42937,4
117208,4
188658,4
186580,3
110093,4
107062,4
187739,3
201145,4
90570,4
41011,4
138380,3
89974,3
47714,4
202771,4
124866,4
56088,3
16586,3
52164,3
62413,4
141783,4
88564,4
134166,3
72693,4
133877,3
57217,4
32990,4
172273,4
33167,4
142821,4
45281,4
202582,4
80765,4
139276,4
163653,4
190875,4
48140,4
190305,4
20538,4
17817,3
116580,4
8254,4
194206,3
49979,4
39871,4
131040,3
120868,4
186670,4
64490,4
69407,4
17080,4
52289,3
119174,4
163706,4
27025,4
126196,4
33958,4
174776,3
188986,4
59307,3
141502,4
81565,4
38193,4
184409,4
151243,4
31348,3
122712,4
96906,4
192718,4
203830,4
62230,3
37450,3
34419,4
38312,4
75060,4
204146,4
51961,3
59760,4
126490,4
161194,4
44761,3
197866,4
80078,3
114758,3
65575,4
166020,3
8326,3
89489,4
100760,4
1869,4
18827,3
202151,4
12028,4
130469,4
10223,4
110151,4
178031,4
62294,3
110187,4
71582,4
102359,4
127978,3
19065,4
187397,3
95485,4
89809,3
989,4
88099,4
164451,4
3902,4
48302,4
91158,3
135318,3
8936,4
63625,3
99671,4
13984,3
60819,4
105085,4
82025,4
181196,4
35883,4
105956,4
182971,3
118038,4
45282,4
6663,3
69804,4
94296,4
47353,4
55915,4
115290,3
143482,4
141569,4
12082,4
201881,3
9927,4
87825,4
176755,3
67098,4
10672,4
83388,4
90298,4
157042,3
57456,3
182663,4
22681,3
111399,4
21851,4
150245,3
124986,4
192290,4
48488,3
83607,4
5401,4
88789,4
54832,4
36475,4
185607,3
64905,4
27149,4
23864,4
151182,4
86667,4
86819,4
107476,4
34162,3
180528,4
59013,3
61131,4
57387,3
154032,4
56205,4
131836,3
29732,4
127700,3
1030,4
37138,3
156312,4
151694,4
51682,3
109847,4
54244,4
145046,4
54475,3
3892,4
44446,4
173192,4
40228,3
66922,4
11608,4
92739,4
90841,4
72652,3
90903,4
139571,4
99115,4
98497,3
21548,4
104293,4
157150,4
80698,3
99159,4
68757,4
149407,4
71129,3
137846,4
163952,3
43317,3
106763,4
38156,4
9024,4
65591,4
7214,3
16863,3
204225,3
136853,4
17651,4
36589,4
140640,4
36575,3
190427,3
40955,4
8322,3
199271,3
32352,3
1590,3
179977,3
28164,4
141170,3
120192,3
59764,4
168232,4
151327,3
51033,4
85988,4
72819,3
134786,4
54850,4
21799,4
139734,3
170858,4
86149,4
34544,4
69298,3
82806,3
25344,3
145414,4
168326,4
75019,4
40880,3
167757,4
124069,4
44669,3
12642,4
85878,4
169705,4
151251,4
197779,4
144608,4
82588,4
40233,4
193993,4
192759,4
44861,3
9917,4
7375,3
153640,3
21990,4
155486,4
47074,4
96202,3
166615,4
92750,3
111009,4
145105,4
771,3
158392,4
80738,4
124112,4
138881,4
185624,4
26900,4
63233,3
20967,3
40621,4
99492,4
134219,4
28651,4
59590,4
74050,4
31894,3
16749,3
68648,3
82212,4
84971,4
170413,4
50387,4
98565,3
158165,4
3495,4
96925,4
139300,4
17280,4
3082,4
7778,3
2708,4
181411,4
157452,4
97338,4
57378,3
92676,3
125507,4
181465,4
20211,4
94625,4
158923,4
198389,4
6057,4
41940,4
205515,4
59886,3
170602,4
133454,4
184311,4
158615,4
28655,4
15111,4
156877,4
205896,3
101950,3
186774,3
139058,3
131254,3
68504,4
51046,4
190382,3
195476,4
88870,4
97759,3
32416,4
185149,4
30243,3
181093,4
146377,4
168368,3
47888,4
73378,4
67715,4
25674,4
127490,4
196810,3
33986,4
108278,3
19763,3
31434,4
9505,4
31343,4
82808,3
169440,4
73413,4
160688,3
205419,4
130796,4
170942,4
194965,3
37669,4
114769,4
56687,3
192307,4
48305,4
87150,4
122775,4
199368,3
126958,4
133677,4
3697,4
162121,4
184829,4
11277,4
135768,3
40722,3
139846,3
180144,3
13403,3
6369,4
78264,4
42466,3
179478,4
132350,4
133079,4
134858,3
30643,4
176835,4
57295,4
188543,3
138105,4
24473,3
67175,4
164888,4
69210,3
100542,3
25618,4
52094,4
205530,3
199310,4
173774,4
63541,4
180259,4
58116,4
193156,4
29783,3
83101,3
188537,4
119140,4
62993,4
189980,4
70980,3
19046,4
199576,4
43680,4
80187,4
6619,4
3112,4
103680,3
38555,4
124651,3
116709,4
196677,3
173062,4
27059,4
145641,4
86501,3
3025,4
176526,3
81927,3
107086,4
152161,4
19208,4
17619,4
9948,4
74243,4
133824,4
17520,4
135599,3
108058,4
39588,4
185672,3
114870,3
179288,4
28299,3
194239,4
114315,3
137571,4
144396,4
106319,3
178530,4
175684,4
27841,4
146533,4
129817,4
110416,4
29937,4
11391,4
147614,3
52406,4
71243,4
67326,4
104848,4
50164,4
197131,4
55942,4
108879,4
59415,3
50585,3
23662,4
116092,4
138523,4
114518,4
130493,4
148495,4
48922,3
177905,3
114442,4
42335,4
50593,3
82303,4
48204,4
86079,4
40313,4
166347,4
138134,3
194003,4
179213,4
99375,3
190280,3
30908,3
180428,4
164859,3
57446,4
90989,4
25296,3
19155,4
71342,3
18944,4
46734,4
125256,3
56805,4
100436,4
64690,4
9269,3
149561,4
114100,4
66561,4
172386,4
97934,4
64525,4
160784,4
54031,4
118654,3
59812,4
34235,4
204449,4
35801,4
42359,4
179697,3
145759,4
155219,3
65329,4
80416,4
179150,4
79433,4
131803,4
90974,3
101324,4
57514,4
59917,4
119217,3
36029,4
46568,4
14251,3
100459,4
92023,4
150612,4
50342,4
129169,3
108860,3
185419,4
59234,4
170898,4
164943,4
149541,3
194328,4
126940,4
178861,4
122050,4
78919,4
148806,4
134423,3
169836,3
19971,3
20408,4
135092,4
160837,4
167379,4
184230,4
118000,4
114138,4
147779,3
120451,4
163268,4
79552,4
157515,4
74641,4
60901,4
572,4
158828,4
152898,4
71854,4
109182,4
105573,4
64649,3
55304,3
40897,3
26484,4
72985,4
80289,3
101401,3
77596,3
192563,3
197137,3
61759,4
185616,4
173730,4
736,4
117712,3
175105,4
51350,4
133704,3
94808,3
94681,4
45656,3
85652,3
108088,4
174014,4
88296,3
10752,4
142828,4
3028,4
126360,3
138977,3
60009,4
60392,4
111556,4
54393,4
70657,4
66289,4
101420,3
192202,4
99784,4
17299,3
154889,3
67783,4
134253,3
190976,3
202832,3
112902,4
62155,4
194338,4
155620,4
97611,4
123413,4
51553,3
62575,3
37976,4
117649,4
111647,4
152390,4
61019,3
80979,4
164197,3
203021,3
121078,4
110252,4
139774,4
193692,4
103797,4
180021,4
129743,3
78166,4
136783,4
185350,4
71616,4
15810,4
180422,3
12926,3
162558,4
203928,3
105899,4
126381,4
59342,4
88407,4
46807,4
75420,3
170286,4
99650,4
137447,4
182096,4
32767,4
169557,4
92586,4
119007,4
165091,4
120059,4
205620,4
100221,4
32790,3
49277,3
196441,3
67236,3
124696,4
126902,4
27346,3
15360,3
65323,4
175111,3
173264,4
149151,4
86145,4
72382,3
116155,4
13760,3
140228,3
135332,3
82190,3
153128,3
40337,3
27118,4
128778,4
199887,3
116259,3
36923,4
101861,4
31621,4
39845,4
138524,4
31209,3
85937,4
193093,4
188116,4
168126,3
7164,4
131262,4
198580,4
75914,4
138334,3
50480,4
4328,4
113014,4
48266,3
132408,4
119447,4
177398,3
25701,3
82278,4
30415,3
159824,4
169949,4
187443,4
121994,3
25387,4
29990,4
204186,4
133750,3
105606,4
205130,4
24030,4
184741,4
74663,3
90244,4
22682,4
54807,4
153135,4
28229,3
126369,4
75807,3
46894,3
173826,4
99258,4
82927,3
37682,3
138910,3
43917,3
34963,3
89416,3
91862,4
196468,3
40974,4
34146,4
95070,4
138959,4
110759,4
20776,4
191845,4
52717,4
201018,4
123440,4
147485,4
75997,4
143618,3
60594,4
128189,4
133666,4
188043,4
125416,4
105211,3
74610,4
25170,4
99235,4
188460,4
92671,4
195891,4
50355,4
131828,3
187406,3
28157,3
107276,4
139764,4
30256,4
30729,4
72900,4
170971,4
141416,4
36430,4
186369,4
159297,3
41071,4
38141,4
119176,4
163205,4
29891,4
112288,4
200655,4
2615,4
175109,4
163356,4
173347,4
155440,4
71910,4
85500,4
80617,4
126752,4
13745,3
98775,4
50360,3
161169,4
66546,4
21864,4
57341,4
181823,3
121541,4
154320,4
50557,3
112021,4
33558,4
157680,4
137822,4
93374,4
189536,4
201372,4
122978,4
20491,4
77061,4
30150,3
147710,4
98447,4
128765,4
52116,4
182012,4
77368,3
124266,4
144711,3
33331,4
26734,4
202792,4
202539,4
14389,3
121510,4
49635,4
114157,4
65965,4
24554,4
6727,4
81853,3
80285,4
47785,4
77066,4
8647,4
34729,4
179235,4
133580,3
30499,4
150685,4
192643,4
204731,4
123560,4
140511,3
37658,3
158770,4
99738,4
18809,4
70144,3
174835,3
179255,4
45443,3
157602,4
122679,4
269,3
10480,4
63617,4
74788,3
204017,4
67880,4
35440,3
178414,4
123886,4
43433,4
102378,3
183673,3
106198,4
45655,3
99028,4
26542,4
27298,4
49737,4
28695,3
71321,4
162896,4
93634,4
133902,4
191651,3
36942,4
23279,4
138225,4
32884,4
3207,4
123348,3
80585,4
87550,4
32276,3
8863,4
166626,3
91116,4
116657,4
140385,4
23196,3
189035,4
60490,4
43092,4
188195,4
95251,4
64414,4
184478,3
164017,4
52425,3
2479,4
125115,4
105276,4
10693,4
29613,4
186997,4
144862,4
100892,3
130320,4
114803,3
119199,4
184101,4
152377,4
138020,4
69122,4
122341,4
74913,4
148128,4
90386,3
83753,4
24779,4
75893,4
9038,4
168911,4
26809,4
34712,3
16885,4
117277,4
128233,4
47401,4
119231,4
82347,4
24357,4
8525,4
147246,4
80570,3
160069,4
6429,4
129945,4
149538,4
205621,3
148072,3
60423,3
117564,3
98626,4
189399,4
82435,4
16271,4
111185,3
186489,4
12281,4
128963,4
3136,3
2922,4
148088,4
70626,4
147227,4
77327,4
1085,4
127298,4
4619,4
203912,3
70022,4
188530,4
42936,3
163830,4
122871,3
23592,4
161103,4
174637,4
108284,4
170986,4
205230,3
116760,4
4191,4
40026,3
47696,4
173873,4
135947,4
109639,4
71030,4
188995,4
34877,4
62341,4
167761,4
201483,4
79489,4
119576,3
182538,4
70579,4
87474,3
123971,4
115344,3
125177,4
147497,4
60048,3
49668,4
43759,4
126202,3
151473,4
126144,4
80250,4
183310,4
62091,4
158990,4
139834,4
166868,4
205048,4
142916,4
131830,3
156570,3
36100,4
52816,3
88021,4
589,4
102971,4
77870,4
180269,3
171612,4
119374,4
84739,4
4070,4
97718,4
1074,3
114485,4
25162,3
73806,3
131966,4
47383,3
26187,3
108023,3
76076,4
12019,3
123034,4
72255,4
112652,4
116023,4
134748,4
16859,4
72512,3
130476,4
109441,4
205547,4
145860,3
205841,4
46505,3
137219,3
32496,4
29083,4
80953,3
178274,3
103736,3
15150,4
32932,3
193132,4
132695,3
59795,3
28389,4
203940,4
74451,3
52269,4
152742,3
113712,4
38097,4
205842,4
24092,4
16763,3
63564,3
181662,4
193590,4
177410,4
147629,4
194252,3
16607,3
9179,3
103086,3
129897,4
100300,4
181954,4
49428,4
79571,4
168256,4
61094,4
51183,4
156185,4
67000,4
78543,4
176518,4
114297,4
201655,4
5215,4
198039,4
165867,4
50870,3
43191,3
177599,4
202178,4
150046,4
52435,4
103715,4
119855,3
176575,4
185245,4
97461,4
186714,4
40992,4
127290,4
106488,4
76732,4
60171,3
198090,4
67073,4
129082,4
128645,4
55890,4
174429,4
131410,4
121863,4
171943,4
41313,3
83358,4
41536,4
80506,4
169562,4
206076,4
42682,4
58129,3
25804,3
30459,4
4992,4
20416,4
9863,4
52299,4
43312,3
77494,4
23025,4
28583,4
46519,3
16814,3
44798,4
191792,4
195697,4
180590,4
190649,4
126510,3
34697,4
172984,4
3458,3
24972,4
169785,4
61790,4
174250,4
177597,3
144555,3
173230,4
132858,3
138543,4
97898,4
12880,3
3125,4
65048,3
143867,4
163021,3
10973,4
183666,4
164427,4
65261,4
56664,4
186170,4
4370,3
71288,3
55016,4
79065,3
157964,4
5251,4
171974,4
113239,4
133619,4
138462,4
90379,4
83144,3
74928,4
82115,4
162055,4
105774,3
34890,3
145571,4
191525,4
144454,4
170047,4
122124,4
20499,4
126724,4
13646,4
131659,4
1057,3
113530,4
179086,3
83167,3
84801,4
81526,4
3839,4
150218,4
180068,4
140107,3
68417,4
46107,4
102871,3
108082,4
162734,4
181844,4
106340,4
93409,4
29457,4
114514,3
37212,4
178467,4
99374,3
29082,4
186429,4
147370,4
203534,4
73173,4
204434,3
17130,3
198260,4
168350,4
116050,4
135015,4
129765,4
94570,4
7667,4
24809,3
65457,3
85284,4
132142,4
151034,4
130770,4
65216,3
180213,3
104651,4
172108,3
4488,3
115999,4
117000,4
184445,4
146562,3
138316,4
85884,3
26790,3
165055,4
133432,3
177574,4
194665,4
96578,3
12756,4
4293,4
194827,4
77586,3
98809,3
62272,4
28107,4
96318,4
164313,4
72771,4
203055,4
139388,4
77369,4
168095,4
42615,4
24525,3
137638,4
54049,4
147422,3
2499,4
171071,4
42482,4
45306,4
31051,4
12196,3
139646,3
162246,4
106280,3
169359,4
57616,4
9775,4
10069,3
35032,4
37340,4
102905,3
20607,4
132127,4
31839,4
75496,4
47098,4
130117,3
42354,4
122519,4
47851,4
32293,4
144140,4
75065,4
186151,4
190711,4
161515,3
12213,4
156121,4
130827,4
181718,3
27217,3
195089,4
149106,4
48668,4
26400,4
62421,3
92351,4
165118,4
116701,4
88366,4
14785,3
48120,4
8795,4
155269,4
164540,4
126332,4
22384,4
86136,4
33887,4
51418,4
118890,4
105551,4
110859,4
170832,4
144097,3
42473,4
139993,4
151300,4
35464,4
116696,4
117535,4
36577,4
101913,4
205932,4
51525,4
122470,3
133508,4
42196,4
129858,4
92529,4
191756,3
69962,4
151484,4
102792,4
73991,4
111888,4
103163,4
94599,4
139785,4
53025,4
168658,4
111929,4
8155,4
7089,4
83459,3
196207,3
96491,4
4011,4
168314,4
14937,4
126830,4
91311,4
69799,4
185068,4
72594,3
198786,4
35694,3
90921,4
199482,4
59154,4
158653,4
29766,4
201020,3
85208,3
35605,4
105608,4
195684,4
200319,4
82467,3
55994,4
132051,3
196527,4
198018,4
122474,4
86107,4
50238,4
107902,4
13372,4
86496,3
38277,4
61527,4
178360,3
55485,4
156760,4
171539,4
62185,4
160765,4
56141,3
159256,3
190838,3
71938,4
30790,4
163905,4
95567,4
115096,4
178164,4
149973,3
112085,4
129754,4
28918,3
9991,4
47813,4
96034,3
170331,4
31892,3
85724,3
36880,4
16611,4
179183,4
202036,3
107488,3
137766,3
51518,4
149690,3
104473,3
141493,4
45184,4
1063,4
154531,4
81949,3
98159,4
13629,3
198332,4
163277,4
109954,3
143295,4
11708,3
94377,4
119137,3
54580,4
107318,4
122789,4
158991,4
154315,3
70712,4
9253,3
190684,3
85736,4
27578,4
171246,4
173382,4
112860,3
110244,4
161433,3
3282,4
108620,4
182755,4
121640,4
138613,4
195658,4
19209,4
99213,4
175107,4
159561,3
21608,4
181312,4
161638,4
82826,4
185675,4
202329,3
156426,4
63119,4
198297,4
21148,4
95776,4
89189,4
199807,4
85549,4
83489,4
57053,3
182953,4
195116,4
202073,4
160152,4
175241,3
43377,4
138939,4
70203,4
145472,4
202625,4
80458,4
29070,3
197141,4
25171,3
6443,3
177381,4
179273,4
116625,4
94524,4
42861,4
46698,3
149720,4
120753,4
28687,4
114559,3
86346,4
174940,4
118647,4
105654,4
47338,4
23977,4
169588,4
186600,4
142370,4
145139,4
14311,4
131934,4
194441,4
204411,4
194062,4
14170,3
133863,4
153936,4
7712,4
59643,4
102302,4
30835,4
13856,4
54586,4
80229,4
163092,3
93002,4
113506,4
36814,3
54883,4
89437,4
159252,4
27235,3
105666,4
43097,4
60913,4
174472,4
139460,3
117458,3
145143,3
155125,4
143553,3
3281,4
20567,4
24919,3
148837,4
100277,4
178835,3
169435,3
24176,4
139010,4
61382,4
132664,4
46084,4
189883,4
21286,4
86821,4
51056,4
50328,4
47569,4
140349,4
118930,3
41312,4
69986,3
60426,4
160753,3
156867,4
26012,4
204201,4
33426,4
54699,3
40837,4
93689,4
198507,4
44445,4
115601,4
83667,3
123257,4
104309,4
156072,4
118467,3
165231,4
135428,4
165696,3
95718,4
169693,4
87229,4
29893,4
98632,4
182590,4
26170,3
2521,4
177774,3
76288,4
138027,3
128064,3
116603,4
123825,4
90222,4
72200,4
93351,4
145542,3
24346,4
2509,3
158004,4
152736,3
77713,4
115177,3
72015,4
183526,3
100269,4
197229,4
90879,4
118387,3
32460,4
16834,4
180772,3
40153,4
51827,3
95783,3
12610,3
80453,3
25421,4
80744,3
16941,3
107685,4
7553,4
75983,4
73792,4
137777,4
179434,4
108427,3
2224,3
141699,4
126637,4
188932,3
8698,4
112163,4
74517,4
130119,4
98704,4
198983,4
198632,3
16059,4
167213,4
197030,4
172964,3
68662,4
182660,4
29947,4
46144,3
97497,4
79339,4
65790,4
53473,4
117629,4
170003,4
137102,4
70460,4
129340,4
25519,4
155536,4
189722,4
109010,4
184515,4
131622,3
66501,4
58171,4
57398,4
177102,4
122872,4
57120,3
57510,4
54434,4
96238,4
118592,3
199900,4
52556,4
53271,3
98774,3
116393,4
61916,4
85693,4
127227,4
201262,4
51701,3
81194,4
48798,4
29354,4
106788,4
172495,4
6078,3
186629,4
150436,4
36765,3
76467,3
130338,4
29718,3
168413,4
109772,4
109733,3
16167,4
13091,4
49590,4
61832,4
101254,4
148438,4
174484,3
108999,3
174961,4
177505,4
750,4
176796,3
26100,4
89927,4
183772,4
197628,4
195194,4
139181,4
64318,3
34448,4
193117,4
94852,4
188907,4
87315,4
96974,4
176502,3
174073,4
70006,4
63627,3
9112,4
144709,3
118887,4
61908,3
185433,3
19332,4
156087,4
48913,4
175262,4
640,3
149492,4
64685,4
183217,4
196266,4
142663,3
134553,4
7518,3
39159,4
10319,3
3930,4
167205,4
164195,4
33078,4
52802,4
205429,4
97528,4
117280,4
17350,3
85343,3
137006,4
51851,4
83701,4
33601,4
47571,4
54209,4
191184,4
34221,4
194876,4
122671,3
93651,4
77789,4
173944,3
42882,3
78941,4
98381,4
50517,4
76562,4
192668,4
20198,4
113533,3
59537,4
10369,4
44832,4
71143,4
70409,4
1333,4
40521,3
113055,3
115905,3
46835,3
131342,3
18736,4
128503,4
85293,4
43340,4
49876,4
198779,3
49806,3
202931,4
155460,4
4812,4
3055,4
5851,3
367,4
73340,3
173351,4
118344,4
198370,3
187824,4
50689,3
4126,3
179315,3
131603,3
113822,4
176073,4
55160,3
184750,4
128882,4
81542,3
112217,3
194317,4
161327,3
110247,3
95563,4
148478,3
31520,4
122503,3
130580,4
56762,4
37114,3
62614,4
50771,3
145202,4
64324,4
19189,4
191168,4
11332,4
105351,4
62476,3
114942,4
165122,4
163917,4
117215,4
92440,3
83004,4
49622,3
69827,3
115542,4
21870,3
24701,4
64728,3
18811,3
37425,4
82841,3
205305,4
61092,4
110597,4
31592,4
66695,3
183771,4
87303,3
84336,4
151839,3
66406,4
58179,4
162629,3
25934,4
193483,4
177395,4
40160,4
104683,3
184644,3
57195,4
83176,3
13771,4
135812,4
191943,4
159425,4
91222,4
158793,4
79455,4
72841,4
14713,4
155878,4
1282,4
74241,4
72959,4
157699,4
18043,3
174385,4
88438,3
154252,3
77669,4
171139,4
198676,4
164447,3
116640,4
24894,4
150771,4
88080,3
139672,4
189245,4
125894,4
13890,4
4707,3
34798,4
134398,4
30166,4
132160,4
62720,4
181021,4
44004,4
172213,3
137650,3
140674,4
3511,4
90846,3
205427,4
21763,4
57126,4
161884,4
42778,4
115288,4
57108,4
24115,4
145717,3
142997,3
137545,4
36960,4
77240,3
159682,3
64925,4
190721,4
31929,4
7109,4
46161,4
198857,4
152944,3
146465,4
2494,4
60589,3
10923,4
199730,4
49208,3
43287,4
74802,3
104346,3
5347,3
96016,4
27100,4
170213,3
28890,4
155727,4
144258,3
63346,3
73377,4
63194,4
114291,4
7887,4
158777,3
158360,4
142882,3
13933,4
160889,4
114840,4
95041,3
3933,4
2014,4
38791,4
145369,4
99997,3
64181,4
90645,4
164458,4
100996,4
74132,4
106712,4
101440,4
81498,4
69292,3
87294,4
151043,4
194156,4
135516,4
141741,4
114989,4
87600,4
168481,4
49317,4
139866,4
117866,3
75834,4
11865,4
37326,4
114481,3
71694,4
144817,3
194169,4
177302,3
19683,4
147975,3
194002,3
53193,4
93069,4
157883,4
173500,3
1970,4
163447,4
164287,4
168545,4
50265,4
161313,4
3668,4
93444,3
149475,4
110389,3
29445,3
131386,3
157909,4
86612,4
48404,4
122494,4
102658,4
47319,3
57791,4
90534,4
189392,4
5733,3
86962,3
44667,4
30972,4
49004,3
121358,4
94039,3
136678,4
86800,3
88944,3
130092,4
128857,4
164978,4
108345,4
81769,4
145983,4
95583,4
102620,3
98964,4
20618,3
25267,4
50083,4
130756,4
95791,4
159859,4
129161,4
25447,4
130370,4
25682,4
39031,4
103597,4
64788,4
174623,4
5550,4
131764,3
152630,3
54864,4
151714,4
197542,4
163270,4
82012,3
38368,4
68816,3
39228,4
177865,4
24451,3
195302,4
2980,4
164583,4
14204,4
90211,4
172230,4
198904,4
188626,3
12335,4
199130,4
75701,4
108080,3
9065,3
73870,4
19164,4
146669,4
186862,4
40577,3
173036,3
7517,3
49709,4
200122,4
57417,4
69607,3
44436,4
31325,4
131556,4
108492,4
51408,4
168589,4
40448,3
164746,4
158222,4
107131,4
35558,4
105933,4
190755,4
74092,4
123395,3
192576,4
153547,4
159182,4
20445,4
183975,4
170850,3
87661,3
170445,4
54867,3
76769,3
1686,4
138529,3
54827,4
140752,4
92025,3
132824,4
204011,3
161081,4
18334,3
116646,3
159030,4
58403,4
32681,4
94036,4
282,4
65680,4
117351,3
189524,3
128467,4
165892,4
191942,4
155051,4
68109,3
189803,4
185716,4
19462,3
154161,3
22898,4
40869,3
160877,4
106770,4
123734,4
150235,3
86323,3
160890,3
144510,4
68899,3
5078,3
163070,3
143231,4
67986,4
164631,4
26754,4
133544,4
88023,4
177658,4
173298,4
188516,4
75285,3
54923,4
27471,4
44352,3
63837,4
109616,4
105740,4
175274,3
27272,3
164662,3
90666,4
37661,4
37062,4
53810,3
107603,4
122443,4
170107,4
135624,4
180652,4
50526,3
179621,4
161070,4
2829,4
100788,3
97170,4
197362,4
126245,4
30410,3
136455,3
94242,4
164519,3
131226,4
142628,3
120206,4
54609,4
160645,4
61091,4
145669,4
116811,4
167744,3
62821,4
1508,4
154618,4
107958,4
61076,4
70596,4
20461,4
182384,3
77329,4
83267,4
186984,3
621,4
193703,4
129892,4
138918,4
89195,4
128260,3
10678,3
10802,4
180341,3
173656,3
644,4
24985,3
168586,4
97438,4
170744,3
184875,3
87104,4
73095,4
112156,3
10931,4
52602,4
135352,4
102179,4
38144,4
56774,4
49120,3
189675,4
143953,4
31666,4
67747,4
114760,4
85904,4
141973,3
88163,4
81861,4
85864,4
87292,3
72892,4
142612,4
77349,4
38537,4
2389,3
130079,4
132894,4
116073,3
165127,4
106129,4
60834,3
174249,4
87606,4
61146,4
84319,4
191175,4
141143,3
128910,4
188831,4
23358,4
26459,4
48156,3
55871,4
127035,4
168973,4
91288,3
39084,4
145073,4
107855,4
13155,4
141619,3
44495,3
123455,4
138879,4
62057,3
206050,4
27508,3
172129,3
143981,4
198615,3
118716,4
165832,4
42989,3
4113,4
14564,4
147249,4
131804,4
156241,4
52100,4
114825,4
21402,4
73481,4
122499,4
143200,4
93137,4
51266,4
160464,4
145589,4
204361,4
69484,3
174009,4
91907,4
142196,4
107968,4
1604,4
79872,4
205467,4
169620,4
106874,3
151194,3
98969,4
179776,4
169433,4
33629,4
74561,4
174312,4
59903,4
168639,4
147592,3
132708,3
174671,3
74907,4
36915,4
193350,3
173462,4
163455,4
37386,4
12933,3
114872,4
193882,4
44112,4
199964,4
32196,4
197812,4
34441,4
78743,4
23081,4
75640,3
190698,4
98319,3
51671,4
80104,4
21090,4
191666,3
10735,3
68671,4
139093,3
18091,4
122928,4
130321,3
132107,4
85552,4
124356,4
41262,3
132862,3
92010,4
153231,3
49259,4
190266,4
87986,4
76583,4
13003,4
137535,3
42636,4
73720,4
82067,3
133040,3
91337,4
95801,4
99445,4
151890,4
100604,4
172949,3
39070,3
76969,3
116359,4
47964,4
178902,4
18806,4
166461,4
131532,3
377,4
121670,4
127077,3
199784,3
118978,3
64975,4
183874,3
168755,4
42787,4
197773,4
116852,4
134639,4
109995,4
38067,3
172691,4
27323,4
104260,3
86081,4
183358,4
152851,4
113724,4
19037,3
139427,4
46744,4
12003,4
172839,4
62540,3
142022,4
113627,4
155549,3
27002,4
155523,4
101280,3
27865,3
192316,4
171219,4
157352,4
29690,3
73907,4
79014,4
117036,4
95165,4
112866,4
160731,4
73614,4
202534,4
20155,4
144648,4
104305,3
70358,4
101451,4
114699,3
96668,4
89151,3
79821,3
157559,4
188773,4
87574,4
86917,4
11585,4
78249,4
185822,4
48463,4
157040,4
2023,4
185333,4
42800,3
69362,4
33875,4
203798,3
164162,4
17088,4
194119,4
101293,4
113608,3
107089,4
42544,4
129441,4
89652,4
85999,4
124049,4
195277,4
53853,4
58807,4
28767,4
18530,3
52114,3
149098,4
170915,3
200084,4
159121,4
90011,3
21602,3
172614,4
130519,3
91277,4
8291,4
59617,3
81008,3
13140,4
43522,3
40050,4
67548,4
174242,4
86237,3
75064,4
30946,4
194426,4
86064,4
188238,4
136325,4
163379,4
51810,4
115972,4
169268,4
6807,3
111192,4
54570,4
122407,4
66951,4
49097,4
191467,4
13272,3
108026,4
17193,4
133373,4
137953,3
151653,4
49922,3
119386,4
95523,3
142180,4
53032,4
45606,4
86360,4
118995,4
71391,3
19084,4
85456,4
65729,3
153399,4
181794,4
20476,4
141103,3
55428,3
21382,3
3157,4
179959,4
98853,4
93643,4
95138,4
203890,4
15905,4
123541,4
64393,4
188400,4
48901,3
199150,4
156370,4
20497,3
52256,4
204566,3
17836,4
95670,4
125007,4
183472,4
29131,4
145013,4
66166,3
32551,4
147771,4
155643,4
139889,4
73228,3
203950,4
146378,3
51265,4
148781,4
83531,3
195967,4
190277,4
100288,4
126670,4
153393,4
153562,4
203760,4
399,4
80632,4
153089,4
153233,4
172337,3
116282,4
12471,4
19375,4
124179,4
67079,3
24153,4
147981,4
129203,4
131553,3
169896,3
192453,4
79985,4
111359,3
113853,4
112787,4
205705,4
30104,4
108189,4
105680,3
131258,3
85266,4
51743,3
8041,4
124846,3
15866,3
59452,4
2088,3
140359,3
100959,3
139819,4
29100,3
135623,4
161949,4
183134,4
9346,4
164032,3
182983,3
7860,3
59217,4
144602,3
108970,4
10603,4
3376,4
9550,4
89401,4
30638,4
92251,3
25764,3
58280,4
88637,4
75721,4
126334,4
177079,4
160626,4
160239,4
80037,3
35964,4
136399,4
158744,4
27203,4
84061,3
98407,4
49592,3
126512,3
85127,4
138100,4
65426,3
116428,4
97818,4
68853,4
1560,3
127836,4
130346,4
124302,3
138517,4
49069,4
78021,3
194396,4
96796,4
125617,4
189516,3
180242,4
15472,4
140765,4
169034,4
79633,4
161731,4
96557,4
204901,4
32891,3
103577,4
78362,4
36959,4
85297,4
125576,3
115158,3
107676,4
53716,4
64848,4
118352,4
85046,4
185181,4
158944,4
189026,3
136731,4
147965,4
65717,4
194143,3
1068,4
187704,4
36355,4
69005,3
44729,4
67899,4
182175,4
167606,4
140949,3
9717,4
74012,4
191709,3
179230,3
145802,4
71060,4
203980,4
57427,4
104334,4
137870,3
173713,3
131023,4
155332,4
146009,4
13283,4
101934,3
65384,3
128020,4
189769,3
118354,3
96765,3
194337,4
3172,4
76126,4
100207,4
421,4
15565,4
68607,3
10848,4
109840,4
202254,3
152623,3
146776,4
91823,4
51341,3
6547,4
162670,4
80411,4
119295,4
137570,4
8242,4
169016,4
34409,4
53175,4
67734,3
172668,3
132802,4
38405,4
95177,4
80655,3
129113,4
22810,4
147016,4
144240,4
54003,4
125344,4
46246,3
49167,3
136781,3
58601,3
24427,3
18991,4
43431,4
144220,4
184316,4
154870,4
188363,4
115807,3
30054,4
103652,4
6932,4
183464,4
179005,3
87869,3
130764,3
138678,4
81604,4
195717,4
68686,3
139056,4
119727,4
50004,4
47535,4
197892,4
92632,4
64736,4
55571,4
72913,4
75261,3
6862,4
81237,4
127639,4
25355,3
133538,4
100138,4
159088,4
99837,4
135891,4
37904,3
167691,3
10852,4
160348,4
16555,4
148188,3
163367,4
39842,4
59374,4
195866,4
22879,4
27098,4
119510,3
205281,4
26650,4
164452,4
35284,3
138371,3
60652,4
4288,4
115424,4
177735,4
42089,4
143276,3
37813,4
52766,4
156280,4
176193,4
25423,3
149332,4
80331,4
55869,4
35471,4
185394,4
29049,4
35062,4
95532,4
20987,4
163056,4
94960,4
187623,4
20282,4
61728,4
102559,4
202244,3
67574,4
74136,4
197766,4
78820,4
6403,3
105531,4
154185,4
3945,4
115942,3
105616,4
120436,4
99395,4
91920,4
165470,4
99179,4
61995,4
131135,4
151297,4
133993,4
159722,4
185124,4
126903,4
130379,4
19812,4
92740,3
189807,4
93856,4
95324,4
93560,4
103460,4
140865,3
161689,3
33743,3
74031,4
148458,3
94091,4
65312,4
146761,4
186166,3
141188,4
133782,4
177594,4
151764,4
87453,4
24350,4
200734,3
165529,4
157404,4
159749,3
188989,4
205734,3
192344,4
98113,4
37739,4
70701,4
89722,4
179542,4
5671,4
8576,3
102120,3
125660,4
10854,3
69088,3
204429,3
181106,3
160529,3
74171,4
179204,4
46104,4
33493,3
91530,3
164989,4
161162,4
49781,3
70173,4
67022,4
98108,4
203988,4
53372,4
145419,4
120373,4
204551,4
5084,4
167818,3
37727,4
18486,4
40349,3
30470,4
4996,4
15264,4
196749,3
37805,3
155302,3
43506,4
50170,4
14193,4
30621,4
30008,4
136931,3
170115,4
29173,3
145821,3
40872,4
74251,4
114032,4
111653,3
48331,4
40051,4
31398,4
79325,4
135065,4
155140,3
84806,4
191272,4
128432,4
130086,3
31588,4
149807,3
51532,4
125124,4
93835,4
115345,4
90774,4
190082,3
139868,4
31942,3
176830,4
143124,4
44588,4
89023,4
5184,3
98289,4
177515,4
87205,4
122762,4
9656,4
188556,4
190783,4
59014,4
151748,4
67317,3
8866,4
41236,3
30556,4
140065,3
6926,4
147767,4
146029,3
27318,4
188818,4
172148,4
161076,4
97366,3
32877,4
164664,4
12751,4
186017,3
187934,4
11472,3
27426,4
128472,4
49289,3
116712,3
17774,4
8581,3
142265,4
11416,4
125198,4
84149,4
51229,4
9037,4
15698,3
64785,4
69709,3
88049,4
24345,3
185661,3
19828,3
142543,3
38992,4
25810,4
155357,4
81541,4
74841,3
165610,4
174960,4
153717,4
45119,4
143119,3
186757,4
188256,4
158705,3
7026,4
135401,4
128600,4
111841,4
200862,4
42772,3
24976,4
174724,3
84574,3
12032,4
189786,4
94617,4
96063,3
48347,3
37726,4
16081,4
135827,4
195256,4
11247,4
70953,3
53253,4
72264,3
99070,4
188449,4
180463,3
191596,4
180245,4
146069,4
95054,4
36160,4
44361,3
80761,4
103438,4
160066,4
168062,3
20434,4
63382,3
143645,3
45745,4
119528,4
8127,4
192371,3
33243,4
15769,4
124511,4
52405,3
55561,3
63180,4
20578,4
183590,4
36284,4
118194,3
112331,3
180685,4
188000,3
67782,4
4857,4
181901,4
117139,4
168700,4
1877,4
146259,3
85883,3
7566,3
38538,3
189706,4
94368,4
52115,4
31511,3
120885,4
43752,4
111628,3
179272,4
189119,4
34655,3
110154,4
25840,4
111660,3
149506,4
94777,3
22354,4
44701,4
52057,3
39888,4
139195,4
199152,4
56382,4
128185,3
182842,4
46532,4
164472,4
179362,4
121594,4
53223,3
13306,4
7779,4
188103,4
54493,3
182516,4
167089,3
161091,3
197677,3
53582,3
107836,4
144195,4
180355,4
141470,4
177671,4
176029,4
64011,4
106157,3
142836,4
24393,4
113758,4
155504,4
113781,4
84501,3
172831,4
102217,4
70521,4
65342,3
10959,4
105512,3
134457,4
86486,4
155573,3
131367,4
156858,3
119291,4
6161,4
203907,4
44156,4
66598,4
105866,3
112900,4
159154,3
203038,4
116730,4
11506,3
126621,4
182592,4
180495,3
126850,4
126626,4
46390,4
66769,3
14619,4
52526,4
119535,3
70320,4
167892,4
127651,4
166245,3
96584,4
96382,3
179680,4
65073,4
197111,3
73675,4
128970,4
146245,4
25435,4
31218,3
167576,3
90556,3
202489,4
44636,4
182195,4
52901,4
184688,3
27325,4
168184,4
109027,3
201029,4
84621,4
49633,4
62316,3
64140,4
100356,4
118180,4
6731,4
60786,3
1534,4
176503,4
163698,4
103289,4
104025,4
101374,4
37453,4
102436,3
161991,4
179184,3
38346,4
123821,4
151069,3
116170,4
156888,4
17768,3
159292,4
77795,4
191357,4
192428,4
56036,4
110923,4
155665,4
47423,4
205452,4
189240,4
92835,4
157864,4
166670,4
42013,3
182521,3
156561,4
201118,4
123730,4
72657,4
98962,4
55974,4
90571,4
202093,4
40468,4
201110,4
127958,4
138331,3
175374,4
98310,4
63593,4
189990,4
158279,3
24496,4
92912,4
65751,3
187187,4
67528,4
181419,4
25613,4
104518,3
120738,4
126195,4
65960,4
175859,4
203078,4
18749,4
5358,4
60610,3
50945,4
166930,4
176326,3
111320,4
40010,4
104883,4
118125,3
101133,4
77189,4
182165,3
100628,4
161248,3
46637,3
47102,4
37255,4
118864,3
35840,4
6506,4
85347,4
73362,4
179802,3
80547,4
115336,4
127536,4
62708,4
161251,3
42001,3
17335,4
141004,3
120043,4
133323,3
12754,4
170949,4
201703,4
18039,4
185888,4
92711,4
75411,4
145693,3
146681,4
172161,4
114159,4
159787,3
129708,4
4462,3
33523,4
58127,4
145522,4
27046,4
179557,4
133831,3
163884,4
146492,4
143807,4
44699,3
155374,3
118645,4
125861,4
134833,4
138815,4
17343,4
7573,4
157471,3
161273,3
95633,4
186292,3
36334,4
13789,4
93306,4
197341,4
130777,3
125180,4
167142,4
43766,3
41561,4
174547,4
198523,4
79242,4
139213,3
81672,4
113745,3
161247,3
3508,4
16878,3
115685,4
104500,4
99241,3
41997,3
198828,4
74732,3
131347,3
199307,4
56829,4
71402,3
33975,4
58220,4
15987,4
188813,4
10599,4
130512,4
185410,3
160931,3
20795,4
6247,4
103389,3
24787,4
42190,4
15254,4
159106,4
122677,4
106758,3
72051,4
163462,3
162519,4
101043,4
115889,3
90502,4
134582,4
34446,4
100336,4
78625,4
128131,4
153488,4
11413,4
3014,4
156390,3
177765,3
66649,4
140163,4
136216,4
177591,4
160834,4
50395,3
107454,4
131664,4
197158,3
88489,3
205797,3
88387,3
182747,3
201331,4
132071,3
193046,4
198163,3
63809,4
70604,4
145901,4
103559,4
75301,3
200842,4
58266,4
112846,4
198697,3
162378,4
135005,3
104039,3
8620,3
100484,4
140043,3
88136,3
7070,3
28529,4
99437,4
199616,4
112212,4
61059,4
6500,4
174155,4
12970,3
173770,4
195888,4
148922,4
143043,4
45419,3
146783,3
51908,4
124777,4
150842,4
62104,4
37938,3
123881,3
21814,4
28051,4
63393,3
61393,3
44570,3
27551,4
105340,4
139200,3
21487,4
33640,4
24401,3
95500,4
103079,4
80047,4
160918,3
145201,4
139169,4
120076,4
56233,3
196366,3
189991,4
80848,4
108744,3
95672,4
79538,4
199088,4
125619,4
186259,3
120142,4
145019,4
84942,4
54179,4
32613,4
109635,4
63024,4
123868,3
16782,4
111457,3
30924,4
191502,3
115873,4
35280,4
153498,4
37005,4
81591,4
128884,4
17530,4
71490,4
62044,4
178171,3
134974,4
180374,4
85912,4
56247,4
135244,3
191967,4
26772,3
200824,4
72522,4
165207,4
45455,3
47052,4
186647,4
124733,3
153462,4
103852,3
30795,4
173544,4
127582,4
102433,4
90693,4
183672,4
88775,4
50772,3
96476,4
78511,3
40979,4
131315,3
154580,4
169563,3
199927,4
37746,4
105567,4
76526,4
196839,3
48333,4
102672,4
22107,3
196784,4
20086,4
96199,4
4963,4
17279,4
202579,3
117455,4
197666,4
1631,4
98227,4
25092,4
184122,4
186318,4
108654,4
27488,4
53941,4
83100,3
137251,4
163998,4
199293,3
154896,4
154920,3
14859,4
11274,4
26368,4
8614,3
131344,4
134896,4
124289,4
3506,3
166259,3
117200,4
191296,4
203397,4
28161,3
57042,4
138360,3
98690,3
30671,3
81224,4
77607,4
116301,3
1857,4
4275,4
33913,4
95360,3
159801,4
58952,4
23708,4
159919,4
200197,4
46851,3
64484,4
107710,4
99170,4
83184,4
130361,3
81887,3
60319,3
148098,3
92635,4
110559,4
143931,4
11470,4
26985,4
36106,4
27869,4
13818,4
146005,3
70292,4
197261,4
83324,4
112029,4
25757,3
82255,4
120061,4
171894,4
123417,3
73509,4
35630,4
128236,4
50231,3
112566,3
117737,4
49629,4
137335,4
68687,4
179791,3
27434,4
148502,4
187160,4
202028,3
203319,4
205928,4
12280,3
42572,4
124314,4
3129,4
172606,4
4174,4
13611,4
28534,4
78140,4
161426,4
169421,4
41113,3
164424,4
23551,4
89690,4
169320,4
142783,4
66745,4
75629,3
118797,3
1514,3
119813,4
19169,3
58907,3
161874,4
44644,4
75176,4
74593,4
88773,3
134249,4
137934,4
78996,4
197492,4
166503,4
81003,3
191051,4
125880,4
41437,4
205939,3
103923,4
14219,4
133110,4
66885,3
119549,4
117590,4
185898,3
75520,4
106015,4
16436,4
125398,4
108579,4
32526,4
16735,4
90309,4
44405,3
145241,4
172525,4
128546,4
50494,4
79167,3
128674,4
202909,4
34331,4
27438,4
130192,3
175773,3
176494,3
180566,3
54731,4
100888,4
80303,4
128868,4
196090,3
205569,4
183964,4
125902,4
147607,3
31339,4
199925,4
95540,4
24904,3
131253,3
109901,4
74689,3
160473,4
109327,4
119406,3
200575,4
29757,4
163456,4
46914,4
204966,3
195290,4
123732,3
3560,3
106710,4
199187,3
42347,4
143898,4
63460,3
181038,3
169975,4
46875,3
136618,4
41986,3
32410,4
41806,4
19558,3
86389,4
61133,4
65107,3
131882,3
157763,4
112198,3
115302,4
18862,3
44649,4
149603,4
67655,4
180048,4
68570,4
41576,4
187591,3
72165,4
27157,3
116470,4
57723,3
118964,3
161328,3
107819,3
147572,4
15490,4
184120,4
28463,4
76627,3
64945,4
78433,4
39122,4
89902,4
79012,4
156587,3
12972,3
78814,4
51,3
141820,4
48516,4
140519,3
175138,4
60427,4
32325,4
11877,3
129406,4
190423,4
115227,4
39462,3
118259,4
41687,4
178259,4
74018,4
117243,4
87200,3
60010,4
182054,4
134522,4
103455,4
61714,4
172853,4
62198,4
112854,3
63735,4
153940,4
71350,4
123721,4
7433,4
171020,4
57500,4
101669,3
31661,4
102005,3
158527,4
98723,3
29402,4
41581,3
194285,3
41686,4
33562,4
65099,3
35421,4
143189,3
93472,4
32781,4
158785,3
37078,4
124931,3
103496,3
132531,3
185231,4
114876,4
142056,4
11827,4
132428,4
108315,4
159389,4
34812,4
14904,4
128052,4
14300,4
36606,4
175321,3
7400,4
42512,3
100194,4
202986,4
58715,3
8204,3
65308,3
40025,4
50295,3
99440,4
48794,4
194699,3
203558,4
17700,3
202438,3
114067,4
123997,4
190692,4
144827,4
12307,4
205082,4
184045,4
57865,4
183680,3
202417,4
2809,3
1307,4
84717,4
38026,4
12282,3
625,4
96000,4
198863,4
141652,4
84445,4
151087,4
17643,4
193245,4
147569,4
10167,3
38463,4
13836,4
61320,4
104511,3
189032,3
75735,3
132250,4
153861,3
152439,4
59496,4
200376,4
31123,4
184909,3
142976,4
2250,3
147838,4
106621,4
24689,4
58592,4
196998,4
180927,4
200617,3
139046,4
47870,4
62366,3
104722,3
67554,3
73415,3
22822,3
124870,3
191971,3
167252,4
38575,4
94159,4
34048,3
146442,4
167247,4
202216,4
29517,4
53911,4
92265,4
2975,4
180393,3
36897,4
126336,4
191036,4
40293,4
85230,3
19972,3
139233,3
121871,4
34263,3
2644,4
151820,4
198473,3
103193,4
195388,4
7867,4
7174,4
69595,4
111571,4
6992,4
13858,4
131205,4
115472,3
119004,4
98726,3
185963,4
48190,4
94608,4
30447,4
58616,4
149664,4
100375,4
101222,4
97431,4
163992,4
170967,4
5576,4
43321,4
167256,4
88740,3
81037,4
196101,3
150727,3
114638,4
194919,4
182202,3
34965,4
38563,4
103339,4
136000,4
60449,4
9958,4
193662,3
100355,3
125847,4
407,4
172094,4
111890,3
133055,4
173108,3
52567,4
205589,4
97391,4
43676,4
140956,4
156053,3
118063,4
182909,3
111819,4
81249,4
137843,4
91541,3
143603,4
56728,3
28968,3
151803,3
1528,4
65096,3
192956,4
144227,4
182847,4
41754,4
135716,4
189519,3
180614,3
157178,4
201792,3
137273,4
189928,4
115820,4
106786,3
37034,4
125827,3
189869,3
108036,4
184605,4
30291,4
172258,3
56131,4
124935,4
145666,4
126058,4
123198,4
69739,4
138318,3
118584,4
65130,3
17059,3
94747,3
55584,4
43101,4
9362,3
29005,3
57619,3
145757,3
169952,4
147394,4
174640,4
174447,4
23435,4
95825,4
72572,4
36514,3
117378,4
21140,4
124868,4
134360,4
47126,3
127168,4
42927,4
48814,4
158161,4
149305,4
82136,4
82108,4
178955,4
128178,3
87924,4
59553,4
73272,4
172726,3
120411,4
70542,3
162336,4
23299,4
178129,4
103214,3
141862,4
190967,4
133808,4
191246,4
202671,4
154226,4
172992,3
119205,4
156104,4
70459,4
105818,3
37953,3
64103,4
21432,4
32203,4
8621,4
67343,4
163838,3
75561,3
64063,4
9515,3
58480,3
51722,3
148149,3
95427,3
76128,3
199222,4
69559,4
21818,3
114723,4
64211,4
158214,4
1329,3
199295,4
85510,3
155812,4
161377,3
205307,4
169418,4
155753,3
167670,3
178499,4
30810,4
179305,3
94892,4
20708,3
136832,4
62440,3
102444,4
96478,3
20915,4
44068,3
54875,4
32535,3
16119,4
14917,4
170926,4
97113,4
190745,4
85099,4
7197,4
115232,4
61064,4
197864,4
147270,4
64429,4
67581,4
143602,4
121612,3
61096,4
167103,3
164132,4
170781,4
175772,4
139493,3
160203,4
23192,3
184796,4
47431,3
52303,4
59281,4
110190,4
12690,4
103711,3
160750,4
192805,3
4928,4
145532,4
74147,3
57650,4
189967,4
1515,4
52623,4
111414,3
44130,4
111857,4
29101,4
136075,4
191234,4
20050,4
48979,4
4445,4
149926,4
109962,4
44940,3
193482,3
195682,4
23772,4
74357,4
6584,4
63798,4
26937,3
173037,4
86416,4
61028,4
148420,4
5689,3
150419,4
150875,3
31327,4
112419,4
8426,3
95301,4
79589,4
26291,4
197856,3
148536,3
67044,4
171385,4
200931,3
122972,4
143362,3
138788,3
79611,4
137692,4
112513,4
157777,4
169691,4
112484,4
183752,4
116542,3
194736,3
61744,4
128797,4
106616,4
100025,3
84502,3
65651,4
82230,3
119183,4
156622,4
77203,4
201111,3
195411,3
165733,4
140610,4
131238,4
199761,3
77998,3
54377,4
2579,4
25525,4
172355,3
171112,4
195874,4
89995,3
39356,4
152641,4
123076,4
168029,4
58312,4
128056,3
127496,3
87361,4
96627,4
60037,4
112949,4
175848,4
197725,4
195375,4
195021,4
175393,4
202799,4
111712,4
171501,3
191924,3
18908,4
59235,4
179330,4
167722,4
131713,4
99393,4
179357,3
144413,4
104878,4
162271,4
147645,3
12680,4
3986,4
56945,3
167244,4
183861,4
44831,4
2158,3
87509,4
111649,4
41577,4
171365,4
169943,3
77743,3
124691,4
123398,3
118360,3
98838,4
27933,4
110676,3
62193,4
174689,4
91968,3
43217,3
112611,4
149130,4
134903,4
61141,4
53523,3
18477,3
39767,4
29547,4
124157,4
173262,4
80142,4
165877,4
24735,4
9670,3
163946,4
99624,4
35512,4
83985,4
138626,3
169263,4
56032,4
192580,4
205929,4
196442,3
20428,3
191687,4
38439,3
146816,4
24838,4
14036,3
7283,3
25456,4
167898,3
99708,3
138280,4
39140,4
184348,4
159381,4
174585,4
21304,3
69482,4
117038,4
69344,4
176401,4
129162,4
89579,4
200838,4
162832,4
145038,3
161309,4
35331,4
128264,3
93344,4
12713,4
130690,4
21961,4
177726,4
149578,3
81396,3
43533,4
68161,3
154291,3
32185,4
155035,4
105761,3
143622,4
95947,4
31237,4
65189,4
185492,3
83891,4
160845,4
164594,4
204780,3
28900,4
174031,3
58816,3
59184,4
138424,4
171774,4
134293,4
202907,4
118583,4
97780,4
132760,4
46183,3
170605,4
109503,3
160842,3
203257,3
179578,4
17809,3
109655,4
120710,3
22941,4
150354,4
83756,4
7066,4
22725,4
123397,4
113707,4
3595,3
42219,3
202025,3
59141,3
26839,3
56338,3
105008,3
39094,4
149901,3
145875,3
128265,4
183085,3
84938,4
84580,3
68677,3
189953,4
21324,4
197582,3
82215,4
87127,4
148517,4
61069,4
126927,3
200455,4
49416,4
190808,4
18429,4
77074,4
195849,3
142505,3
121993,3
34082,4
154733,3
97606,3
76619,3
121967,4
143378,4
29833,4
94693,4
91809,3
191957,4
12018,4
141018,4
135525,4
124215,3
35070,4
181704,4
189249,3
48435,4
169457,4
49534,4
37683,3
98431,4
202927,3
57431,3
146676,3
120410,3
288,4
72864,4
20910,4
197147,4
26685,4
164112,4
40423,4
180475,3
48726,4
60408,3
14643,4
120908,4
67612,4
55399,4
59198,4
69375,4
46602,3
69212,3
118177,4
50549,4
68374,3
142640,4
53084,4
180957,4
145280,3
69789,3
156514,4
186953,4
148281,4
27883,4
37164,4
143272,4
132956,4
40144,3
70685,4
60792,4
55659,4
70958,3
51831,4
112777,4
77106,4
54432,4
118956,4
33996,3
165286,4
95644,3
172773,3
34733,4
15113,3
58207,4
142065,4
117557,4
132320,3
147949,4
105728,3
162562,3
45154,4
141110,4
42720,3
140825,4
168123,4
108206,4
41623,3
73169,4
96896,3
78392,4
54456,3
24044,4
205562,4
47450,4
82500,3
201897,4
76384,3
76348,4
150335,3
60929,4
162323,3
96494,3
2046,4
185924,4
61981,4
150143,4
22298,4
60335,4
47256,3
190610,4
115269,4
190921,4
159842,4
18969,4
195041,4
147683,4
133204,4
3447,4
112233,4
22991,3
158073,4
202980,4
178469,4
38182,3
118555,4
112885,3
152710,3
138172,3
34264,4
84040,4
6848,4
69425,4
120910,4
132478,3
3576,3
148905,3
28646,4
203268,4
156254,3
125995,4
140789,4
180836,4
9811,4
112135,4
38206,3
6989,4
4760,4
11867,4
103809,4
62607,4
25074,3
28373,4
135246,4
59515,4
164148,4
28863,3
10945,3
154602,4
124478,4
97486,4
86653,4
15948,4
122473,4
15203,4
19966,4
127644,4
117988,3
72641,4
40147,4
179885,4
54343,4
127118,3
54120,3
111689,3
107727,3
175357,4
31267,4
147198,3
16231,4
162553,4
175124,3
199755,3
130948,4
68519,3
201146,3
21495,4
61251,4
123590,4
135254,4
140271,3
10489,4
87324,4
184070,4
190583,4
203537,4
9202,4
113865,4
137174,4
28893,3
157547,3
53725,3
113636,4
166857,4
44813,4
1472,4
115168,3
123278,4
176016,4
54063,3
127579,4
3465,4
113219,4
102614,3
193220,4
191293,3
160588,4
126854,3
63813,3
139912,3
82733,3
72568,4
47779,4
75435,3
134323,4
159511,4
89740,4
164794,4
78308,4
103345,4
88252,4
52419,4
161641,4
153633,4
176111,3
120408,4
156478,4
98493,3
46102,4
111975,4
58396,3
161183,4
98474,3
190776,4
189076,4
93837,4
202910,3
200272,4
197930,4
9309,4
170313,4
82328,4
12746,4
152914,4
21125,4
191976,3
91020,4
131640,4
192732,4
109123,3
93723,4
82723,4
34299,4
124162,4
13382,4
204291,4
3693,3
171446,3
72669,3
151472,3
196447,4
159465,4
48037,4
38661,3
3347,4
67368,4
14656,4
190315,4
140845,4
53785,4
68465,3
27182,4
149073,3
65616,4
150464,4
106556,4
9930,4
20204,4
121602,3
103037,4
13075,4
157662,4
57821,4
80916,4
200979,4
123990,3
193566,4
149935,4
99891,4
9012,4
145063,4
695,4
79144,4
87654,4
76507,4
82014,4
127791,4
174627,4
58577,4
69792,4
37622,3
183068,4
95530,3
101564,3
136513,3
60898,4
47110,4
150012,4
5048,3
169752,4
140715,3
131788,3
99535,3
132068,4
145760,4
19897,3
6384,4
126549,4
153167,3
143865,3
115605,4
7377,4
83766,4
138552,4
12805,4
118004,4
118012,4
126926,3
124889,4
173115,3
156180,4
104169,4
163107,3
193779,3
149995,4
115538,4
159122,3
84386,3
88757,3
129975,4
72753,4
65378,3
105123,4
103220,4
47485,3
103167,4
115385,4
78381,3
157168,4
137015,4
131402,4
110486,4
74441,4
142787,3
200779,4
99796,3
102895,4
1152,4
143570,4
13723,3
86631,4
72129,4
203154,3
12694,3
96445,3
168101,3
17682,3
128890,4
5986,3
14439,4
56244,3
69249,4
109912,3
157940,4
131449,4
165646,3
91112,4
185426,4
99240,4
102348,4
168254,4
137609,4
69486,3
187999,4
200464,4
205247,4
189583,3
172920,4
168851,3
148789,4
128617,4
46537,4
75607,4
143068,3
24006,3
130485,4
106040,3
155923,4
87815,4
193355,4
107497,3
146918,4
155330,4
37193,4
202342,3
5668,4
179826,4
199947,4
118199,4
71226,4
94123,4
13690,4
33424,3
6196,3
312,4
121218,3
32178,4
149612,4
151782,3
123675,4
107734,4
29739,3
40529,4
161021,4
136172,3
85599,4
11955,4
69913,4
79513,4
178844,4
120155,4
158259,4
138473,3
9267,4
120912,4
19314,4
139996,4
205125,4
71741,3
85006,4
102490,4
135437,4
200317,4
112999,4
107347,4
193087,4
46542,3
193502,3
131855,4
36432,4
185378,4
194088,4
154284,3
38244,3
88368,4
41403,4
32091,4
4603,3
68438,3
28619,4
115922,3
66128,4
99168,4
120194,3
149483,4
141623,4
15934,4
171949,3
25738,4
87133,4
136677,4
162912,4
1121,4
65490,3
30913,4
10810,4
130052,3
134694,4
71155,3
5697,4
80764,4
3691,4
43409,4
63663,4
169076,3
68377,4
6412,4
161530,4
101617,3
179423,3
67883,4
69689,3
105333,4
149991,4
9225,4
68011,4
181983,3
50459,4
144696,3
89584,4
156361,4
59305,4
196265,3
42371,3
87295,4
38916,4
163570,4
205963,4
62468,4
182902,3
194695,4
196191,4
167759,4
81747,3
82967,3
178742,3
9611,4
36668,3
45923,4
174721,4
51236,3
68585,3
199166,4
22409,4
149636,3
120970,3
9064,4
51377,4
146888,3
191917,3
58635,4
39330,4
24989,3
190614,4
45143,4
82055,3
1384,4
169075,4
172781,4
50308,3
120409,4
53264,4
116264,4
195923,4
117609,4
163754,4
10184,4
57152,4
36870,4
71733,4
132355,4
161409,3
90820,4
36952,4
51426,4
148835,4
65701,4
133142,4
153375,4
186088,4
10205,3
197092,3
147057,4
24556,4
54117,4
87853,4
131381,4
4261,4
42749,4
32640,3
124959,4
49535,4
42459,3
93605,4
188445,4
78849,4
83276,4
129284,4
50072,4
151465,4
133748,4
183811,4
149328,3
186867,3
96364,4
86169,4
152186,4
50251,4
187316,4
73167,4
51222,4
155237,4
28248,4
173389,4
51714,3
5050,4
126684,4
168687,3
150882,3
64216,4
48001,4
144036,4
69276,4
56933,4
110002,4
187664,4
177322,4
106433,3
27021,4
85858,3
165150,4
33654,4
202953,4
41318,4
146809,4
73798,4
164107,4
183850,4
27753,4
1693,4
43869,4
191402,4
58638,4
192399,4
138816,3
158488,4
2369,4
17175,4
96937,3
31718,3
159160,4
73037,4
147135,4
199680,4
112564,3
143328,4
13441,3
82741,3
139767,4
104652,4
13894,4
162672,4
164379,4
46452,3
122695,4
60196,4
203196,3
81733,4
201801,3
188288,3
158352,4
112589,3
54010,4
155934,4
43549,4
107566,3
52258,3
183359,4
133674,3
158862,4
23032,4
127727,4
205553,4
86944,4
92334,4
28086,4
184474,4
104890,4
122295,3
123005,4
61108,4
78583,4
195595,4
78026,3
102164,4
201616,3
38785,4
125300,4
199048,4
115171,3
137512,4
94815,3
25592,4
121201,3
63803,4
139385,3
110848,4
54946,4
11362,4
67915,4
145903,3
43705,4
180053,4
157272,4
71963,3
97303,3
147869,4
148831,3
231,4
104752,4
58915,4
36294,4
137807,3
31638,4
176413,4
136487,3
72299,3
27358,4
86459,4
29029,3
91828,4
13917,4
159485,4
192878,4
78465,4
196402,3
91145,4
25488,3
115800,4
101732,3
32042,3
15398,4
184871,4
76153,4
131430,3
22688,3
167835,4
187667,4
78210,3
183779,4
41744,3
109685,4
114843,4
91048,3
63855,4
117171,3
106241,3
87054,3
31251,4
190352,4
46225,4
112320,4
203058,4
23667,4
82305,4
204590,4
115331,4
69848,4
205119,3
129549,4
75339,3
204554,4
173047,4
100232,4
66751,4
145927,3
24082,4
205393,4
73924,3
14190,4
176488,4
122982,4
158272,4
165259,4
57221,4
21724,4
20420,4
140902,4
150251,3
195821,4
47891,3
153015,4
69400,4
9740,4
173314,4
168290,3
45113,4
129154,4
181513,4
94185,4
80928,4
52023,3
185112,4
74505,3
169523,4
28744,4
167041,3
118937,4
141193,3
4842,4
17708,3
15889,4
197616,4
1419,3
108443,4
205411,4
131062,4
102652,4
76510,4
170553,4
44468,3
62997,3
200387,3
2575,3
129480,4
67794,4
47680,4
164026,3
143838,3
148059,4
146732,4
98717,3
4034,3
14427,4
184534,3
64555,3
42281,3
26974,4
11215,4
759,4
173849,3
197410,4
104251,4
22286,4
122204,4
169323,4
201316,4
158321,4
108915,3
9196,4
187473,4
34826,4
181958,4
6582,3
125583,3
4932,4
154596,4
4049,3
120003,4
195283,4
44081,4
47398,4
53070,4
173180,4
6857,4
82924,4
31420,4
122040,3
17832,4
51662,3
54667,4
181971,4
23352,3
1211,4
91683,4
30560,4
60450,3
149208,4
36955,4
69701,4
188292,4
71956,4
87399,3
93281,4
85605,4
66674,4
142939,4
161792,4
167136,4
72497,4
149764,3
18134,3
98369,4
84247,3
76021,4
66875,3
24725,4
39430,4
115780,3
36823,4
99321,4
162769,4
113842,4
193041,3
125415,3
130726,4
34085,4
46164,3
179217,4
106049,3
190640,3
69382,3
127720,3
39590,4
49403,3
68771,3
195900,4
186718,3
91362,4
57308,4
34997,4
45513,4
199292,4
11952,4
193910,3
108598,3
44414,4
106222,4
19519,4
174925,4
187885,3
18463,4
30689,4
114365,3
150240,4
62285,4
170608,3
32907,4
105540,3
121957,3
73854,4
126652,3
139321,3
24544,4
99295,3
30721,3
190317,3
178990,4
42883,4
93949,4
10661,4
121937,3
196061,4
147701,4
182850,4
53919,3
10273,4
125678,3
157426,4
187642,4
92844,4
153993,4
34584,4
74271,4
7357,4
19756,4
172881,4
50682,4
132145,3
111412,4
205578,4
88170,3
192620,4
205316,4
159143,4
205699,4
190803,4
6700,3
113268,3
97630,3
39062,3
146940,4
69054,4
130949,4
85498,4
21176,4
190116,4
36102,4
201860,4
194633,4
101707,4
205336,3
68137,4
28604,4
128283,4
195192,3
164703,3
35115,4
129841,4
34927,4
71091,4
104270,4
94606,4
62746,3
149584,4
17399,4
123804,3
167029,4
50020,3
37707,3
93821,4
115470,4
151283,4
25547,4
92863,4
130352,4
24321,3
70587,4
198931,4
179116,4
49927,3
97457,4
181551,3
155174,4
56500,3
86205,4
154120,4
95382,4
69115,4
177769,4
93161,4
151281,3
71745,4
75416,4
153332,4
23590,4
147928,3
46720,4
80009,4
142672,4
161147,4
141337,4
19673,3
150196,4
100924,3
179903,4
16028,4
1028,3
151462,3
174634,4
179125,4
143967,4
53857,4
184575,4
103352,3
141252,4
112055,4
43568,4
173929,3
107728,4
63575,4
84312,3
191768,3
71511,4
49721,4
32452,4
28528,3
2205,4
71776,4
6312,4
52158,4
30544,4
130999,4
44162,4
120100,4
160449,4
61978,3
166286,4
45359,3
109245,3
10629,4
108965,3
27140,4
155466,4
32148,4
70479,4
77619,3
56788,4
174974,4
90981,3
184261,4
140155,4
57842,4
67624,4
347,3
205591,3
171050,4
43044,4
133384,3
155722,3
86352,4
175118,4
71407,3
130072,4
148609,4
149648,3
205506,3
92031,4
144715,4
82396,4
53900,4
110112,4
132249,4
58822,4
28809,4
8387,3
25420,3
32700,3
5134,4
125663,4
202005,4
176286,3
145448,4
141772,4
160077,4
48083,4
78767,4
150152,4
1187,4
143921,3
27408,3
141205,3
38486,4
15832,3
160792,3
59637,4
193011,4
199469,4
198868,4
60055,4
99957,4
150457,3
83275,3
130397,4
4830,4
68750,4
190214,4
182864,4
122068,3
23842,3
123643,4
203219,3
95220,4
93546,4
35277,3
26707,4
9874,3
173734,4
65485,4
129659,4
195183,3
165756,4
127830,4
160671,4
160300,4
113082,4
191147,4
132578,4
125479,3
66193,4
62520,4
15167,3
118099,4
36011,3
196281,4
124093,4
7615,4
118872,4
162213,4
98805,4
69186,3
101252,3
161824,4
111460,4
27747,3
60856,4
74738,4
7277,4
127925,3
72826,3
137840,4
82485,3
18789,4
26249,4
9281,4
86803,4
143869,4
131256,3
159416,4
25875,4
198951,3
160584,3
3806,4
22494,4
39502,4
143096,4
159642,3
88795,4
14008,3
21394,3
28563,4
195410,4
36877,4
59017,4
154627,4
173561,4
160866,4
34279,3
110614,4
87752,4
89510,3
128614,4
128944,3
126277,4
69678,3
158837,4
97819,4
82792,3
126576,4
202382,3
183892,3
192901,4
13730,4
64088,3
188423,4
24744,4
151815,3
69969,4
65408,4
183522,4
57486,4
160219,4
118151,4
97184,4
125699,4
27424,4
178104,3
119193,4
63703,4
178224,4
34914,4
56255,4
174580,3
41828,4
172303,4
87707,3
115603,4
109872,4
106563,4
29502,4
111998,4
31152,4
78652,4
193169,3
49434,4
22099,4
169560,4
187813,4
112174,3
71581,4
157735,3
139936,4
148235,4
170869,4
154088,4
45408,4
71028,4
165249,4
195577,3
54168,4
55912,3
101315,4
116588,3
131941,3
60843,3
35893,3
141750,4
15402,4
164577,3
195276,3
88689,4
111886,4
7097,3
194983,4
33578,4
6269,3
97723,4
118122,3
87141,3
89074,4
186896,3
38190,3
179388,4
56642,4
12582,4
93125,4
113286,3
74040,4
11476,4
138081,4
82038,4
192124,4
62739,4
134372,4
147000,4
61048,3
16769,4
145895,4
52786,4
18774,4
36072,4
124816,3
77122,3
142868,3
10471,4
35226,4
13987,4
196917,4
171211,4
166873,4
41068,4
180279,3
122565,4
202916,4
24534,3
53646,4
47483,3
134654,4
193552,4
63738,4
169121,4
52945,4
32368,3
139959,4
50208,4
36704,4
75363,4
6826,4
153768,3
6526,4
147369,4
97148,4
148679,4
136493,4
74545,4
51626,4
165017,4
188785,4
55041,4
108349,4
121001,4
127401,3
147103,4
107034,4
113691,4
126394,3
66730,4
92537,4
20308,4
186624,4
19059,4
93772,4
87648,4
168076,4
164214,4
71544,4
190495,4
113471,4
37069,3
143544,4
78704,4
146441,4
32964,4
147288,3
27223,4
144848,4
83450,3
24164,3
88925,4
7727,3
191384,4
169305,3
151491,4
123485,3
60167,4
64282,4
143280,4
147413,3
145597,3
14861,4
122387,4
170546,4
145576,4
144231,3
138907,4
61798,4
157642,4
26306,4
20172,4
193474,4
175873,4
86015,4
165894,4
97195,4
66094,4
194376,4
24674,4
68429,3
44231,4
60015,4
186491,4
99594,3
142032,4
79641,4
136682,3
7222,3
120978,4
87705,3
123174,3
184765,4
138329,4
67976,4
162396,3
148574,3
94639,3
2759,3
58270,4
17139,4
139405,4
151269,4
3042,4
33658,4
15916,3
61417,4
97378,4
137353,3
120131,4
179006,4
105071,4
47263,4
88455,4
168202,4
69012,4
81981,3
39725,4
111032,4
15375,4
24800,3
139678,3
69631,4
81636,4
7964,4
168198,4
20684,4
119733,4
16374,3
119919,4
43439,4
69695,4
90797,4
89687,4
69145,3
203619,4
74491,3
29476,4
105979,4
73658,4
134871,3
82953,3
165204,4
114550,4
91566,3
44997,4
135635,4
44358,3
142838,4
39635,3
39557,3
47945,4
161395,3
30151,3
9975,3
177106,4
199168,3
23771,4
73006,3
25846,4
151208,4
68516,4
135880,4
160694,3
71668,4
168968,3
17023,3
143476,4
179186,4
77717,4
96612,3
189540,3
73824,4
193621,4
20626,3
35012,4
123436,4
47688,4
198619,3
91585,4
103626,4
64224,3
22676,3
117364,4
48066,4
51398,3
74227,4
45409,4
41221,4
126284,4
28785,3
19521,3
202746,3
174763,3
156693,4
109112,4
26124,3
123200,4
163390,3
68354,4
144247,4
83886,4
111753,4
112077,4
76837,4
176352,3
112614,4
16968,4
204489,4
74185,4
2527,4
151230,3
39436,4
201735,4
131700,4
141977,3
76587,3
22232,4
113134,4
150571,4
1664,3
35321,3
74380,4
51991,4
199397,4
176827,4
4759,4
10989,4
140970,3
142953,4
69348,4
169411,4
36002,3
56982,4
160268,3
51681,4
165702,4
41923,4
145043,4
3202,4
8504,4
157801,4
99163,4
172613,3
128899,3
48984,4
40956,4
18077,4
162322,3
131987,4
48451,4
116991,4
3574,4
129285,3
87997,4
49583,4
126127,4
53616,4
111440,4
79649,3
65307,4
37607,4
115897,4
185393,4
3702,4
44277,4
153916,3
37616,4
64521,3
6949,4
58365,4
15151,4
2573,3
18989,3
161697,4
150587,3
202399,4
159626,4
96096,4
127146,4
61452,4
156457,4
7941,4
11020,4
134981,4
183717,4
51327,4
104047,3
192642,4
138828,4
113046,3
75892,4
68606,3
100669,4
55786,3
78377,4
46405,4
62657,4
77314,4
114353,4
68931,3
130030,4
18451,3
185792,3
86114,4
94237,4
139705,4
202504,4
173780,4
13058,3
57457,4
186090,4
137334,4
144814,4
104330,3
74704,3
81608,3
4746,3
105179,4
7978,3
160881,4
74847,3
123738,4
158340,4
100762,3
149634,4
203680,4
65753,4
65571,4
26683,4
108364,4
103812,4
60540,3
169883,3
123514,4
52397,3
154278,4
8347,4
99966,3
5767,4
42185,4
106426,3
153381,4
61801,4
200479,3
159885,3
49423,4
186741,4
85694,3
43100,3
13102,4
141016,4
24405,4
205044,4
181125,4
198813,4
176989,3
178755,4
116363,4
107292,3
50160,4
181712,4
57138,4
77782,4
159927,3
123477,3
130120,4
71537,4
120437,4
20630,4
114915,4
172657,4
34938,4
59978,4
161452,4
129848,4
144001,4
68738,4
197174,4
5014,4
121444,4
87039,4
44351,4
34359,4
23335,4
103311,4
143446,4
3433,3
172856,3
56470,3
191073,3
127228,4
50676,3
44390,4
30486,3
71587,4
26732,4
130870,4
21676,4
85703,4
57023,4
53560,4
112696,4
174405,3
133220,3
202023,4
3760,4
163912,4
198156,4
19922,4
41146,4
21822,4
57047,3
57094,4
79892,3
154902,3
24031,3
73559,3
45546,3
5843,4
198038,3
185871,4
102826,4
157253,4
48930,3
161450,4
174668,4
157106,4
197068,3
26504,4
155675,4
50783,4
176304,4
137144,3
87547,4
86215,4
54549,4
73252,4
29238,3
109961,4
172346,4
132614,4
162907,4
63696,3
31971,3
203828,4
20532,4
130195,4
107552,4
98006,4
136151,4
26017,4
105149,4
198817,4
15902,3
56344,3
71633,4
65131,4
87695,4
128500,4
176038,4
48775,3
158129,4
118913,4
188894,4
92143,3
19542,4
18860,4
1143,4
11166,4
51247,4
123727,3
15031,4
111721,4
8192,3
46066,4
143830,3
174742,3
172183,3
11113,3
13957,3
491,4
89482,3
167623,4
46487,4
32842,4
183864,4
53241,3
145880,4
137820,4
127759,4
106072,4
124936,4
117316,3
27161,4
112694,4
45056,4
18832,3
138894,3
19261,4
42336,3
184129,4
25962,4
205046,4
146162,4
45659,4
139503,4
96856,4
178277,3
69373,3
71849,3
174759,4
127514,4
88912,4
100275,3
59070,3
39784,3
12577,4
162219,4
10872,4
123518,3
120846,4
34307,4
205160,4
74629,3
201100,4
178985,4
178400,4
80225,4
107312,4
108413,4
41383,3
189904,3
158158,3
134944,3
199579,4
42043,4
196328,4
49115,4
71555,3
124563,4
205678,4
59766,4
12846,3
199390,4
103350,4
80776,3
189892,4
88474,4
23487,4
82577,3
14469,3
15238,3
28108,4
70027,4
72331,3
146735,4
190057,4
61167,4
134515,4
188985,4
179073,4
144646,4
77475,4
106893,4
18092,4
187867,3
59427,4
199509,3
8297,4
156683,4
203991,4
85368,4
55546,4
28805,3
101692,4
28677,4
59994,3
75014,4
11768,4
154396,4
85963,3
159969,4
144296,3
178379,4
48010,4
76163,4
31967,4
24200,4
140126,4
163148,4
195796,4
79842,4
172824,4
72353,4
49805,4
205532,4
72164,4
17902,4
175296,4
73763,3
76785,4
93926,4
35149,4
67873,3
126132,4
186220,4
204931,3
83549,4
149689,3
165786,4
62126,4
77988,4
29055,3
134318,4
76429,4
1032,4
137359,3
168690,4
78884,4
182512,3
8981,3
63533,3
75610,3
142979,4
58267,4
91967,4
11662,3
179126,4
100255,3
126545,3
68571,4
131008,4
194429,3
77766,4
101921,4
99245,4
193216,3
69460,4
75070,4
74316,4
117982,4
177401,4
205537,3
148146,3
158671,4
20866,4
86535,4
137454,4
104743,4
15123,3
68448,4
177038,4
112771,3
126362,3
44100,4
197863,4
26684,4
26260,4
64485,4
36077,4
65962,3
72233,3
12685,4
125476,3
138045,4
68062,3
154565,4
124217,4
196378,3
198519,3
45291,4
166882,4
180848,4
137508,4
113153,4
4025,4
200168,4
28846,4
167405,3
155999,4
99301,4
154750,3
48728,4
85504,4
107198,4
13162,3
386,4
138195,4
68786,3
173574,4
22226,4
38570,4
93575,4
127960,4
171516,3
72256,3
195144,4
82796,4
154849,4
196660,4
125284,4
158812,3
166867,4
121570,4
178251,4
148194,4
85274,4
45764,3
132454,3
184395,3
112765,4
116987,4
167328,4
42018,4
78788,3
129932,4
3563,3
162871,3
81917,3
180387,4
74423,4
7652,4
9683,4
188604,4
170216,4
146427,4
189584,4
192742,4
167280,3
141991,4
54748,4
146448,4
20441,4
59901,4
195408,4
72286,3
67711,4
60662,4
56219,4
133206,4
90928,4
74782,3
59973,4
88778,3
164733,3
171103,3
103075,4
87454,4
153195,4
178561,4
72412,3
50438,4
82145,4
63542,4
186212,4
164952,4
6796,4
78516,3
183877,4
29823,4
9824,3
147773,4
55297,3
139778,4
86048,4
117521,4
146238,3
23953,4
143834,4
136366,4
102402,4
79477,4
45532,4
149969,3
130186,3
96630,3
17432,4
15876,3
156194,4
78680,4
103984,4
34265,4
106334,3
4485,3
188936,4
197718,4
129901,4
152087,4
36119,3
146762,3
179641,3
179716,4
4162,4
112578,4
108150,4
93146,4
90493,4
55257,3
152628,4
85193,4
184282,4
102171,3
92204,4
163839,4
98571,3
127919,4
67452,4
143350,4
194877,4
149434,4
39364,3
50756,3
163775,4
69608,4
94900,3
68552,3
70990,4
95006,3
24318,4
101403,4
6893,4
152196,4
149907,3
160157,3
118434,3
171672,4
148652,4
48142,3
192688,4
86101,3
79224,4
123179,3
155261,4
22572,3
42606,3
56551,3
55923,4
184922,4
157732,4
138856,4
366,3
135646,4
84514,4
133224,4
205136,4
175845,4
119650,3
124235,4
194332,4
67507,4
34689,4
75918,4
114444,4
58478,4
60811,4
94620,4
22087,4
195981,4
108921,4
100268,4
75228,4
51295,3
44662,4
21863,4
77676,4
50380,4
88910,4
151355,3
183852,3
135105,4
205641,4
147946,4
169385,4
86036,4
178639,4
144263,3
39889,4
89067,4
139252,3
58106,3
67196,3
104909,3
94453,4
129011,3
26196,4
42283,4
14884,3
52625,4
46381,4
52484,4
8329,4
50364,4
179861,4
87714,4
138799,4
81746,3
177375,3
131485,4
158681,4
195908,4
16084,4
46978,3
50973,4
42241,4
79888,3
200333,3
95965,3
138463,3
172698,4
24691,4
57515,3
126669,4
60092,4
147658,3
204816,3
49993,4
142426,4
76850,4
102779,3
40919,3
2692,4
164355,3
112354,3
52720,4
140251,4
172296,4
3476,3
188648,3
167727,4
157132,4
129361,3
16841,4
105398,4
11656,4
110960,4
194591,4
41676,4
137161,4
176523,4
49581,3
96872,4
30122,3
109066,4
192271,4
178907,4
75012,3
133772,3
59261,3
149954,4
35808,4
203745,3
184986,4
35664,3
181598,4
4861,4
147459,4
25200,3
117035,3
47391,4
156230,4
49157,4
85786,4
62519,3
83870,3
157848,3
172371,4
195467,3
136027,4
131657,3
123374,4
66231,4
1374,4
30103,4
151331,4
48167,4
65588,4
10200,3
24781,3
65778,4
117780,3
202345,4
154486,4
145053,4
13360,4
194393,4
198686,4
76296,4
135342,4
16643,3
51387,4
6206,3
145808,4
114211,3
126049,4
52210,3
122157,4
30697,4
6323,3
16653,4
114665,4
91497,4
153904,3
77849,4
57977,3
152616,3
121112,4
10742,4
11571,4
49796,4
148526,4
190851,4
42067,4
4908,4
34619,4
173045,4
140625,4
88807,4
57162,4
177980,3
76677,4
105317,4
88284,3
85025,4
253,4
149867,4
57794,4
126566,4
146422,4
64222,4
92305,4
176581,4
12095,4
62406,4
82963,3
30796,4
60064,4
32600,4
83815,4
141564,4
154114,4
125513,4
11805,4
24178,4
138106,4
3063,3
167361,3
122063,4
5378,3
27088,4
153185,4
195344,3
128517,4
118027,4
44681,4
186590,3
180803,4
81512,3
39077,4
104787,4
150083,3
95010,3
175955,4
63947,4
153179,4
69554,3
85165,3
203672,4
159940,3
130477,4
191966,3
17782,4
25771,4
74965,3
75297,3
114467,4
97925,3
66539,4
104534,3
34503,4
23431,4
188647,4
142088,3
43651,3
163109,4
108731,3
113275,4
51797,4
53252,3
18596,4
141565,4
5803,4
31519,4
110412,4
80162,3
108155,3
58238,4
199856,3
192995,3
29824,4
58604,4
59482,3
34936,4
2040,4
61486,4
197906,3
104611,4
110915,3
56846,3
1485,3
19106,4
176112,4
130011,3
126076,4
50492,4
196154,4
62208,3
126487,4
46232,4
103414,4
106276,4
11987,3
15098,4
157597,4
168790,3
114815,4
147948,3
199087,4
115052,4
14403,4
152989,4
23602,4
63568,4
22952,3
162471,4
82714,3
38091,4
59475,3
100358,3
39647,4
101684,4
150750,4
13682,4
198424,4
56661,3
9480,4
168627,4
181789,3
151116,4
174698,4
127624,4
133560,4
24889,4
188531,3
169322,4
143583,4
90757,3
89679,4
151808,4
108627,4
70061,4
36697,4
127045,4
149117,4
38159,3
172044,3
85519,4
70952,4
125606,3
58531,4
30740,4
101419,4
115591,4
41032,3
96628,4
29924,3
197871,3
35125,4
34498,4
195297,3
115494,4
98036,3
76247,3
68486,4
112153,4
6604,4
39086,3
60168,4
182507,4
20998,4
69196,4
130275,4
129953,4
77060,4
200592,4
132283,3
71338,3
117278,4
34447,3
84750,4
202772,4
14349,3
130056,4
41076,4
63329,3
187851,4
82472,3
107646,3
58487,3
165087,4
24883,3
97866,4
183994,3
169219,4
119828,4
18410,4
102382,4
132087,4
161823,3
153594,4
97834,4
151835,4
136902,3
63202,3
190270,3
610,3
66883,3
48445,4
164670,4
87283,4
30855,3
50015,4
23774,3
57181,4
167529,4
194641,4
153339,4
29242,3
76267,4
139833,4
196200,4
93711,4
21733,3
5821,3
96588,4
161034,4
83610,4
154722,4
5650,4
29608,4
18059,4
84419,4
35434,4
92231,4
156635,3
33081,4
145249,3
180931,4
174000,4
61792,4
32140,4
98944,4
139920,4
154804,3
4721,4
127141,4
121704,4
198534,4
166821,3
66305,4
98984,4
16608,3
2129,4
153827,4
50597,3
40199,3
53367,4
74307,4
143455,4
98546,4
15560,4
2945,4
40989,3
105280,4
26452,4
127901,4
30027,4
143441,4
15070,3
118353,4
105987,4
169122,4
80166,4
120607,4
96170,3
91962,4
18211,4
158040,4
178541,4
153192,3
125189,4
7529,4
60658,4
11793,4
29340,3
112878,4
169610,4
85885,4
61299,4
188047,4
2318,4
138763,4
171212,3
140245,3
181087,4
147649,4
61465,3
783,4
161927,4
29486,4
169678,4
42379,4
114714,3
102981,3
156156,4
3835,3
29388,3
196906,4
75046,4
37482,3
21312,3
20933,3
2906,3
70808,3
94699,4
186943,4
22444,4
164443,4
195924,4
35018,4
99391,3
118209,4
35684,4
195589,3
44184,4
13511,3
57536,4
180847,4
58518,4
186522,4
35207,4
188411,4
92703,3
98021,4
159616,4
174571,4
160159,4
44108,3
5686,4
80305,4
62559,4
188469,4
185188,4
185154,4
122368,3
19039,4
184654,4
74752,3
164423,3
156003,4
125532,4
80864,3
189694,3
78541,4
73386,4
157550,4
62947,4
167714,4
161345,4
162885,4
165135,4
146673,3
33657,4
110881,4
38255,4
19041,4
50388,4
169493,4
121636,4
14796,3
12986,3
80487,4
12408,3
79054,4
171362,4
120934,3
122358,3
130240,4
175104,4
25252,4
202235,4
164156,4
180896,4
161199,4
43362,3
202338,4
114253,3
185991,4
92995,3
3408,3
75218,3
18798,4
54447,3
109542,4
104880,3
40891,4
201469,4
116210,4
156597,4
2673,3
176765,4
86345,4
167821,3
111471,4
130692,4
135491,3
140945,4
197903,3
53611,4
37496,4
32182,4
83064,4
141332,3
181877,4
203658,3
71982,3
199866,4
131024,3
28222,4
68490,4
139541,3
147666,3
184717,4
119222,3
61523,3
31618,4
74476,4
203223,4
28192,4
86608,3
115666,4
120658,4
142637,3
138616,4
91134,4
83732,4
58095,4
12454,3
176754,3
184319,3
117366,4
61869,3
111213,3
82922,4
178928,3
119187,3
123125,3
145858,3
37886,3
14309,3
87897,4
178663,4
60878,3
163516,4
185869,4
160175,3
39138,3
188239,4
128274,3
108944,4
48583,4
191442,3
193082,3
26402,4
135512,3
183081,4
92386,4
15679,4
162327,4
180867,3
166462,4
142166,4
17770,4
72880,4
26028,3
198795,4
188243,4
120537,4
191201,4
6332,4
37476,4
101788,3
137214,4
169001,3
111722,4
112199,4
23775,4
178681,4
119745,4
179251,3
191621,4
128170,4
100494,4
47285,3
59082,4
137962,4
190954,4
58741,3
21914,3
201972,3
61998,3
191251,4
28870,4
13004,3
18025,3
152552,4
181351,4
110222,3
61730,4
103432,3
12330,3
193800,4
194922,4
125969,4
44711,4
44253,4
14419,4
91392,3
90398,4
153093,4
31290,4
179525,4
165057,4
54751,3
65111,4
137035,4
84578,4
110849,4
104215,4
46556,4
22868,4
131544,4
13873,4
103796,4
15320,3
188617,3
141503,4
158401,4
11093,4
142154,3
120239,4
72029,4
23589,4
184808,3
28696,4
91646,3
79457,4
120399,3
192632,4
153636,4
203129,4
119797,4
20667,4
167127,4
144886,3
151324,3
5423,4
106058,4
189827,3
29006,4
66660,4
103818,4
134214,4
167049,4
79773,4
85775,4
155266,3
57258,4
130589,4
184592,3
100930,3
164642,4
198448,3
155609,4
10481,4
21520,4
40651,4
118274,3
65173,4
29294,4
47760,3
77866,3
49718,4
148646,4
41001,4
108619,4
168317,4
73697,4
168209,4
134388,3
162609,4
124500,4
117046,4
132799,4
139014,4
82454,3
148879,4
116631,4
185309,4
139904,4
181399,4
64329,4
196651,4
80023,4
147602,4
94943,4
167639,4
175522,4
14096,4
181579,3
144996,4
102299,4
145743,4
5069,3
170934,3
28795,3
164273,4
147409,3
108225,3
17666,3
132213,3
120580,4
154937,4
39339,4
60119,4
122714,4
96702,4
177755,3
3266,4
104609,4
71443,4
134714,4
200953,4
167373,4
58730,3
104661,3
66729,4
58044,4
94326,3
109545,4
9993,4
166581,4
203400,3
144457,4
36989,3
70757,4
200713,3
47933,4
40285,4
89721,4
192595,3
54368,4
78656,4
205660,4
107317,4
1612,4
167675,3
113320,4
118463,3
169670,3
100264,4
3865,4
3696,4
20245,4
175198,4
74832,3
106605,4
151766,4
8628,4
164543,4
54089,4
198775,4
192651,4
59392,4
154071,4
54835,3
22752,4
202061,4
113377,4
191017,3
172359,3
133192,4
53678,3
133379,4
132085,3
72579,3
147235,3
73348,4
101208,4
145442,3
138497,4
123919,4
161454,4
123024,4
132321,4
171864,4
168504,4
56130,4
10306,3
80448,3
62391,4
27771,3
202480,3
189585,4
125215,3
123409,3
52749,4
5954,4
107754,4
115007,4
83729,4
110813,4
49387,4
156781,4
136537,4
161902,4
200884,4
172114,4
80113,4
142374,4
118321,4
111970,3
615,4
113382,4
73032,4
153072,4
202731,4
54863,4
113291,4
122720,3
181573,4
131149,4
138144,4
21508,3
10485,4
63241,4
28973,3
158193,4
59060,3
163098,4
41123,3
42551,4
46414,4
163990,4
109806,4
146373,4
124060,3
98654,3
189143,4
42802,4
150384,4
184113,4
24315,3
107761,3
124896,3
176539,4
173406,3
13147,4
19170,4
138979,3
133101,4
138971,4
158824,3
6552,4
134949,4
21621,4
161839,4
7817,4
92470,4
135554,4
92412,4
156924,3
114615,3
174504,4
58334,3
64696,3
177025,3
129524,4
65446,3
95411,3
141096,4
140254,4
78988,3
163800,4
144127,4
104032,4
123673,4
81816,4
115107,4
71720,4
35671,3
22862,3
69748,3
85117,4
194662,4
116434,4
122773,4
158120,4
97192,4
198245,4
62853,3
141030,4
189423,3
185897,4
202828,4
120291,3
54873,4
201731,4
48122,4
99899,4
189674,4
145051,4
150391,4
187776,4
50911,3
47291,4
36693,4
18179,4
201830,4
119305,3
205450,4
180366,4
35068,4
59183,3
123088,3
200865,4
70423,4
167524,4
191327,4
74177,4
149358,3
190606,4
147002,4
174718,4
117816,3
199977,4
118798,3
129588,3
49870,3
19394,3
158662,3
127690,4
55408,4
162298,4
22799,3
85750,3
154379,4
113787,4
172937,4
76880,3
73260,4
185590,4
64874,4
147525,4
123665,3
204450,4
47211,4
73304,4
183366,4
193392,4
58525,4
170371,4
80535,4
1512,4
34809,3
4542,4
143949,4
113093,4
90816,4
96152,4
153055,4
160942,4
5503,3
160888,4
98814,4
17160,4
19236,4
112546,4
72747,4
75618,3
199270,4
67806,4
195598,3
43280,3
70762,4
14903,3
76625,3
65356,4
59926,4
45187,4
85412,3
165265,3
117305,4
143997,4
16995,4
639,4
125112,4
16275,3
196357,4
202607,4
52209,4
153269,4
81683,4
53890,3
90263,3
80924,4
129117,4
132032,4
159595,4
190314,3
52204,4
178749,4
101884,3
45141,4
132332,4
29549,4
80690,4
32407,4
112393,4
105135,4
157617,4
205356,4
180949,4
132313,4
93152,4
167906,4
26359,4
43858,3
165981,4
119385,4
120583,3
139958,4
174370,3
114288,4
129885,3
60972,4
112373,3
112565,3
31328,4
165297,4
9048,4
148021,4
138291,3
39439,3
199786,3
19368,4
118534,3
118108,4
172745,4
134674,4
42838,3
43078,4
201501,4
156771,3
77514,4
184526,3
4813,3
36505,3
181353,3
73251,4
148651,3
187596,3
92289,4
6678,3
146213,3
194978,4
12447,3
192559,4
68618,3
69216,4
76387,4
197179,4
13249,4
88744,3
60211,4
82198,4
9599,4
20704,4
173908,4
42817,4
177360,3
178726,4
33223,4
70945,4
166774,3
126894,4
34542,4
145710,4
144670,3
50333,4
52070,3
114151,4
16117,4
76060,3
177883,3
103785,4
32530,3
43896,4
3751,3
47406,4
69868,3
80053,3
4498,3
110620,4
45506,4
53705,4
113951,3
117382,3
37939,4
70233,4
182827,4
105087,3
36216,3
86369,4
164283,3
193859,3
131721,4
110632,4
164098,4
202009,3
87365,4
15383,3
145142,3
12397,4
38674,4
180323,4
30931,4
144384,4
25367,4
190669,4
137797,4
9258,4
99541,4
76567,4
180718,4
99714,3
167440,4
191514,4
19252,4
164439,4
42352,4
203109,4
45436,3
166609,4
195736,4
174805,4
107224,4
149999,3
25202,3
175935,4
186587,4
8333,4
102363,3
188098,4
21846,4
141853,3
162995,4
68745,4
112409,4
125587,4
19225,3
48860,4
74683,4
9236,4
149826,4
138817,3
10762,4
177990,4
46728,4
121389,3
191441,3
186890,4
74624,4
58092,4
203468,4
197891,4
60599,4
197943,4
183559,4
19893,4
63527,3
9826,4
146438,4
44471,4
19417,4
97686,4
115837,4
60890,4
128811,4
131894,4
37195,4
85673,3
176227,4
157945,4
105454,4
62220,4
205404,4
58985,4
165157,4
98372,3
46149,4
28703,3
115558,3
93769,3
21042,4
88225,3
105902,3
157840,4
135595,3
185935,4
61233,4
164549,3
146371,4
117413,3
143079,4
20391,3
17805,4
75811,4
153549,3
168759,4
73733,4
10721,3
110795,4
34491,4
110283,4
21745,4
157618,4
201422,4
119005,4
39905,4
85499,4
82546,3
161330,4
69771,3
171909,3
178937,4
34084,4
191395,4
90226,4
174068,4
101140,4
152678,4
131887,4
90739,3
148988,4
166408,4
79228,4
152254,4
88015,4
59710,4
123559,4
89442,4
63551,3
49671,4
103529,4
188404,4
204734,3
97353,3
39407,4
134743,4
169614,4
143285,4
194526,4
158287,4
175025,3
137929,4
72634,4
107473,4
166824,3
39303,3
28058,3
181810,4
76668,4
167974,3
139232,3
55822,4
57314,4
87620,3
161790,4
134687,4
116330,4
29319,3
75293,4
111352,3
174889,3
159165,4
86334,4
6609,4
190454,4
134801,3
143338,4
87034,3
102091,4
106503,4
202419,4
144318,4
169427,3
13325,3
164640,4
156324,4
92631,4
90381,4
77312,4
31536,4
195064,4
16368,3
169703,3
188834,4
19611,4
137266,3
72905,3
3732,4
31266,4
164712,3
112939,4
100124,4
165228,4
105437,4
180780,4
60224,4
139461,4
179224,4
162820,4
20840,4
40135,4
132342,4
152082,3
78324,3
139145,4
52052,3
36034,4
42462,4
414,4
24613,3
81482,4
176226,4
152027,4
140140,4
93283,3
14235,4
33557,4
64741,4
163075,3
13695,4
115408,4
182700,4
89193,4
19652,3
122648,4
80633,4
170614,4
113583,3
94906,3
85318,3
72488,4
204857,4
176166,3
174070,4
424,4
125417,3
98820,4
42847,4
188584,4
167460,4
170891,4
15473,3
132938,4
143672,4
57776,3
163389,4
48278,3
47575,4
11876,4
89099,3
17639,3
166105,3
100546,4
53542,4
88653,4
107443,3
22545,3
28698,4
135424,4
32602,4
183360,4
61944,4
190632,4
69977,3
22978,3
44916,4
89464,4
111610,4
205814,3
194504,4
127326,3
123267,4
15267,4
153140,4
28174,3
184192,4
177136,4
125077,4
21491,4
10534,4
167259,4
13848,4
108336,4
182968,4
47055,4
119869,3
14257,3
161154,3
173597,4
67909,4
45995,3
6348,4
4448,4
167483,3
123988,4
76129,4
37946,4
8409,4
77428,4
56395,4
192296,4
36107,3
144811,4
36286,4
155133,4
141476,3
49587,3
204845,4
36513,3
38887,4
115028,4
139864,4
33,3
30460,3
76718,4
12733,4
169370,4
101536,4
112224,4
184781,3
53210,3
4236,3
135969,4
149173,4
159367,4
85678,4
61736,4
32201,4
77196,4
77152,4
115069,3
23685,3
37536,4
170273,4
150262,4
46250,4
85136,4
151166,4
82393,4
41967,4
188312,3
172309,4
205556,3
40578,4
75417,4
128639,4
144586,4
34934,4
36523,4
165821,4
55340,3
180120,4
175902,3
202266,4
118395,4
102443,4
176499,3
111827,4
184324,4
14313,4
121922,4
168361,4
76261,3
82801,4
9564,4
68946,4
21056,4
159118,4
127407,4
52448,4
142077,4
139649,4
19936,4
167356,3
73984,3
7681,3
47557,4
137826,4
155363,3
173030,4
101600,3
118721,3
58346,4
167505,4
167202,4
149441,4
82221,4
32605,4
169686,4
34621,4
153370,4
144724,4
192393,4
152789,4
23093,4
130798,3
40647,4
96559,4
68879,4
26433,3
86738,4
205696,4
120625,4
131960,4
113713,3
149699,4
159795,4
166088,3
120321,4
48374,3
146724,4
86452,4
58242,4
1460,3
83266,3
101016,4
168836,3
203217,4
160155,4
171976,4
140523,4
189543,4
108042,4
129034,4
57004,4
177030,4
155578,3
120499,3
202400,4
66932,3
50063,4
70780,4
115222,4
125796,4
39285,4
33215,3
97003,4
11393,4
123443,4
8947,3
176554,3
108937,4
193501,4
173535,4
159012,3
186798,3
204119,4
169510,4
11543,4
154374,4
29307,4
195777,4
69840,4
119581,4
16251,4
161800,4
159899,4
40908,4
19674,4
61601,4
53880,3
149102,4
135530,4
29818,4
164677,4
84238,4
84283,4
72498,4
24601,4
71705,4
31272,4
38038,4
158228,3
131660,4
148442,3
173042,4
189622,3
122468,4
103856,3
37870,4
171396,4
169613,4
136945,4
48891,3
26709,4
171659,4
54758,4
103274,4
33621,3
23555,4
113945,4
29786,3
160064,3
133927,4
32751,4
909,4
180107,3
174531,4
150868,4
188269,4
114243,4
126081,4
158385,4
34486,4
136603,4
134470,4
131130,4
154415,4
4589,4
127879,4
22201,4
101701,4
160542,3
41730,4
128323,4
154599,3
24572,3
86550,4
59731,3
159952,4
197629,4
38880,3
149520,4
168073,4
37440,4
144476,4
84606,3
61152,3
10644,4
102859,4
81039,4
113813,4
156363,4
31881,4
30957,4
153807,4
7087,4
104914,4
158851,4
75331,4
36553,4
12244,4
92446,3
155737,4
167719,3
80348,4
46139,4
141414,3
63998,3
178569,3
114175,4
88741,4
22623,4
90540,4
114606,4
29704,4
156891,3
166134,4
96575,4
148062,3
114660,3
131502,4
99363,4
143432,4
99385,3
4314,4
195724,4
96692,4
94435,4
185926,4
125373,4
203391,3
181478,3
134044,4
173576,3
158940,4
35108,4
9297,4
8567,3
99595,3
169900,3
179143,4
121933,4
49949,4
18074,4
119498,3
38270,3
29745,4
164872,4
198515,4
92160,4
134879,3
48639,4
151477,3
90995,4
104154,4
193886,4
152564,4
182140,4
182423,4
59445,4
201095,4
115271,4
24642,4
32531,3
109793,4
93462,4
80667,3
128983,4
37590,4
56961,4
48617,3
62828,3
21385,4
98592,3
119801,4
114894,4
195031,3
138796,4
104482,4
58510,4
87466,4
74906,4
9723,4
92900,4
57083,4
62258,4
97814,4
160291,4
182142,3
133046,4
202299,4
61381,4
153484,3
171094,4
123313,4
26119,4
171691,4
42244,3
142833,4
18714,3
66535,4
116455,4
158876,3
4797,4
54181,4
14642,3
94705,4
104093,4
64565,3
199828,4
178153,4
182214,3
180538,3
201819,4
53155,4
197562,4
125530,4
89874,4
19746,4
204570,4
145633,4
170838,4
56708,4
142052,3
154541,4
55538,4
177173,3
21001,3
136530,4
74691,4
73565,4
5276,3
176617,4
76019,4
129222,4
198146,4
198174,4
140794,4
73631,4
16338,4
30857,4
71756,4
47646,3
102725,4
4572,3
29852,4
179652,4
128037,3
127829,4
193614,3
177109,3
45845,4
205024,4
96226,4
204433,4
172072,4
92775,4
143937,4
83769,4
47025,4
22741,3
127082,4
134325,4
175818,3
65977,4
1048,4
166622,4
111180,4
137931,3
123238,3
186386,3
129418,4
19869,3
199782,3
41416,4
193222,4
100538,4
54436,4
116043,4
15094,4
102392,4
14040,4
42128,3
119591,4
168423,3
197851,4
124654,4
179462,4
124522,4
118801,3
47597,4
112829,3
165779,3
8002,4
39649,3
7317,4
160782,4
181299,4
44971,4
135789,3
193933,4
116941,4
123646,3
186689,3
168623,3
154420,4
202744,4
204837,4
146564,3
26472,4
138006,3
184937,4
116420,4
115317,4
126685,4
101849,3
100083,4
101633,3
201886,3
199272,4
161505,4
154237,4
194327,4
116373,4
3528,4
3211,4
133785,4
95442,3
179118,3
204033,4
166751,4
144661,4
122540,4
86948,4
48544,3
140611,4
152690,4
80610,4
74455,4
94785,4
182543,4
164893,4
193747,4
156838,3
177937,4
1596,3
151934,3
156539,4
150398,4
145968,4
46024,3
82855,4
191364,4
74138,3
187421,4
6894,4
119110,4
17642,4
146721,4
1816,4
190585,4
118955,3
30031,3
93687,3
118552,4
35856,4
4473,4
3978,4
170665,3
125794,3
127491,4
58840,4
50410,3
6444,4
107987,3
52616,3
142076,3
197765,3
36776,4
27427,4
33300,3
11835,3
123864,3
91804,4
101777,4
26882,4
180346,4
23918,3
108386,4
197662,4
23567,3
203213,4
97507,4
86492,4
94830,4
100449,4
123666,4
134510,4
55407,4
182429,4
175663,3
19985,4
98327,4
43739,4
121519,4
53396,4
202964,4
90559,4
65251,3
22276,4
131186,4
32774,4
205259,4
542,4
151903,3
43618,4
130754,3
16027,3
91343,4
87798,3
198070,4
24341,4
128279,4
62537,4
71362,4
18123,4
140296,3
205145,3
63325,4
79554,4
183708,4
45796,4
73436,4
177092,3
121930,4
118706,4
171463,4
142237,4
151791,3
75183,3
57653,3
30270,4
18436,3
85529,4
32280,4
73729,3
117912,4
75450,4
66753,3
201329,4
118322,4
166120,4
33976,3
64551,4
118635,4
171558,4
140280,3
171355,3
93957,4
53669,3
25491,4
70280,3
71984,4
17864,4
41918,4
52147,3
183935,4
148597,4
123863,4
85744,4
147986,3
136185,4
114488,4
2618,4
44110,3
184982,4
72556,4
94369,4
94061,4
108908,3
66400,4
186278,4
65429,3
139229,4
36223,3
193061,4
153461,4
191826,4
13364,3
132781,3
75819,3
98472,4
57651,3
116197,4
126693,4
113242,4
633,4
143758,4
90299,3
151088,4
43939,4
3767,3
143456,4
371,4
123350,3
195161,4
25641,4
58148,3
200787,3
48740,4
66715,4
189177,4
120183,4
98924,4
57429,4
147993,4
110814,4
126518,4
25194,4
102109,3
23781,4
204360,3
203116,3
61706,4
197156,4
97268,4
40434,4
43800,4
91832,4
47796,4
186235,4
176573,3
137090,4
71395,4
188455,4
161783,4
115011,4
7263,3
113232,4
89020,3
165277,4
186842,3
30645,3
75913,3
146196,4
42275,4
48708,3
171978,4
19496,3
157583,4
30424,3
123535,4
139805,4
126353,4
70205,4
83836,4
165595,3
80046,4
43419,4
18610,4
22615,4
64978,4
177868,4
133017,4
177612,4
176042,4
139279,4
21308,4
57929,3
26618,4
183634,4
32506,3
152130,4
185167,4
183082,3
24746,4
21064,3
106185,3
116899,4
100689,4
187064,4
125444,3
73846,3
91402,3
171802,4
129308,4
86540,4
60133,4
19270,4
65698,3
189693,4
91883,3
99146,4
28490,4
45388,4
164320,4
203079,3
204352,4
93008,4
152143,4
85304,4
102029,4
138240,3
29462,4
3684,3
141630,4
81954,4
134301,4
190273,3
145344,3
65504,4
75588,4
169026,3
116838,4
194076,4
84539,4
6155,3
147537,3
132945,4
180303,3
84383,4
26696,4
97369,3
142114,4
52964,4
12362,3
70478,4
141883,4
139717,4
15438,4
130577,4
33643,4
63817,3
128031,4
70035,4
165044,4
17995,4
92011,3
96839,4
23496,3
34083,3
141556,4
56194,4
177394,4
110327,3
24224,3
152478,4
43937,4
70911,4
165512,4
87573,4
101037,4
50017,4
167544,3
153014,4
75063,4
132267,3
142874,4
44091,4
109536,4
29951,4
128692,4
202738,4
109788,4
8979,4
28768,4
150637,4
115482,4
79310,3
163481,4
17065,4
102821,4
37884,4
112146,3
125959,4
150997,4
167086,4
95168,4
57425,4
114706,4
84688,3
124381,4
50627,3
197961,3
100256,4
569,4
152705,4
53603,4
124077,3
5175,4
76243,4
200816,4
70074,4
175604,4
175679,3
16465,4
12828,4
98261,4
62789,4
13588,4
41994,4
126870,4
124190,4
3383,4
189771,3
81277,4
628,4
48872,4
55613,4
167790,4
197206,3
28661,3
202219,3
30370,3
92392,4
67285,4
60933,3
151740,3
98008,4
24477,4
162253,3
49169,4
89141,4
199,4
61241,3
89696,4
41158,3
190846,3
165861,4
127349,4
106459,4
140058,3
200336,3
65894,3
23715,4
107818,4
199930,4
143426,4
22693,4
74986,4
102941,4
93591,4
121193,4
74998,4
181122,4
159562,3
207,3
75251,4
200733,4
133963,4
35112,4
200231,3
228,4
166375,4
12388,4
169916,3
14488,3
122282,4
36174,4
4062,4
200854,4
8157,3
152375,4
24783,3
127747,4
84907,4
44134,4
168841,4
819,4
3678,3
119923,4
18921,4
75531,4
12854,4
198516,4
10380,4
39726,3
29092,4
80065,4
5778,4
126584,4
93011,3
80614,4
142081,4
1218,4
60222,3
149410,4
120193,4
5063,4
20490,4
175068,4
148051,4
86418,4
11781,4
133240,3
29658,4
75205,4
175027,4
14463,4
82378,4
116436,4
188847,4
23515,4
189140,4
147180,4
123177,3
159021,4
203,4
99772,4
83288,4
147973,4
129528,3
118046,4
193069,4
1675,4
65091,4
60318,4
2213,4
170813,4
112131,4
177924,4
53332,3
180519,4
161111,4
175534,3
13312,4
205653,4
2251,3
154527,4
152505,4
81840,4
988,3
27874,4
45350,3
8882,3
22124,4
103756,4
14110,3
97576,4
119518,3
25093,4
66795,4
91419,4
57780,4
28637,4
18639,3
173063,4
66966,4
148865,4
198790,4
42697,3
63664,4
9955,3
138260,4
45636,4
23889,4
105361,4
148042,4
36267,4
56424,4
143128,3
51564,3
66165,3
62583,3
171056,3
21407,4
119071,4
105807,4
183747,4
90477,3
162387,4
106067,3
2471,4
37836,4
148533,3
47756,3
32924,3
1467,3
63605,4
200471,4
100181,4
88152,3
101635,4
26153,3
86009,3
76431,4
130834,4
96789,3
156317,4
57495,4
124943,4
114896,4
200998,3
195090,3
163555,3
122419,3
127580,4
160552,4
122148,4
152849,4
45573,4
41805,4
95000,4
183015,4
96015,4
57007,3
117671,4
71203,4
172540,4
7121,4
164226,4
62114,4
188345,3
167661,4
45488,4
146510,4
132908,3
110631,3
14583,4
123570,3
185422,3
63939,4
174251,4
190128,4
45627,3
169618,3
14701,4
168093,3
64435,3
47454,3
83369,4
105733,4
145203,4
21953,4
181244,3
187479,4
51570,3
4780,3
70327,4
85751,4
139841,3
146157,4
31387,4
94846,4
47253,4
69566,3
168680,4
178124,4
108704,4
129218,4
34623,4
83399,4
186885,3
25894,4
108552,4
67318,3
185535,4
161958,4
185113,4
82462,4
41164,3
83005,4
169732,4
198829,4
27560,3
166777,4
149761,3
56685,4
192794,3
21794,4
104727,4
71019,4
199383,4
147778,3
78889,3
148371,4
187176,4
100319,4
159884,4
99581,4
110397,4
68156,4
201011,4
161859,4
115832,4
99856,4
167787,4
149782,4
8740,4
183801,3
94504,4
203408,4
174606,4
130112,3
183437,4
64183,4
42452,4
164787,4
162621,3
146974,3
188385,3
118726,4
143958,4
147611,3
146631,4
136614,4
40868,3
109826,3
200791,3
46917,4
127704,4
2308,4
179411,4
97693,4
135248,3
112389,3
144144,3
162897,4
28948,4
58830,4
4307,4
179151,4
152031,4
81136,3
178704,4
145363,4
98785,4
58109,4
35805,3
163144,4
152111,4
135872,4
99818,4
48515,3
146795,4
166679,4
73355,4
184846,4
24423,3
162892,3
113814,4
38252,4
89081,4
168140,4
30635,4
137922,4
174626,4
71898,4
34923,4
59671,4
100841,3
161779,4
127808,4
61394,4
89325,3
138321,4
107460,4
64093,4
128694,4
160397,4
73985,4
78914,3
176546,3
55616,4
85432,4
27107,4
153225,4
10201,3
168379,4
39381,4
125891,4
50100,3
153534,4
36564,3
92155,3
58526,4
63265,4
55799,4
6834,4
91981,3
34771,4
21172,3
192038,4
185989,4
158343,3
205693,3
13594,4
107861,3
73803,4
144006,4
173796,4
88229,4
203348,3
25731,4
68414,4
22491,4
59846,4
94138,4
107257,3
8762,3
132644,3
121003,4
184005,3
55737,3
114907,4
196211,4
186097,4
115238,4
19187,4
108626,4
187120,3
184288,4
123693,4
150845,4
191209,4
99649,4
44052,4
73669,3
51895,4
144683,4
59747,4
131755,3
200553,3
176909,4
202238,4
124743,4
128429,3
96353,4
184493,4
165885,3
92092,3
21841,4
85896,4
44891,4
10576,4
117879,4
198464,4
2359,4
109115,4
135058,3
60348,4
68228,4
80158,4
93425,4
146366,4
190438,4
120124,4
99394,3
144053,4
184172,3
166004,4
136541,4
82023,4
103703,4
161050,3
134958,3
84050,4
17905,4
3604,3
161364,4
127085,3
97165,4
138582,3
128723,4
171131,4
195961,4
163823,4
113213,3
33409,4
184026,3
14076,4
125465,4
15575,3
182127,3
80871,4
200463,4
20988,4
1294,4
155583,4
126708,3
197452,4
181642,4
134951,4
20505,3
158443,4
16459,4
16937,4
18335,4
202553,4
117223,4
117624,3
131375,4
7540,3
161531,4
100607,4
33191,4
144995,4
70172,3
179894,4
28433,4
22487,3
69575,3
180084,3
164331,4
177153,4
92141,3
132948,4
32675,4
192623,3
136406,3
146638,3
69927,4
10371,4
125079,3
15431,4
33179,4
88075,4
134600,4
3024,4
202968,4
164754,4
50998,3
198069,3
48357,4
44615,4
154439,3
148455,3
100790,3
169612,3
53424,4
48940,3
181280,3
89188,3
46655,4
181008,4
195249,4
66430,4
94364,4
6469,4
105549,4
168549,4
172061,4
149247,3
60188,4
79752,3
173076,3
172366,3
63311,4
55873,4
66944,4
73343,4
68259,4
70728,3
134861,3
7063,4
95874,4
43213,3
105032,4
53879,4
56541,4
56068,3
119234,4
83340,4
66675,3
27239,4
58854,3
28339,4
71667,4
95872,4
95111,4
136971,3
136673,4
116969,3
51306,3
100942,3
46197,4
134341,4
80563,4
27628,4
131510,4
98124,4
191229,3
165036,4
4668,4
132577,4
105335,4
9021,4
147466,3
11501,4
180809,4
88359,4
190038,4
166932,4
39808,3
85294,3
157269,4
177358,3
22696,4
110207,4
27254,4
180399,4
8834,4
189796,4
204916,4
205849,3
37387,4
105013,4
32505,3
123626,4
138093,3
197487,4
4681,4
173077,3
152473,3
192916,3
198225,3
79600,3
168729,4
165804,3
86038,3
55182,4
155113,3
53608,4
40911,4
91462,4
15328,3
167347,4
72535,4
49623,4
65622,4
16748,4
178725,3
45489,3
12837,4
161527,4
188877,3
140813,3
145800,3
160121,3
194635,4
173736,3
184752,4
121597,4
62363,4
197676,3
64338,4
194481,3
170285,4
105799,4
123924,4
192265,4
4065,4
144732,3
60131,4
58069,3
107501,3
45339,4
58398,4
55985,4
197918,4
71104,4
17138,3
181444,4
40348,4
196605,4
61735,4
100326,3
70865,4
6005,4
9206,3
177451,4
197115,4
191321,3
157336,4
196790,4
95541,4
60500,4
53390,3
134601,4
56182,3
61285,4
109843,4
19311,3
206010,4
123664,3
201795,3
129275,4
204141,4
179141,4
26231,3
58024,4
53296,3
105328,4
170245,3
91787,4
109284,4
26864,4
138150,4
100670,3
39273,4
84451,4
140232,3
41024,4
158206,3
35570,4
127556,4
15237,3
135857,4
163643,3
22946,3
48594,3
132418,3
170387,4
170954,4
18416,4
85627,3
70089,4
77158,4
183172,4
178724,4
190323,3
161862,3
61181,4
65132,3
99219,4
47754,3
84028,3
185793,3
121398,3
173649,4
35136,4
120696,4
92724,4
28280,4
26384,3
4620,4
53655,3
148524,4
163805,3
48211,4
159699,4
135124,3
105692,4
55186,4
4946,4
106811,3
129918,4
44183,4
128287,4
2052,3
179079,4
45066,4
49048,3
200635,3
107506,3
49267,4
126864,3
42061,4
92407,4
55588,4
124568,4
199508,4
127588,3
14662,4
181649,3
104628,3
25908,3
199564,4
66023,4
146505,4
165334,4
95021,4
8629,4
115613,4
24687,4
149206,4
138689,3
188610,3
154643,3
125101,3
112277,4
128282,3
151023,4
14880,3
123211,3
51597,4
7125,4
189634,4
48200,4
33289,4
148278,3
182688,4
121715,4
80045,4
144533,4
205936,3
176521,3
44620,3
150542,4
153018,4
100115,3
125423,3
80208,3
182151,4
193102,4
58805,4
28393,4
40970,4
177530,3
166810,4
206179,3
201094,3
163999,3
30378,4
109968,4
126215,4
64934,4
98209,3
123296,4
35721,4
124792,4
129274,4
91734,3
63787,4
4777,4
146688,4
136851,3
24678,4
144260,4
199518,3
27279,4
8598,3
133521,4
65969,3
42305,4
18560,4
196041,3
49340,4
194018,4
133075,4
67016,3
82530,4
116951,4
147493,3
38672,4
183950,4
201949,4
88624,4
54433,4
6353,4
42624,4
171098,4
5470,4
180052,4
55409,4
144737,4
104980,4
86673,4
183611,3
181306,4
27364,4
96361,3
149544,4
54944,4
113930,3
21445,4
113923,4
102525,3
54097,4
53341,4
26079,4
170386,4
72433,3
167129,4
71325,4
174941,4
45051,4
131466,3
190228,4
33778,3
88402,4
26197,4
31694,4
30585,4
146370,3
1318,4
144367,4
180240,3
58316,4
65049,4
162244,4
30309,4
159684,4
148851,4
49627,3
36996,4
159628,3
79514,4
153701,4
85776,3
40408,4
54464,3
169958,3
36863,4
35783,4
70119,3
181372,4
2743,3
193974,4
65001,4
204995,3
202522,4
172458,4
163365,4
4079,4
5834,3
129219,4
48388,4
163436,4
89387,4
164198,4
177624,3
18966,4
84683,3
148801,4
32940,4
44274,4
128918,3
130087,3
94472,4
130738,3
192159,3
24900,4
199742,4
145012,4
199092,4
63379,4
111698,3
141107,4
185776,3
20205,4
204572,4
174330,3
69560,4
164250,3
80855,3
117048,4
63949,4
183758,3
148804,4
180128,3
33720,3
71188,3
19583,4
144578,4
59441,4
174888,4
102010,4
172037,4
116121,3
82955,4
157453,4
102043,4
198710,4
112001,4
100020,4
37693,4
32571,4
143093,3
102737,4
56217,3
30669,4
67675,4
72941,3
42273,3
76401,4
165061,4
27576,3
83791,4
80893,3
109312,3
32698,4
94026,4
172048,3
93521,3
175471,4
109596,4
112629,3
9761,3
58489,4
184929,3
99197,3
177836,3
170095,4
55736,4
77931,4
128644,3
56619,4
43874,4
52896,4
127222,4
119806,4
142258,4
116832,3
179066,4
123982,4
179430,4
113203,4
161616,4
28839,4
12625,4
198692,3
21834,4
62092,3
102522,4
52833,3
189008,4
35637,4
130981,3
126421,4
84143,4
160560,3
97282,4
20078,3
128209,4
134894,3
58684,3
23008,4
187307,4
79855,3
204779,4
137104,4
201317,4
89850,4
104562,4
128413,4
149251,3
101543,3
103300,3
197114,4
101944,3
46501,4
128820,4
125428,4
63796,3
29722,4
55594,3
139225,4
78850,4
93358,4
86617,3
156451,4
171780,4
108686,4
66609,4
195334,4
91727,4
19134,3
162592,3
109855,3
64473,3
180285,3
203056,4
64679,4
133876,4
116113,4
63779,4
87806,4
167718,3
163541,4
30039,4
120783,3
49015,4
161297,4
180705,3
203549,3
23325,3
177254,3
24367,4
155380,4
144698,4
60867,4
118497,4
59987,4
108237,4
59306,4
118671,3
105195,3
89827,3
202852,4
114679,3
180165,4
123814,4
34960,3
200276,4
83338,4
198936,4
179350,4
190681,4
31025,4
189593,3
17732,4
33008,4
124337,3
34380,4
132567,3
54213,3
70219,3
60141,4
53468,4
104461,4
184239,4
64780,4
105958,4
101235,4
41425,4
49425,4
74905,4
87642,4
98391,3
188558,4
54420,3
75121,4
72127,4
109234,4
109760,4
157261,3
73635,3
53774,4
206186,4
197776,4
49151,4
194269,4
184921,4
82096,4
75210,3
175979,4
88240,3
163868,4
159871,4
68394,4
120400,4
176097,4
143536,4
37850,3
175706,4
195674,4
200748,3
143207,3
117135,4
104200,3
28436,4
121134,3
13889,3
136360,4
129422,3
142179,4
122570,4
130171,4
62604,3
172685,3
139522,4
186678,4
201116,4
97033,4
134315,4
7740,4
81810,4
1876,4
86578,4
51692,3
98577,3
76937,3
36120,4
79642,3
82245,4
28859,4
190264,4
92892,4
141512,3
157220,4
129352,4
99846,4
96942,4
190942,4
91770,4
163763,3
116019,3
184978,4
44055,3
137715,4
112572,4
159926,3
188027,4
157315,3
65185,3
194496,4
61246,4
198900,4
166628,4
116956,4
60571,4
183423,4
172888,4
199525,4
63626,3
52530,3
86118,4
103423,3
106884,3
127001,4
108931,4
87753,4
43279,3
104450,4
24937,4
184508,3
79190,3
76218,4
128977,4
122081,3
55510,4
187382,3
119886,3
196333,3
201047,4
166649,4
29251,4
199082,4
133897,3
88712,4
1618,4
65200,4
102425,4
196899,4
160402,4
191258,3
37792,4
105489,4
22000,3
34138,3
103981,3
187964,4
58585,3
105421,4
114179,4
112658,4
107029,4
22476,4
142647,4
106997,4
121056,4
17457,3
182152,4
99652,4
194079,3
163407,4
193952,3
152236,4
23226,4
79379,4
170921,4
113462,4
3845,4
18228,4
181370,3
174086,3
70682,4
108109,4
178568,4
11759,4
134769,4
146311,4
163488,4
4395,4
194161,4
120008,4
6791,4
126141,4
24999,4
88845,4
191374,4
21869,3
62486,3
78660,4
89723,4
74649,4
144306,4
34467,3
182560,4
183383,4
107090,4
145489,4
52991,4
157250,4
14202,4
201620,3
31499,3
47224,4
81500,4
67295,4
57324,3
198310,3
194398,4
199919,3
20693,4
183913,4
5523,4
114062,4
93298,3
123528,4
2314,4
66178,3
163851,4
118962,4
91924,3
171010,3
29752,3
25858,3
32827,4
166122,4
172055,3
143418,4
59275,4
180092,4
40340,3
33146,4
59592,3
171824,4
37931,3
19735,4
182685,3
4292,4
60020,4
36717,4
34560,3
39758,4
27847,4
156950,4
139746,4
51427,3
119566,4
62631,3
51852,3
101172,4
125963,4
205209,4
116662,4
25792,3
174263,4
68086,3
187150,3
43028,3
193473,4
151746,3
5219,3
168125,4
146032,4
86473,4
91473,3
135324,4
51004,4
119829,4
28955,3
130707,3
54389,4
195942,4
142790,4
97355,4
48107,3
171073,4
35919,4
62200,4
165025,4
150035,4
184164,4
41378,4
58422,3
154008,4
74420,3
130335,3
170710,4
158224,4
124429,4
24306,3
190464,3
168923,4
172169,3
45315,4
140142,4
87202,4
124087,4
197294,3
203553,4
149527,4
141509,4
74822,3
82629,4
43877,4
115829,3
181084,4
118982,4
141679,4
143091,4
187863,4
38925,4
100721,4
175927,4
35580,4
174824,4
158151,4
135458,4
163988,3
31269,3
52214,4
169837,3
179550,4
110419,4
163429,4
126860,3
204533,4
61474,4
105230,4
43194,4
201238,3
44461,4
193666,4
153988,4
22726,4
70689,4
135661,4
130500,4
5182,4
176406,4
180089,4
27143,3
119904,3
163430,3
43198,4
173950,4
96284,4
74925,3
18893,4
67618,3
188399,4
77335,3
75266,4
72489,4
52594,4
88168,3
25064,4
183315,3
60702,4
203022,4
48855,4
155413,4
138628,4
117779,4
80193,3
167319,4
151948,3
164498,3
83076,4
95671,4
101765,4
174697,4
186727,3
173591,4
142359,4
60520,4
103451,4
13006,3
162010,4
137369,4
80247,3
171883,3
173057,4
113538,4
4134,3
168909,4
29189,4
134135,4
92357,4
60295,4
116728,3
91940,4
11657,4
88869,4
201666,4
39751,4
196982,3
51998,3
89432,4
155535,4
202458,3
14567,4
183538,4
107412,4
197649,4
105575,4
156020,3
133115,3
76961,4
185904,4
29197,4
118418,3
101939,4
82534,4
44084,4
25348,4
195687,4
101830,4
25829,3
159575,4
70333,4
28246,4
43098,3
91474,4
112032,4
37733,3
164832,4
174081,3
69204,4
77963,3
38604,4
195218,3
17174,4
196888,4
70995,4
34223,3
36108,4
174518,4
22323,4
164249,4
259,4
124717,3
131483,4
103729,4
139606,3
146359,3
12351,3
204420,4
133155,4
163551,3
106662,4
61764,4
142387,4
169917,4
151695,3
88356,4
195865,4
193675,4
142962,3
79836,3
97085,4
29743,3
58212,4
46595,4
91815,4
6154,4
17077,4
161334,4
12688,4
66531,3
171202,4
102504,3
28040,4
139324,3
154370,4
166193,4
168659,3
27793,4
9878,4
83850,4
107779,4
109427,3
136150,4
26283,4
128258,4
41412,4
163873,4
198137,4
75421,4
122960,4
115576,4
184578,4
76934,4
12243,4
65364,4
5989,4
184128,4
146317,3
118743,4
196530,4
147871,4
114707,4
17087,4
51137,4
7060,4
56067,4
88905,4
20230,4
27703,4
74214,4
182600,4
110688,3
82354,4
59750,3
14606,4
148337,3
160558,3
163590,4
84590,4
132870,4
161285,4
64540,4
131361,4
88756,3
31616,4
146727,4
35217,4
167881,4
126210,4
97625,3
94984,4
46114,4
174446,4
107336,4
63170,4
77326,4
90601,3
47679,3
111179,4
63358,4
125106,4
86885,4
199481,4
197680,4
124877,4
80976,3
4169,4
202603,4
118880,4
124993,4
171389,4
182284,3
4660,3
111762,3
105949,4
2962,3
126364,4
122342,4
56847,4
79972,4
36081,4
86626,4
16547,4
186272,4
144071,4
166290,4
197093,3
110927,3
169179,3
195430,3
77215,4
61510,3
76441,4
46824,3
58722,4
81150,3
70914,4
166040,4
114753,4
195523,3
143601,4
168917,4
156494,4
139390,4
27880,3
138981,4
15690,4
1174,3
85355,3
39523,3
110811,4
169417,3
121459,3
161301,4
150205,4
126431,4
93714,4
156696,4
31673,4
70652,3
70424,4
88333,4
14441,4
183396,3
104210,4
149178,4
149230,4
107785,4
26430,4
113005,4
94108,4
166117,4
22589,3
51547,4
117936,3
167179,4
114343,4
36276,4
149006,4
15522,3
20629,4
104041,3
106594,4
111680,3
146467,4
171410,4
69774,4
51381,4
20042,4
187030,3
11537,3
191849,4
62352,3
163835,4
133188,3
110771,3
86782,3
82142,4
88808,3
108661,4
16299,3
66428,4
135143,4
154035,4
101936,4
55130,3
169331,3
12353,4
161746,3
192008,4
179209,4
164955,3
45021,3
100014,4
64897,4
112391,4
204885,4
193585,4
123534,4
49893,4
27102,4
91149,3
173215,4
40930,4
201646,4
196365,4
52341,4
80942,4
195677,4
78753,4
134868,4
108697,3
22225,4
129253,4
103793,4
76002,4
18673,4
94210,4
204543,4
105840,4
168557,3
18293,3
53963,4
52545,4
26744,4
163028,4
70168,3
73959,3
37714,3
103798,4
27660,4
60546,4
147619,3
151295,4
145312,3
150025,3
32332,3
10874,4
5845,3
63745,4
43811,4
132056,3
157280,4
156930,4
96869,4
168307,4
135565,4
16003,3
36469,4
154789,4
187068,4
21927,3
16169,3
135802,3
139610,4
186834,4
128819,4
41434,3
43396,4
191297,4
147940,4
173432,4
119057,4
13486,4
29356,3
70179,3
177697,4
18343,3
97221,4
6939,4
17164,4
178968,4
2063,4
130432,4
133644,4
157406,4
134181,4
3591,4
108310,4
153021,4
182445,4
77099,4
147119,4
138295,3
23920,4
178886,3
143034,4
4005,3
137956,3
48050,3
38777,3
156976,4
73740,3
82540,3
6006,4
143120,4
41527,4
57336,4
196440,4
5604,4
72721,3
107129,3
110714,3
146899,4
99105,4
116517,3
143411,4
156779,4
192026,4
192857,4
26759,3
45833,3
55197,4
115615,4
122112,4
105595,4
205854,4
145242,3
1856,4
90597,4
102180,3
75269,3
156310,4
141189,4
199205,3
112417,4
197474,4
41928,3
185927,4
61824,4
21051,4
188164,3
163864,4
160466,4
27183,4
20292,4
104870,4
46512,3
8587,4
85194,4
35209,3
154890,4
78117,3
146493,4
191009,3
144597,4
26182,4
88399,4
116036,4
41268,4
100526,4
155044,4
14545,4
190856,3
20947,4
193579,4
26944,4
170692,3
33515,4
178625,4
6041,3
78053,3
123905,4
94283,4
127795,4
23394,4
196505,4
19258,4
140210,4
199394,3
73525,3
179403,4
149051,3
144445,4
113805,4
96477,4
99918,4
45906,4
171591,4
153531,4
111413,3
201690,3
22186,4
50348,4
86890,4
47471,4
78586,4
84460,3
951,4
141551,4
12550,4
156944,4
204066,4
68565,4
131155,4
180908,3
36418,4
182078,4
142402,3
140837,3
129498,4
194391,4
189079,4
78863,4
156488,4
157092,3
45526,4
173902,4
162632,4
9166,4
65197,4
102491,4
200522,3
72906,4
68118,4
88620,4
135791,4
61088,4
72413,3
170056,4
72243,4
156117,4
139373,4
4770,4
22892,4
20236,4
76723,4
198176,4
199057,3
176891,4
1846,4
150574,3
75169,4
171457,4
49433,3
110629,3
152081,4
74630,4
168421,4
11251,4
113259,4
109128,4
129184,3
85764,3
176708,4
16563,4
58062,3
159212,4
15468,4
21408,4
45554,4
23080,3
172927,4
22607,4
9371,4
64642,4
120184,4
82988,4
123490,3
102560,4
184682,3
106491,4
181427,4
129495,4
112617,4
147426,3
201275,3
200117,3
161461,3
134121,4
55412,4
173349,4
53843,4
47068,3
86029,4
195124,4
108808,4
186329,4
152227,4
45156,4
4233,4
50048,4
114350,3
143394,4
93401,4
107448,4
106736,3
122656,4
62850,4
147750,3
160616,4
49280,3
14698,4
190936,3
190834,3
69153,4
123043,3
85548,4
16222,4
41660,4
25790,4
151121,4
161619,4
11252,3
50107,3
64084,4
128659,3
130148,4
116115,4
74539,4
160862,3
20621,4
76930,4
200088,4
12532,4
1308,4
14116,3
93294,4
55712,3
37972,3
776,4
171875,4
200422,4
191585,4
174274,3
167566,4
74843,4
156767,4
29224,3
3844,4
136898,3
160490,4
199461,4
99456,4
138803,4
74281,3
48173,3
19647,4
201902,4
184811,3
14157,4
60968,4
122904,4
157412,4
22945,3
91991,4
32301,4
196,3
185014,3
133523,4
57879,4
95695,4
174973,4
129874,4
113197,4
124391,4
138770,4
157578,3
145316,4
200958,3
141329,4
193290,4
6844,4
156224,4
143823,3
160988,4
59873,4
45925,4
170955,4
35688,4
94841,3
204750,4
5359,3
59920,4
89205,3
170478,4
92935,4
116162,4
55000,4
161144,4
92869,4
137787,4
159362,3
18069,3
121157,3
168464,3
3756,4
86041,4
184105,3
128993,4
165371,4
614,4
40646,4
129691,3
180700,4
22636,4
1502,3
138830,4
135665,4
201927,4
81738,4
166327,4
126722,4
38979,3
119648,3
929,4
22840,4
22711,4
163269,4
55087,3
182188,3
67103,3
200797,4
121931,4
181808,3
35816,4
65444,4
133329,3
64501,4
81139,3
113450,4
125776,4
62928,4
2811,4
142817,3
127128,4
72458,4
49959,4
24421,4
168153,3
92107,3
40038,4
83301,3
185657,4
124140,3
178599,4
110541,4
66877,3
53926,3
106741,4
104595,4
55824,4
63657,3
97922,3
92913,4
10724,3
170,3
178337,4
132722,3
180055,4
23676,4
107250,3
3873,3
23255,4
2954,3
20520,3
67781,3
136907,3
163357,3
67797,4
198639,4
129504,4
186531,4
143106,4
203916,3
187440,4
127066,4
73949,4
182494,4
198147,4
93191,3
104139,4
144918,4
145228,4
2106,3
89967,4
73294,3
21424,4
133347,4
103993,4
163018,4
67621,4
51224,4
86746,4
104426,4
139884,4
140294,4
107235,4
148950,4
87433,4
202624,3
74890,4
202041,4
199753,4
201922,4
113448,4
48591,4
42909,4
167241,3
6685,4
154959,4
8222,4
68450,4
54491,4
116540,3
167126,3
172437,3
91484,4
163975,3
98720,4
17028,4
159456,4
105898,3
33757,4
35001,4
93332,4
185695,4
108012,3
152071,4
74845,4
151421,4
15745,4
206121,4
26333,4
7485,4
101972,4
9497,3
162791,4
64904,3
38820,3
148620,4
76810,4
33507,4
126743,4
201328,4
21254,4
52096,4
198822,4
27314,4
46626,4
157024,4
686,3
83730,4
55958,4
26671,4
119485,4
58153,4
829,4
169169,3
205108,3
202518,3
132709,3
128030,4
183025,3
180168,4
113000,4
162163,4
61462,4
174471,4
25914,4
151379,3
120543,3
96524,3
38549,4
98377,4
112074,4
21376,4
168982,4
168374,4
174510,4
138958,3
62036,4
158891,4
94059,3
113343,4
128782,3
63933,4
139876,4
161503,4
126697,4
187058,4
162786,3
59977,3
160861,4
4740,4
157184,4
129384,3
186300,4
155343,3
86413,3
89203,4
2048,4
132639,3
154081,4
38598,4
73786,4
199706,3
32255,4
155775,4
135388,4
99972,4
118517,4
159915,4
1616,3
132079,4
28220,3
160929,3
96380,4
51639,4
108010,4
14581,4
119695,3
158406,4
13788,4
21973,4
189013,4
21804,3
69273,3
32142,3
108011,3
30298,4
84547,4
175808,4
76072,4
177666,4
36594,3
201475,3
57680,4
60953,4
88508,4
167827,4
51648,4
149235,4
62562,4
186192,3
124535,4
205623,4
55966,4
69384,3
108900,3
47996,3
133010,3
188749,4
153657,4
112051,4
127950,4
169110,3
175035,4
63838,4
113622,4
191595,4
74949,4
65550,3
92709,4
63679,4
69284,4
111685,4
139564,3
73585,3
32176,4
169061,4
129526,4
35177,4
190420,4
86354,3
60000,4
125095,4
4687,4
75741,3
175270,4
109326,4
117408,4
154928,4
139335,4
51024,4
24307,4
105267,3
121944,3
202794,4
160298,4
105202,4
95842,4
167457,4
26147,4
115126,3
44009,4
78840,3
123708,4
75008,3
132412,4
2912,4
23200,3
27598,4
150658,4
100946,4
8048,3
28788,3
149017,4
43639,3
25215,4
37404,3
74181,4
12529,3
110380,4
6946,3
176973,4
95280,3
31039,3
121200,4
182388,4
62386,4
26921,3
55310,4
67852,4
73102,4
87844,4
95466,4
40239,4
118922,4
87917,3
3866,3
86025,4
17729,4
155298,3
111085,4
11384,4
88641,4
17333,4
47113,3
69640,4
58330,4
39855,4
5403,4
137380,3
119838,3
861,3
146447,4
92283,3
27190,3
140442,4
145781,3
116907,4
111897,4
13227,3
64863,4
98642,3
162304,4
156845,3
172159,4
65537,4
132532,4
67268,4
38624,4
181089,4
16650,4
199560,3
132121,4
145463,3
11971,4
65174,4
23441,3
58181,3
85286,4
69355,4
50653,4
80839,4
174393,4
3795,4
76107,4
180450,4
8050,3
136720,4
156271,3
145673,4
102201,3
167072,4
112987,3
86447,4
43161,3
175888,4
64831,4
171662,4
129950,4
125635,4
51586,4
175119,3
86874,3
135242,4
197314,3
4669,4
124600,3
10101,4
167942,4
185313,4
69371,4
48685,4
80643,4
80941,3
151235,3
7797,4
79830,4
147015,4
131594,4
8901,4
117225,4
115347,3
125365,3
167634,3
34735,4
26858,4
52354,4
87254,4
129476,3
89271,4
13357,4
152748,3
137988,4
38750,4
119529,4
174332,4
68784,3
36745,3
19680,4
94418,3
19503,3
172077,4
167403,4
80343,4
28322,4
86313,3
133732,4
180194,4
139824,3
188994,3
25990,3
6528,4
36729,4
177441,4
204557,3
125939,4
184503,4
95773,4
193891,4
163818,4
27234,4
119215,4
189328,4
174278,3
102548,3
155917,3
164557,3
132583,4
106627,4
184767,4
136221,3
107723,4
111737,3
185580,4
127684,4
16657,4
130228,4
9689,4
79916,4
184862,3
99505,3
10387,4
42776,4
95927,4
137064,4
110643,4
154270,4
160523,3
46020,3
72208,4
9304,4
168945,4
172160,4
21063,3
198423,4
121527,4
165196,4
14390,4
143720,4
111755,3
198748,4
168977,4
739,3
188348,4
121386,4
4164,4
58442,3
3205,4
95702,3
19380,4
152435,4
70756,3
137370,4
79435,3
82641,4
35837,4
72960,4
29474,3
187541,3
189117,4
165887,4
30552,4
37855,4
141141,3
28761,4
182478,4
21066,3
94429,3
22262,4
91600,3
152683,4
150091,3
163104,3
67129,4
186310,3
3784,4
166319,4
158088,3
26252,4
9857,4
6809,4
29938,4
83598,4
191354,4
122459,4
89319,3
72107,4
38901,3
143386,4
70747,4
165133,4
56599,4
155947,4
112666,3
72696,4
113515,3
116027,4
12005,4
2454,4
40071,4
159888,3
46486,4
185981,4
189372,4
158817,4
42040,4
63719,4
167095,3
190876,4
187711,4
61757,4
117677,3
27019,4
105686,3
140982,4
151193,3
90785,4
34010,4
47114,4
182650,3
51578,4
143545,4
8056,4
193598,3
67982,3
173038,4
179461,3
55051,4
139728,3
13994,4
60724,3
196814,3
64854,3
14130,3
116184,4
189607,4
98970,4
23687,3
120994,3
137562,3
186737,4
107675,4
199025,4
134762,4
164235,4
18932,4
85732,4
158199,3
6872,4
182553,4
189036,4
115838,4
54131,4
53405,3
156298,4
161555,3
49783,4
176207,3
34773,3
15042,4
132309,4
31652,4
122918,3
150522,4
35300,3
16333,4
150765,3
22219,4
51534,4
135364,4
102897,3
51660,4
202054,4
204252,3
204131,3
183018,3
179188,3
165149,4
142125,4
127164,4
92577,4
59776,4
164647,3
172121,4
99616,3
37880,3
132225,4
37513,3
93158,3
65998,3
25144,4
189398,4
68867,4
155904,3
118312,3
25427,4
70073,4
103854,4
143715,4
175826,4
93732,4
10522,4
89624,3
199700,4
191743,4
69268,4
28290,4
18262,4
40399,3
118193,4
105376,4
117844,3
117032,4
98782,4
58211,4
34980,4
118519,3
136060,4
25788,4
92758,4
165613,4
197531,4
173295,4
90249,4
27168,3
132677,4
133014,4
85681,4
178623,4
113161,3
38253,4
147530,4
110308,4
193334,4
173502,4
19567,4
123747,4
1289,4
125490,4
139838,3
27014,4
193738,3
74098,4
13988,4
136268,3
196830,4
82064,4
183837,4
190985,4
64465,4
339,3
100448,4
159388,4
128278,3
196545,3
137674,4
97885,3
36249,4
33082,4
187625,4
99733,3
131224,4
138408,3
109096,4
167971,3
112688,4
57859,3
106120,4
184290,3
202526,4
37311,3
52003,3
92021,3
37502,4
123551,3
55343,3
39013,4
15262,4
5724,4
11989,3
34783,4
33808,4
161634,4
191953,4
128319,4
158417,3
122763,4
91429,3
139203,3
627,3
19913,4
7001,4
15162,4
161890,4
68042,4
12891,4
144154,4
79521,3
9344,4
77550,4
12613,3
7092,3
11016,4
28689,3
185979,4
152546,4
26061,3
134042,4
157584,4
46444,4
21994,3
87913,4
137806,4
132314,4
199931,4
201808,4
1488,4
134998,4
24239,4
30399,4
197017,4
197532,3
93876,3
93955,3
204867,3
191678,4
123891,4
146650,4
156518,4
23755,3
79691,3
82343,4
12799,4
140497,4
155914,3
15143,3
22272,4
138062,3
201663,4
44896,4
65288,4
26425,4
12606,4
75263,4
7930,3
176836,4
5243,4
4826,4
81963,4
41213,4
66642,4
38352,4
167429,3
161115,4
44682,4
200038,4
36338,3
192494,4
11006,4
67609,4
156777,4
14182,4
116322,4
184356,4
360,3
189624,4
193515,4
113675,4
175733,4
115769,4
4329,4
99832,4
36170,3
33805,4
74175,3
111917,4
180359,3
31395,4
160150,3
110792,4
36827,4
133221,4
109222,4
152153,4
17804,4
115352,4
119142,3
38111,4
67898,3
75102,3
33949,3
27848,4
149159,3
200012,3
94971,4
34736,4
197358,4
38289,3
21022,4
158092,4
155920,4
73003,3
93106,4
113818,4
7628,4
112819,4
58993,4
86715,4
34106,4
136361,3
137409,4
98424,4
5464,4
116716,4
184416,3
54558,4
40414,4
136079,3
105021,3
196276,4
9889,4
190204,3
72802,4
196983,3
93853,4
44607,4
19009,3
106558,4
45753,4
82815,4
38512,4
118460,4
125146,4
159016,3
100503,4
147113,4
33841,3
93228,3
183152,3
73273,3
35622,4
197032,4
102876,4
117406,4
162133,4
13008,4
13544,3
147913,3
91238,4
1649,3
122785,4
76858,4
140426,4
66244,3
112103,4
84024,3
12575,4
30905,4
37868,4
99553,3
87957,3
117750,3
34739,4
202150,4
112407,4
18350,4
6627,4
4360,3
101974,4
162157,3
23809,4
102631,3
21396,3
203494,3
57140,3
196779,4
28873,4
169854,3
157532,4
102375,3
154304,3
28123,3
23670,3
147468,4
26672,3
64019,4
186742,4
178924,4
201060,4
113569,4
178417,4
195362,4
141085,4
193638,3
9672,4
132788,4
78067,4
51260,4
16638,3
42302,4
101847,4
115207,4
205274,4
144645,4
90595,4
12872,4
136020,4
167562,4
6420,4
14676,4
166153,3
102218,4
121712,3
197203,3
107424,4
101100,4
187987,3
88255,4
101137,3
66776,3
199790,4
196290,3
46995,3
85168,3
124593,4
136133,4
72888,4
195407,4
189273,4
172654,4
143696,4
127456,3
174409,3
78136,3
202777,4
72335,4
113835,4
130877,4
2123,3
78336,3
95863,4
127484,3
117852,4
18771,4
110875,4
59394,4
86279,4
108045,3
174083,4
183150,3
13605,3
30238,3
193682,3
101223,4
116052,4
85753,3
97504,4
18695,4
151555,4
203224,3
158299,3
60017,4
87306,3
49326,4
145568,4
70277,4
192883,4
49864,4
188758,4
111506,3
189044,4
136990,4
49077,4
198469,3
137422,4
90762,4
6782,4
57323,3
148267,4
10088,3
144795,3
115263,4
27094,4
161439,3
69836,4
35436,3
26787,4
185163,3
91054,4
141644,4
156414,4
54333,4
179119,4
67764,4
179668,3
57874,3
64347,4
23464,3
204739,3
124964,4
141343,3
122296,4
33317,4
141997,4
89826,4
56764,3
48100,3
18617,4
62137,3
38717,4
25258,4
172863,4
93492,3
200690,4
165004,4
16880,4
25346,4
125574,3
90323,3
111023,4
34704,4
180479,4
3017,4
67258,4
74263,4
199372,4
48175,4
54289,4
4159,3
176154,3
19790,4
189393,3
93323,3
13759,3
48507,4
147460,4
186536,4
49302,4
26042,4
182276,4
119594,4
151280,4
31504,4
79155,4
19490,3
130734,3
91975,4
43037,4
17522,3
153623,3
204766,4
108252,3
69154,4
9546,4
178019,3
182242,4
53735,4
191634,4
154739,4
151109,4
59771,4
13719,4
45645,4
79784,3
42084,4
50106,3
91454,3
183860,4
128603,4
63083,4
111026,4
105490,3
144778,3
161322,4
205649,4
196087,4
121776,4
35139,4
21189,3
103371,3
117157,4
127664,4
115443,4
72095,4
185370,3
27483,3
151139,3
188962,4
204773,4
96644,4
76405,4
169319,4
31075,4
125717,3
203923,3
195337,4
99905,4
123164,3
183830,4
119858,4
169140,3
119490,4
32988,3
6272,4
34418,4
160414,4
197293,4
154064,4
98661,3
177167,3
82689,4
148238,4
29562,4
195974,3
4598,3
74114,4
107380,4
32710,4
29857,3
117769,4
178813,4
202352,4
65877,3
17710,4
33878,4
1445,3
135380,3
46055,4
52587,3
59266,3
35430,3
197595,4
128996,4
131743,4
197613,4
92275,3
195291,4
160777,4
94807,4
167910,4
56108,4
142272,4
55637,3
104858,4
122607,4
39797,4
177119,4
31543,4
42333,4
113408,4
43763,4
64699,4
191303,4
170147,3
161539,3
1369,4
82081,4
90390,4
93058,4
71960,3
11043,4
107777,3
39684,3
15908,4
6156,3
98032,4
103015,4
74497,4
193055,4
163630,4
170288,3
193454,4
197315,3
107677,4
45318,3
197094,4
94668,4
109578,4
89518,4
66528,4
162033,4
31915,4
17524,3
80624,3
75790,4
169911,4
144064,4
193312,4
79298,3
203140,4
145297,4
170421,4
11899,4
97706,4
188406,3
69242,4
61779,4
11434,3
109512,4
169657,4
138982,4
111397,4
24267,3
56208,3
122830,3
183325,3
112806,3
140842,4
14005,3
144191,3
36101,4
135293,4
40645,3
8363,3
45127,4
104963,3
79786,3
135878,4
200467,4
127384,4
96056,3
179479,4
136471,4
70194,4
10778,3
2140,4
128578,3
179721,3
72963,3
47908,4
109126,4
16842,4
165935,4
145160,3
135697,4
178803,3
200952,4
112308,4
101517,4
115735,3
31647,4
14280,4
81232,3
10650,4
164948,4
21120,4
167051,3
109131,4
500,3
192397,4
59321,4
57449,3
112910,4
21876,4
27351,4
205293,4
53443,4
196624,4
154584,4
187044,4
51606,4
121733,4
88692,4
15807,3
123963,4
185995,3
47241,3
119641,4
62524,3
43832,4
72101,4
166713,3
79472,3
102864,4
129183,3
139886,4
135195,3
39823,4
27274,4
98724,3
92897,3
108132,4
87894,3
159385,4
91761,4
180020,4
89054,4
65804,4
11599,3
138587,4
20362,3
18819,4
79787,4
80124,3
155303,4
22235,3
48976,3
98623,4
49301,4
63178,3
185400,3
64426,4
140117,3
99306,3
191787,4
77613,4
5163,4
117439,4
163170,3
63173,4
75351,4
2647,4
96151,4
10642,3
11642,4
75950,4
113755,3
154955,4
168609,3
191828,3
31424,4
138829,4
205222,3
190229,3
135913,3
204673,3
197626,4
12798,4
110879,4
73353,3
149223,4
36808,3
26577,4
149617,3
22976,4
39048,4
125157,3
169824,4
177356,4
73064,3
102538,4
66565,4
131122,4
132275,3
62571,3
135992,4
76805,3
98058,3
20314,4
198688,3
73888,4
98212,4
48479,4
68868,4
165316,3
49106,4
160864,4
191780,3
42119,4
173882,4
86765,4
118899,4
43838,3
35794,3
58117,4
2837,3
33348,3
120086,4
77698,3
66204,3
82027,4
64104,4
181549,3
9181,3
89041,4
43460,4
58534,4
95551,3
140372,4
108664,3
133399,3
30833,4
19349,4
179275,4
11683,4
156852,4
184976,4
19460,4
99816,3
30210,4
203387,4
198211,4
90456,4
146229,3
186900,4
62972,3
82225,4
20390,3
111355,4
142889,3
176023,4
115142,4
29071,4
87380,3
145603,4
177206,4
16751,3
76874,3
167965,4
89144,4
205070,4
7171,4
147229,4
182831,4
100217,3
58258,3
74618,4
143125,4
106019,4
97151,4
31104,4
72394,3
86805,4
165722,4
11638,3
33189,4
70390,4
160545,4
160932,4
133408,4
88868,3
31463,3
58007,3
10182,3
192501,3
103475,4
83905,4
26781,4
187277,4
14356,4
124154,4
85459,4
35547,3
12583,4
85277,4
127075,4
193136,4
121171,4
195597,3
56953,3
153625,4
55258,4
21732,4
189325,4
161778,4
55326,3
135014,4
6548,4
105543,3
18769,4
92170,4
191165,4
180378,4
109012,4
20223,4
143396,4
50696,4
121914,3
19658,4
166895,4
35218,3
18810,4
89068,3
128580,4
9803,3
89904,4
194214,4
59962,4
128923,3
44472,4
195952,4
19563,3
158921,4
70094,4
101793,4
109481,4
19306,3
176643,4
30510,3
182879,3
150496,3
174259,4
186426,4
177352,4
164546,4
141774,4
45257,3
72714,4
118783,3
203238,4
105297,4
163858,3
788,4
58137,4
162034,4
204226,4
31411,4
199431,3
58882,3
31058,4
53529,4
165054,4
143573,4
157546,3
23009,4
93887,4
23134,4
88517,3
179676,3
42881,4
2946,4
133437,4
35846,3
202705,4
30982,3
43596,4
167248,4
92909,3
90679,4
60448,4
85809,3
36253,3
132757,4
70700,4
48081,4
201597,4
152832,4
180024,3
135792,4
7146,4
26992,4
204104,4
124320,4
45556,3
189644,4
45964,4
42970,3
95481,4
14550,4
37231,3
113026,3
106633,4
85774,3
134656,3
88984,4
142554,3
53707,4
114523,4
195604,4
113819,4
74129,3
99458,3
2005,4
31242,3
132921,4
161500,4
118085,3
9963,4
78977,4
122906,3
194510,3
205847,4
17947,4
123237,3
192547,4
13339,4
41079,3
43701,4
154813,4
113577,3
171967,3
80060,4
17460,3
67824,4
57743,4
199428,4
155127,4
28581,4
62651,4
42978,4
68393,3
61784,4
20182,4
7432,4
143409,4
62241,4
69682,3
48894,3
111360,4
3911,4
62062,4
60557,3
166793,3
198199,4
74179,4
142423,4
137324,4
21258,4
46870,4
5445,4
126514,4
39665,3
165406,4
11354,4
11209,3
113924,3
198814,4
39964,4
24180,3
83621,4
21091,4
72590,4
86166,4
120073,3
101104,4
86468,4
153759,4
105636,3
115029,3
28153,3
35054,3
4924,3
52804,3
101751,4
198268,3
169933,4
205625,4
106158,4
124119,4
205167,3
199733,3
157573,4
192043,3
80501,3
199089,3
103953,4
120178,4
71187,3
66990,3
109155,4
129520,3
128057,3
120968,3
203989,3
180412,3
13413,4
130637,4
195771,3
46441,3
194096,4
28975,4
48277,4
67664,4
166069,4
153645,4
186810,4
22399,3
87545,4
28500,4
79732,4
51493,4
82688,3
143211,3
1145,4
41799,4
4689,3
29405,4
47695,4
198809,4
147769,4
145945,4
166755,4
5974,4
124955,4
106087,4
9295,3
106586,4
181902,4
179441,3
