rank,user_id,trajectory_type,P_churn,predicted_loss,risk_score,churned,reorder_rate,gap_trend,avg_days_between_orders
1,75399,C,0.90860957,126.92484232207796,115.32512628688664,1,0.367816091954023,0.3333333333333332,4.625
2,35340,C,0.8804328,117.3448970271177,103.31429444317986,1,0.5671641791044776,0.6666666666666667,6.461538461538462
3,31307,C,0.7643756,131.89816840751928,100.8197451820389,1,0.1696428571428571,-0.6666666666666665,6.0
4,122000,C,0.5865014,171.66579633620472,100.68223323837304,1,0.5972222222222222,0.0,4.5
5,137785,D,0.58961153,170.40752932782462,100.47424414229478,1,0.5924092409240924,9.333333333333332,5.565217391304348
6,83744,C,0.79315275,126.61389936017422,100.4241624073032,1,0.6666666666666666,1.0,4.5
7,206026,C,0.6804034,143.90814066686178,97.91558983629407,0,0.75,-0.3333333333333333,2.4285714285714284
8,50146,C,0.8168898,119.74620772180904,97.81945836888852,0,0.5,10.0,4.555555555555555
9,19667,C,0.8124863,119.55569635606952,97.13736429209968,0,0.5,8.333333333333332,4.666666666666667
10,125081,D,0.77175176,123.85558302871088,95.58576436614764,1,0.6717948717948717,18.0,4.15
11,22344,C,0.8236401,116.03236269490088,95.56890775411524,0,0.4090909090909091,7.666666666666666,5.5
12,67593,C,0.79550266,119.1967284865468,94.82131489125308,0,0.320754716981132,10.0,5.666666666666667
13,34232,C,0.88790166,106.39586411708932,94.469064768897,1,0.4388489208633093,0.666666666666667,10.0
14,95704,C,0.7023521,133.03335426309258,93.43625661091546,1,0.4210526315789473,4.333333333333333,5.357142857142857
15,162030,C,0.679234,137.03511156746376,93.07891078856215,1,0.8135593220338984,0.0,4.076923076923077
16,68514,C,0.7980322,116.4177144237234,92.9050875753198,0,0.1891891891891892,9.333333333333334,5.375
17,134994,C,0.5864318,158.1786850842699,92.76101122425858,1,0.5054151624548736,4.333333333333334,4.904761904761905
18,198700,C,0.8955953,102.88249450799908,92.14107978042442,1,0.1851851851851851,2.6666666666666665,6.285714285714286
19,36198,C,0.8988643,102.42850437923748,92.06932884510351,1,0.6122448979591837,0.3333333333333335,6.714285714285714
20,71024,C,0.6421955,143.0311734864541,91.85397923171212,0,0.7471264367816092,-0.3333333333333335,5.076923076923077
21,122016,C,0.5936971,154.6905016715226,91.83929776557336,1,0.6109510086455331,-3.0,6.076923076923077
22,74660,C,0.9807849,93.5857350047026,91.78747509627226,1,0.2,0.0,6.0
23,78515,D,0.6944756,132.1561943463657,91.77925119714928,0,0.6120218579234973,9.666666666666666,4.357142857142857
24,171840,C,0.63334644,144.02971096711732,91.22070446594272,0,0.6062176165803109,-2.333333333333333,6.0
25,193172,C,0.88609415,102.80926017936991,91.09868431173132,1,0.5526315789473685,2.666666666666666,10.0
26,188325,C,0.94378966,95.81066313118389,90.42511327011918,1,0.3950617283950617,0.0,7.0
27,45220,C,0.60753846,147.0853779147876,89.3600242347335,0,0.5957446808510638,3.333333333333333,3.8947368421052633
28,20977,C,0.6562281,135.7906122730487,89.10961889749474,0,0.6931818181818182,-1.0,5.642857142857143
29,114898,C,0.87139547,102.2210833285908,89.07498881935078,0,0.475,9.666666666666666,6.375
30,162694,C,0.63580763,139.9291390018187,88.96801471244086,0,0.5959595959595959,-2.333333333333333,5.571428571428571
31,101241,C,0.6221189,142.51672952351294,88.66234961828548,1,0.570281124497992,-2.0000000000000004,6.266666666666667
32,32304,C,0.72284937,122.51607001733638,88.56066391040356,0,0.2527472527472527,-2.0,4.0
33,167447,C,0.758979,116.56692840482977,88.47185337686312,1,0.5135135135135135,2.333333333333333,4.545454545454546
34,54132,C,0.8764401,100.32232528972766,87.92650959392462,1,0.5684931506849316,-0.3333333333333339,10.166666666666666
35,59349,C,0.6501113,134.06131230105987,87.1547763838633,1,0.3416666666666667,5.666666666666667,3.5
36,121185,C,0.5931177,146.57999069947488,86.93918899129268,0,0.7297297297297297,3.0,5.1923076923076925
37,115333,D,0.5644828,153.9471329989043,86.90050993618209,1,0.8103896103896104,8.666666666666668,5.142857142857143
38,84211,C,0.58173496,149.09357823311416,86.73294607057115,1,0.5161290322580645,7.666666666666666,5.130434782608695
39,3415,C,0.68509495,126.5142509959125,86.67427478715804,0,0.3859649122807017,13.666666666666668,4.642857142857143
40,50068,C,0.69026744,125.54931596775452,86.66260538593701,1,0.48,0.0,4.384615384615385
41,75467,C,0.80801326,107.11648911351509,86.55154360741328,1,0.4571428571428571,1.3333333333333333,5.777777777777778
42,155014,C,0.85827535,100.68956824525776,86.41937482059659,0,0.325,-0.3333333333333335,6.4
43,3571,D,0.5505317,156.87114954972515,86.36253834476688,0,0.5665236051502146,7.333333333333333,5.307692307692308
44,111158,C,0.5600118,154.11840933283418,86.3081284560963,0,0.5799086757990868,4.0,4.888888888888889
45,63285,C,0.5855439,146.7843697677927,85.94868806525247,0,0.55,1.3333333333333333,3.631578947368421
46,10188,C,0.53491646,160.48573605653297,85.84646189435566,0,0.6774193548387096,1.6666666666666667,3.6666666666666665
47,146401,C,0.94540745,90.75171269562752,85.79734530077697,1,0.375,0.6666666666666667,6.166666666666667
48,130603,C,0.6308627,135.69120540821044,85.60252195508171,0,0.5512820512820513,0.3333333333333335,5.071428571428571
49,125228,C,0.98034555,87.12279587225431,85.41044499291365,1,0.1428571428571428,0.0,6.0
50,80038,C,0.69420457,122.60628678168824,85.1138444551648,0,0.3333333333333333,9.666666666666666,4.2727272727272725
51,89374,C,0.54174274,157.1028538143128,85.10933081107086,0,0.5357142857142857,1.0,4.384615384615385
52,34506,C,0.9502995,89.55777964366422,85.1067133435728,1,0.5,0.6666666666666665,8.2
53,103757,C,0.55917794,152.09457111179006,85.04792821777652,0,0.5114754098360655,10.0,4.363636363636363
54,67598,C,0.9634986,88.19449567786849,84.97527244100003,0,0.53125,-0.6666666666666666,6.2
55,166542,C,0.94589525,89.76038916071367,84.90392615924269,1,0.6071428571428571,-0.3333333333333335,7.5
56,99335,C,0.5665043,149.8640977444511,84.89865573399901,0,0.5324675324675324,11.0,4.583333333333333
57,60047,D,0.6203972,136.37077706101078,84.60404963070506,0,0.7235772357723578,9.333333333333332,3.75
58,201781,C,0.7795327,108.46040396554274,84.54842839825788,0,0.4680851063829787,8.333333333333334,5.666666666666667
59,15053,C,0.93760884,90.14892037910175,84.52442449093863,1,0.4385964912280701,2.0,7.666666666666667
60,164001,D,0.58918816,143.38279940562967,84.47944754411499,1,0.5833333333333334,7.333333333333332,5.454545454545454
61,145288,C,0.6039188,139.77736430191413,84.41417683283574,1,0.5175097276264592,8.333333333333334,5.619047619047619
62,60236,C,0.60438174,139.64985500963678,84.40182237449172,0,0.6171875,4.666666666666666,5.294117647058823
63,121961,D,0.5797439,144.88550438534622,83.9964905180646,0,0.5758293838862559,7.333333333333333,5.4
64,142280,C,0.6736575,124.52478342549942,83.88705141419094,0,0.508130081300813,8.333333333333334,4.62962962962963
65,66936,C,0.5022982,166.55376280501676,83.65965131096476,0,0.7593123209169055,-1.0,3.0597014925373136
66,120431,C,0.80052817,104.46380082222416,83.6262151653881,0,0.6491228070175439,-0.3333333333333335,6.214285714285714
67,170991,C,0.7114947,117.5327103123155,83.62389860910648,0,0.3809523809523809,3.666666666666667,5.444444444444445
68,87561,D,0.5599548,149.2712654771773,83.58516489945823,0,0.6363636363636364,12.333333333333334,5.136363636363637
69,121219,C,0.60319823,138.49987709977827,83.54288075872384,1,0.5234899328859061,3.0,4.866666666666666
70,190687,D,0.6110287,136.6738719718683,83.51165438756536,0,0.7901990811638591,13.666666666666666,4.282352941176471
71,93101,D,0.6094108,136.84455143615526,83.39455063050467,1,0.7790697674418605,8.333333333333332,4.870967741935484
72,87063,C,0.9154301,91.0445802153421,83.34495177253028,1,0.4285714285714285,0.333333333333333,9.5
73,169633,D,0.735271,113.35267058779128,83.3449288509414,0,0.6585365853658537,10.0,6.294117647058823
74,122290,D,0.6217292,134.0093439694725,83.3175215644247,0,0.6756756756756757,7.0,5.4
75,181860,C,0.69787055,119.3604332444942,83.29813149972811,1,0.4607843137254901,3.333333333333333,6.25
76,65764,D,0.566913,146.9204351723878,83.2911059416049,1,0.8864994026284349,5.666666666666668,4.315789473684211
77,8092,C,0.594238,140.10402894107233,83.25513559988869,1,0.3979057591623036,8.666666666666666,4.5
78,126800,C,0.90359664,92.11477788285931,83.23460375550833,1,0.5371024734982333,5.666666666666666,10.25
79,118262,D,0.5934282,140.1640799964976,83.17731692927896,1,0.6410788381742739,7.666666666666666,5.045454545454546
80,79101,C,0.59760934,139.1185557601975,83.1385484488346,0,0.5403225806451613,5.333333333333334,5.6
81,180918,D,0.6089012,136.44398415122845,83.08090604795382,0,0.8233532934131736,12.333333333333332,4.0
82,194166,C,0.68509156,121.21240450703752,83.0415947033864,1,0.5714285714285714,-0.3333333333333335,5.266666666666667
83,204908,B,0.7869754,105.46568531868672,82.9988981770314,0,0.5540540540540541,22.33333333333333,6.352941176470588
84,145,C,0.8554797,97.01119036755152,82.9911057061689,1,0.52,5.0,7.0
85,43263,C,0.852041,97.25780567819596,82.86763859998625,1,0.4603174603174603,-1.0,10.0
86,146328,C,0.8090416,102.36794681482748,82.81992945557052,1,0.2,0.666666666666667,6.125
87,204631,D,0.73403525,112.73802235194948,82.75368281899557,1,0.6504854368932039,7.333333333333334,6.666666666666667
88,98656,C,0.7587371,108.93687539136909,82.65444752853698,0,0.4875,7.333333333333332,5.1
89,43196,C,0.9406049,87.841250843135,82.62391317488476,1,0.4857142857142857,4.666666666666667,8.833333333333334
90,161026,C,0.69583106,118.69870176962746,82.59424352159633,0,0.5294117647058824,-8.666666666666666,4.25
91,108753,D,0.7181831,114.961522298071,82.56342249044638,1,0.7040816326530612,7.000000000000001,8.764705882352942
92,54842,C,0.75753134,108.9520279980901,82.5345762979509,1,0.3333333333333333,6.666666666666667,6.1
93,14452,C,0.5718113,144.32850730398027,82.52867404383534,1,0.6268292682926829,-0.3333333333333335,5.56
94,142921,C,0.6198935,133.09511790693352,82.50479731007616,0,0.3865030674846625,1.0,4.266666666666667
95,72377,D,0.6984883,118.05374203795668,82.45915700370314,1,0.7607872823618471,6.333333333333334,8.566666666666666
96,197928,D,0.59270436,138.41741187994216,82.04060292827495,0,0.5686274509803921,7.0,5.580645161290323
97,148373,C,0.90590245,90.5527344462085,82.03194356489917,1,0.396551724137931,0.666666666666667,8.833333333333334
98,84953,C,0.47912446,171.02038476986473,81.94004892791921,0,0.6220472440944882,0.0,2.824561403508772
99,18898,C,0.7740515,105.7354707120276,81.8446983804301,0,0.6545454545454545,3.333333333333333,5.818181818181818
100,28275,C,0.7977468,102.45106371006057,81.73000592968101,1,0.4130434782608695,1.6666666666666663,6.222222222222222
101,34559,C,0.8567328,95.30383847310392,81.64992302313209,0,0.2941176470588235,0.333333333333333,6.375
102,145485,D,0.6624188,123.19304600687684,81.60538757433916,0,0.5641025641025641,12.333333333333334,4.913043478260869
103,183127,C,0.5529268,147.53788972861136,81.57765011760733,0,0.5195195195195195,9.0,5.0
104,31782,C,0.9347132,87.24600825872157,81.54999424352181,1,0.4166666666666667,-3.333333333333333,8.666666666666666
105,82461,C,0.5860265,139.11094044256458,81.52269611124203,0,0.5412844036697247,5.333333333333334,5.25
106,194362,C,0.63638026,127.73892224237396,81.2905279384261,1,0.6136363636363636,1.0,5.733333333333333
107,18567,C,0.7927262,102.5113146366514,81.26340682592054,1,0.4705882352941176,-1.6666666666666663,5.666666666666667
108,11649,C,0.9666076,84.06526400187752,81.25812061275386,1,0.3,0.6666666666666667,7.4
109,51026,C,0.9662653,83.93377759922106,81.10229853601167,1,0.171875,0.3333333333333332,7.4
110,74910,C,0.8526656,95.04396615646472,81.04072072960219,1,0.4150943396226415,0.0,9.833333333333334
111,69767,C,0.53440243,151.57181772170446,81.00034771871519,0,0.5238095238095238,-0.6666666666666665,3.9
112,129752,C,0.675833,119.71131711539924,80.9048570036529,0,0.8641975308641975,1.0,4.75
113,76849,C,0.88609415,91.27185970203928,80.87546120878686,1,0.40625,2.0,10.333333333333334
114,69810,C,0.55654037,145.12678469214532,80.76891444766103,0,0.5053763440860215,9.666666666666666,4.052631578947368
115,3928,C,0.89075387,90.57361422783316,80.67879696238059,0,0.4888888888888889,0.333333333333333,10.0
116,158597,C,0.8752485,92.16877283442264,80.67057941107346,1,0.4545454545454545,2.0,9.5
117,82823,C,0.62123173,129.75375018772576,80.60714731978351,0,0.5431034482758621,0.6666666666666667,3.7857142857142856
118,160055,C,0.6265419,128.37091826962651,80.42976064918255,1,0.5489130434782609,-0.9999999999999996,6.666666666666667
119,140233,D,0.5785175,138.98024232642447,80.4025018655773,0,0.6134453781512605,9.333333333333334,5.0
120,204348,C,0.5704109,140.4948416524004,80.13979009349335,1,0.4685990338164251,3.0000000000000004,5.2631578947368425
121,174847,D,0.60228264,133.02244119425956,80.1171075031153,0,0.769041769041769,10.666666666666668,5.468085106382978
122,172932,C,0.91838115,87.18950134008793,80.07319490423278,1,0.3703703703703703,2.666666666666667,9.666666666666666
123,136394,C,0.56901693,140.72112411757206,80.07270251577401,0,0.6628131021194605,3.6666666666666665,4.393939393939394
124,108689,C,0.70364285,113.7017117842954,80.00539597875994,0,0.55,2.333333333333334,6.384615384615385
125,118958,C,0.85708743,93.30995227342454,79.97478749893614,1,0.514018691588785,0.666666666666667,10.666666666666666
126,191134,C,0.9253483,86.42044269875132,79.96900816890049,1,0.4933333333333333,-0.6666666666666665,7.833333333333333
127,136850,D,0.69344485,115.21066163097588,79.89223974965418,1,0.6589595375722543,7.666666666666666,5.95
128,182190,C,0.6760665,118.16681868207908,79.88862962942979,1,0.4481707317073171,2.0,6.181818181818182
129,95200,D,0.7020329,113.77260908467824,79.87211739251468,0,0.711864406779661,8.0,5.833333333333333
130,67777,C,0.8764958,91.0285797397058,79.78616587022259,0,0.3636363636363636,0.0,6.25
131,766,C,0.65697163,121.36708380653494,79.73473129353631,0,0.3284671532846715,5.333333333333334,5.428571428571429
132,44935,D,0.6875522,115.89923562639088,79.6867760174496,1,0.7173051519154557,9.333333333333334,6.836734693877551
133,39595,D,0.7978332,99.86468779522542,79.67536385702886,1,0.5804195804195804,10.666666666666666,6.8
134,150535,C,0.6820545,116.76812556411338,79.64222779244994,0,0.4592592592592592,16.333333333333332,4.757575757575758
135,124853,D,0.7598741,104.76808295785528,79.61055331767744,0,0.5803571428571429,6.000000000000001,5.7
136,100400,C,0.53307027,149.10426596550087,79.48305075676258,0,0.5491329479768786,0.3333333333333339,4.727272727272728
137,197541,C,0.90263075,88.03802649683162,79.46582956530098,1,0.4787535410764872,7.333333333333333,9.583333333333334
138,68798,C,0.9493955,83.66812822826978,79.43414257354699,1,0.3970588235294117,3.0000000000000004,9.6
139,175373,C,0.91727287,86.56459273824153,79.40335205541427,1,0.3333333333333333,2.6666666666666665,8.666666666666666
140,195601,C,0.6671757,119.00544107654883,79.39753966806109,1,0.5079365079365079,6.333333333333333,5.8
141,116875,D,0.5638059,140.77402635546855,79.36922355179954,0,0.75177304964539,13.333333333333334,5.313432835820896
142,28827,C,0.551088,143.98550045752103,79.3486779487796,0,0.6727272727272727,4.333333333333333,5.552631578947368
143,196407,C,0.85661703,92.6162324816398,79.3366423206643,1,0.3676470588235294,1.666666666666667,10.0
144,178662,C,0.91439015,86.71302876875953,79.2895390994708,1,0.2788461538461538,1.3333333333333337,8.333333333333334
145,1300,C,0.89357644,88.72993782304121,79.2869822448571,1,0.3974358974358974,-0.333333333333333,9.5
146,32192,C,0.88524,89.55817979677425,79.28048472828026,1,0.4782608695652174,1.666666666666666,10.666666666666666
147,180595,D,0.5410449,146.36246701797313,79.18866499675245,0,0.6923076923076923,7.333333333333334,4.209302325581396
148,13998,C,0.6982556,113.40228959664258,79.18378359868554,0,0.59375,3.333333333333334,5.923076923076923
149,69296,C,0.603205,131.2622693032417,79.17806046235596,0,0.6835443037974683,2.666666666666667,5.045454545454546
150,159865,D,0.5680283,139.38384151940966,79.17396253124429,0,0.7511848341232228,14.666666666666666,5.53125
151,140615,C,0.6882061,115.0417897031461,79.17245873917643,0,0.7070063694267515,3.0,7.272727272727272
152,178252,D,0.5828633,135.7626523104937,79.13106363742705,0,0.7202797202797203,5.666666666666666,4.5285714285714285
153,66380,C,0.940628,84.12392241021773,79.12931622877197,1,0.4776119402985074,1.333333333333333,9.2
154,84935,C,0.83007306,95.2676683587939,79.07912486076933,1,0.5652173913043478,1.666666666666666,10.5
155,14372,C,0.9366162,84.38115880664293,79.03275882182903,1,0.5531914893617021,2.0,10.0
156,19860,C,0.6809657,115.98847237661984,78.98417379006267,1,0.5271565495207667,3.333333333333333,6.148148148148148
157,127966,C,0.6705891,117.77919629573488,78.98144399346877,1,0.7336244541484717,2.333333333333333,7.4
158,27599,C,0.5628245,140.30653589192704,78.96795418239327,0,0.515625,10.666666666666666,5.0
159,199491,C,0.60088027,131.36633235719222,78.93543662985716,1,0.4947643979057591,10.333333333333334,4.4363636363636365
160,2845,D,0.69084984,114.25472761529858,78.93286036551237,0,0.6037735849056604,10.333333333333332,6.285714285714286
161,86212,C,0.6135136,128.6018061171277,78.89895561062701,0,0.7469135802469136,4.333333333333333,6.095238095238095
162,120096,D,0.5902093,133.66773577720966,78.89194147227398,0,0.6228813559322034,11.333333333333334,5.071428571428571
163,61184,C,0.92943335,84.86542769016263,78.87675840036414,1,0.4166666666666667,0.666666666666667,9.4
164,5229,C,0.74818003,105.3420119973514,78.81478988357127,0,0.4,10.666666666666666,5.666666666666667
165,82907,B,0.77156585,102.0878595946588,78.7675066272729,1,0.7828371278458844,22.666666666666664,6.422222222222223
166,159336,C,0.9801657,80.35582675305886,78.76202678447916,1,0.4210526315789473,0.0,6.2
167,67903,C,0.5542672,142.03410861805472,78.72485161542394,0,0.674937965260546,1.3333333333333337,5.217391304347826
168,183826,C,0.9345487,84.19467277664978,78.68401997084553,1,0.2827586206896552,0.666666666666667,10.0
169,183996,C,0.58688027,134.056713882159,78.6752399915844,0,0.473186119873817,0.333333333333333,3.888888888888889
170,171723,D,0.6732296,116.76581611357756,78.61020077502354,0,0.6736292428198434,10.666666666666666,7.081632653061225
171,189261,C,0.6049959,129.93491548003755,78.61009195774537,0,0.5853658536585366,2.6666666666666665,5.6
172,46877,D,0.59718364,131.62263469854474,78.60288472371465,0,0.6210762331838565,9.333333333333334,5.177777777777778
173,147885,D,0.6101412,128.78946879023692,78.5797633157173,0,0.6944639103013315,13.0,4.472972972972973
174,14295,C,0.7507535,104.6378390643244,78.55722620356129,0,0.2916666666666667,7.333333333333332,6.111111111111111
175,86380,C,0.9380131,83.70458438422023,78.51599473901993,1,0.3714285714285714,8.0,10.0
176,77296,C,0.6377686,123.08300384672832,78.4984782735064,0,0.5217391304347826,-2.333333333333333,6.0
177,136756,D,0.73349357,107.0195225101441,78.49813125249047,0,0.6809815950920245,9.0,6.170731707317073
178,164003,C,0.8377914,93.69589135126972,78.49761042156317,1,0.5142857142857142,-1.0,6.375
179,140020,C,0.56305134,139.41285781499292,78.49659681920498,1,0.5833333333333334,2.6666666666666665,5.6
180,156585,C,0.6901699,113.69211525513876,78.46687250269173,0,0.8,0.0,3.2413793103448274
181,11443,D,0.7977238,98.29743274634214,78.41420450463613,1,0.5686900958466453,6.666666666666666,7.4375
182,76043,C,0.80434775,97.4527766686917,78.38592198821429,1,0.37,2.666666666666667,6.75
183,128980,C,0.94950104,82.54037414045634,78.37217089006205,1,0.5,-0.6666666666666665,8.6
184,158544,C,0.82249,95.28555600021758,78.37141475189652,0,0.5217391304347826,-1.0,10.0
185,94800,C,0.4985734,157.16749966326253,78.35953351822799,1,0.6968576709796673,-0.3333333333333335,3.911764705882353
186,162545,C,0.9435195,83.04848506847277,78.35786287155442,1,0.3061224489795918,3.0,8.833333333333334
187,11745,C,0.5798314,135.02522815684983,78.291869963707,1,0.6717557251908397,1.333333333333333,5.0625
188,130188,C,0.63326955,123.61884485588033,78.28405005760791,0,0.6057692307692307,1.0,6.055555555555555
189,10703,C,0.5764826,135.74933311699718,78.25712769085044,1,0.467032967032967,1.333333333333333,4.55
190,149913,C,0.92868006,84.22346784932299,78.21665536892651,1,0.3818181818181818,1.3333333333333337,9.6
191,149493,C,0.98077595,79.71129736706266,78.17892358737184,1,0.3307086614173228,5.666666666666666,9.5
192,90819,C,0.9094056,85.90580647652325,78.12322054621097,1,0.5882352941176471,-3.0000000000000004,9.333333333333334
193,22507,C,0.7390041,105.69129578837372,78.10629833535802,1,0.4845360824742268,12.0,5.136363636363637
194,124095,C,0.5492954,142.16453179525712,78.0903269714056,0,0.7481481481481481,0.0,3.928571428571429
195,144446,D,0.6536323,119.43657613452106,78.0676019576821,1,0.6324110671936759,11.333333333333334,6.304347826086956
196,166474,C,0.8623601,90.46917672974644,78.01701008464842,1,0.04,-0.333333333333333,6.428571428571429
197,197270,D,0.70890075,109.97804585778478,77.96351915729679,1,0.6971153846153846,10.0,8.210526315789474
198,111788,D,0.537367,145.016124075314,77.92687755559224,1,0.8107302533532041,5.666666666666667,6.381818181818182
199,26094,C,0.9291282,83.86838697009098,77.92448590644405,0,0.4655172413793103,1.3333333333333337,9.8
200,155074,C,0.74479365,104.60850667726952,77.91175187410407,0,0.3333333333333333,12.666666666666666,5.571428571428571
201,18553,C,0.9276906,83.95632539720937,77.88549599645393,1,0.4177215189873418,-0.333333333333333,9.2
202,160944,C,0.766695,101.53170254273554,77.84385097389386,0,0.4673913043478261,6.666666666666666,5.916666666666667
203,82218,C,0.81568205,95.4267004950974,77.83784702486668,0,0.5158730158730159,9.666666666666666,6.764705882352941
204,22295,D,0.7322676,106.264819253935,77.81428609133506,0,0.6590909090909091,8.0,8.421052631578947
205,287,D,0.6866021,113.25591174283568,77.76174861036053,0,0.6111111111111112,11.666666666666666,5.230769230769231
206,28668,C,0.56549877,137.50727847072875,77.76019674269239,0,0.471042471042471,13.0,4.636363636363637
207,163681,C,0.9311491,83.44460821825511,77.69937393667227,1,0.4848484848484848,1.333333333333333,10.2
208,85133,C,0.83482087,93.0662195432528,77.6936220488675,1,0.4630872483221476,0.666666666666667,10.666666666666666
209,31628,C,0.9518746,81.53806151144629,77.61401080810214,1,0.5,2.666666666666666,9.2
210,122389,C,0.6576817,118.0093405422763,77.6125841247221,0,0.5207100591715976,-0.6666666666666665,6.5
211,23914,C,0.56729233,136.76495918839473,77.58571272266131,0,0.5545454545454546,3.6666666666666665,5.714285714285714
212,64954,D,0.71419406,108.60044642153042,77.56179367939858,0,0.6752577319587629,7.0,8.076923076923077
213,149255,C,0.53729135,144.29846817913472,77.53031847948847,0,0.4927536231884058,9.666666666666666,5.318181818181818
214,111021,D,0.71079403,108.93629998808775,77.43127185830144,1,0.6515151515151515,8.333333333333334,8.05
215,114755,C,0.59430987,130.269782451896,77.42061700863981,0,0.5263157894736842,3.0,5.689655172413793
216,160254,C,0.9390792,82.38589319658023,77.36688073919433,0,0.4482758620689655,2.666666666666666,9.166666666666666
217,67090,C,0.7219138,107.16197437846031,77.3617096976933,0,0.6689655172413793,-1.0,5.807692307692308
218,110708,D,0.5237168,147.6931244019018,77.34937158158745,0,0.6608187134502924,7.333333333333333,5.333333333333333
219,124811,D,0.60014856,128.85438341208214,77.33177247619675,0,0.7111111111111111,12.333333333333332,4.870967741935484
220,15410,C,0.56585485,136.65744321854817,77.32827668276711,0,0.4634146341463415,10.666666666666666,4.352941176470588
221,28193,C,0.67925435,113.80066802541336,77.29959913585226,1,0.5533980582524272,0.3333333333333335,6.181818181818182
222,178690,D,0.54965967,140.53040486334623,77.24389587773126,0,0.5688073394495413,9.666666666666668,4.96
223,187620,D,0.72398394,106.6796788051338,77.23437454863998,0,0.7044444444444444,8.666666666666668,8.076923076923077
224,47669,D,0.6088417,126.83158909111567,77.22036250291809,0,0.6719242902208202,8.0,5.25
225,68141,C,0.91726196,84.17230945335528,77.20805738885693,1,0.4,3.333333333333333,9.333333333333334
226,94212,D,0.7440903,103.70787131832569,77.16802301885764,1,0.7293497363796133,11.333333333333334,7.975
227,190296,C,0.9337322,82.61566630439577,77.14090881036948,1,0.4285714285714285,1.6666666666666663,10.2
228,64794,D,0.59326154,130.0211334321372,77.13653784418239,1,0.716,7.0,5.696969696969697
229,161501,C,0.48465496,159.10719917343758,77.11209373106288,1,0.7248520710059172,-1.666666666666667,5.333333333333333
230,160763,C,0.9518132,80.9830329344728,77.08072142191045,1,0.5365853658536586,4.333333333333334,10.0
231,106397,B,0.72030795,106.97281041617504,77.05336537066677,1,0.6375838926174496,19.33333333333333,6.0
232,161598,C,0.48549435,158.66385989264916,77.03040680143305,1,0.562753036437247,3.0,5.428571428571429
233,109060,C,0.70021623,109.98566787291068,77.01375012228296,0,0.603448275862069,1.666666666666667,6.823529411764706
234,78012,D,0.7269166,105.81626552401748,76.91960114398789,1,0.6666666666666666,10.666666666666668,8.119047619047619
235,86236,D,0.57302815,134.21986841448327,76.91176251774563,0,0.717741935483871,7.333333333333333,5.915254237288136
236,17854,D,0.66301095,115.97647065456282,76.89367054961176,1,0.6614173228346457,5.333333333333334,6.976190476190476
237,161734,C,0.9199546,83.47489700817869,76.79311531607516,1,0.4489795918367347,-5.0,7.375
238,52578,B,0.7753123,99.04687565980409,76.79226142100727,0,0.5842696629213483,19.333333333333336,6.466666666666667
239,40774,D,0.6314017,121.58605703828584,76.76964525782223,1,0.6767036450079239,16.0,5.816326530612245
240,6509,C,0.9177489,83.64323542577247,76.76348965231506,1,0.6190476190476191,3.333333333333333,10.166666666666666
241,113992,D,0.71769166,106.94564381309829,76.75399663022358,1,0.6948051948051948,10.666666666666668,6.756756756756757
242,47019,D,0.7642532,100.38048633664272,76.71610781004267,0,0.6118012422360248,11.666666666666664,6.2
243,118725,C,0.9224606,83.14307539593271,76.69621251551251,0,0.3777777777777777,-1.3333333333333337,7.8
244,189680,C,0.52531964,145.965495018876,76.6785406926189,0,0.599502487562189,4.666666666666666,5.161290322580645
245,187527,D,0.743171,103.17579039613544,76.67725291417545,0,0.7377892030848329,11.666666666666666,6.208333333333333
246,92588,C,0.9060319,84.60434548681322,76.65423644846578,1,0.6,-0.3333333333333339,10.666666666666666
247,87610,C,0.90878075,84.31439683466837,76.62330109579486,1,0.3939393939393939,-0.666666666666667,9.666666666666666
248,100390,C,0.91887116,83.37143771038433,76.60761004013156,1,0.375,-2.6666666666666665,8.333333333333334
249,89750,B,0.73849374,103.72882965448504,76.603091415309,1,0.6,26.33333333333333,6.205128205128205
250,54004,C,0.64907575,117.93804641419275,76.55072552131963,0,0.4710144927536231,5.0,5.68
251,129907,C,0.60523975,126.46141461198616,76.53947483222396,0,0.5172413793103449,3.333333333333333,6.038461538461538
252,44913,D,0.71152896,107.56616144906752,76.53643865252776,0,0.6660039761431411,11.0,6.035087719298246
253,203492,C,0.56217,136.136043592981,76.53160353193593,0,0.6018099547511312,0.0,5.625
254,52322,C,0.63763803,120.00388556858474,76.51904147867177,1,0.6233183856502242,2.666666666666666,8.0
255,133719,C,0.56596076,135.189232856268,76.51180163154288,0,0.696360153256705,3.0,5.181818181818182
256,29796,C,0.94994694,80.54298397103885,76.51156115734534,1,0.5294117647058824,0.0,8.8
257,26850,C,0.6566455,116.5088219609781,76.5049909500798,0,0.5125,7.0,5.193548387096774
258,191273,C,0.71211934,107.40732633202026,76.48683443502499,1,0.6486486486486487,3.333333333333333,8.23076923076923
259,195155,C,0.91254705,83.8085075326796,76.47920647363765,0,0.5818181818181818,0.333333333333333,8.875
260,70648,C,0.75437367,101.3577196362735,76.4615949067695,1,0.625,2.333333333333333,6.166666666666667
261,97567,D,0.7448091,102.60375114807,76.42020663513718,0,0.7111111111111111,8.333333333333334,8.466666666666667
262,170759,D,0.7064,108.14160630616765,76.39122822982506,1,0.6952789699570815,11.666666666666668,6.611111111111111
263,8594,C,0.91381997,83.5781153311228,76.3753507359258,1,0.4,-0.333333333333333,7.285714285714286
264,168106,D,0.7443275,102.6043541649266,76.37124094322819,0,0.6390728476821192,9.333333333333334,7.85
265,63225,C,0.5410684,141.09277454685403,76.34083826391623,0,0.6764705882352942,3.333333333333333,5.127659574468085
266,19737,C,0.8758399,87.14802262243388,76.32771446451842,1,0.4666666666666667,-1.0,9.5
267,201823,D,0.6951525,109.7981166458124,76.32643760203813,0,0.6961038961038961,7.333333333333333,6.95
268,190518,D,0.7436121,102.56174056371584,76.26615236890989,1,0.6267942583732058,7.666666666666666,9.235294117647058
269,105004,C,0.7202151,105.88458976605187,76.25967851874334,0,0.4318181818181818,9.0,5.947368421052632
270,143512,C,0.7622896,100.02007379313656,76.2442604117144,1,0.7032967032967034,2.333333333333333,6.823529411764706
271,957,C,0.58905214,129.42758407180574,76.23959546477505,0,0.6875,2.666666666666667,5.6875
272,16685,C,0.6498934,117.30668900146502,76.23684331607531,1,0.6296296296296297,0.333333333333333,7.4
273,202158,C,0.57742524,131.976116722499,76.20634106680636,0,0.6105263157894737,-2.333333333333333,6.125
274,39334,C,0.57046634,133.50423161730495,76.15967033025456,1,0.5124378109452736,8.333333333333334,5.742857142857143
275,55434,C,0.5795451,131.40901901296232,76.1574505235518,1,0.5181818181818182,1.0,5.0588235294117645
276,64668,D,0.57945424,131.4116675133894,76.14704834440495,1,0.6778846153846154,6.666666666666667,6.321428571428571
277,18180,C,0.9146085,83.20478429497017,76.09980117178264,1,0.3157894736842105,-1.0,8.142857142857142
278,137998,C,0.691946,109.9791616830846,76.09964427228498,0,0.5238095238095238,3.333333333333333,6.923076923076923
279,164939,C,0.54971933,138.37602987171118,76.06797893402714,0,0.4967948717948718,9.0,5.155555555555556
280,8392,D,0.7089881,107.18444188436716,75.99249063792807,0,0.6770538243626062,5.333333333333333,8.666666666666666
281,134060,C,0.53690946,141.44223011993822,75.94167153936415,0,0.7508090614886731,3.666666666666666,5.375
282,45821,C,0.53404045,142.14594140741062,75.91168266411267,0,0.5619546247818499,3.000000000000001,5.46875
283,152673,C,0.6880746,110.31711781455024,75.9064054751599,0,0.6981132075471698,3.0,8.0
284,174978,C,0.8929724,84.9692298351881,75.87517791842136,1,0.4705882352941176,0.6666666666666665,7.222222222222222
285,133595,D,0.7035793,107.8044785023878,75.84900023335176,0,0.6542553191489362,16.666666666666668,6.8125
286,54321,C,0.9140777,82.9670294527784,75.83831139036151,1,0.4545454545454545,3.999999999999999,10.666666666666666
287,106713,D,0.5384209,140.8264946329278,75.82393018151176,0,0.7376344086021506,10.333333333333334,4.63768115942029
288,100155,D,0.6452325,117.49730000783528,75.81307646818868,0,0.6617647058823529,10.333333333333332,6.288888888888889
289,93273,D,0.5420191,139.86340287786135,75.80863977878329,0,0.8208232445520581,11.333333333333334,6.241379310344827
290,82408,C,0.8935243,84.82804813826223,75.79592141112497,1,0.5238095238095238,-1.0,10.22222222222222
291,8126,C,0.66778535,113.49681230660634,75.79150813372353,0,0.4338235294117647,11.666666666666668,5.384615384615385
292,2310,C,0.48055354,157.6624273973312,75.76523723352473,1,0.8127490039840638,-1.0,5.3
293,46918,C,0.6102275,124.15511582676407,75.76286907613448,0,0.686046511627907,4.0,7.045454545454546
294,55835,D,0.54547155,138.89150155268652,75.76136249961861,1,0.6067653276955602,5.333333333333334,5.54
295,143826,C,0.5650509,134.07728532973366,75.76049074277006,0,0.6470588235294118,1.333333333333333,6.363636363636363
296,18281,D,0.7046309,107.49956453880569,75.7475161307337,0,0.7096774193548387,7.999999999999999,7.071428571428571
297,148260,C,0.5568371,136.00168110926165,75.73077924362407,0,0.7714285714285715,-1.333333333333333,4.28125
298,191063,D,0.7187321,105.33220819987145,75.70564115700165,0,0.6666666666666666,12.0,8.571428571428571
299,88954,D,0.74876654,101.10156814370232,75.70147151726745,0,0.6844919786096256,10.666666666666666,8.153846153846153
300,116472,D,0.70446354,107.45525213454566,75.69830747230712,1,0.5988700564971752,10.333333333333334,5.805555555555555
301,12671,D,0.70603985,107.16579231340737,75.66331949536598,0,0.7029126213592233,8.0,7.736842105263157
302,69922,D,0.5982371,126.44055692000956,75.64143174818615,1,0.7753623188405797,9.333333333333332,5.431034482758621
303,32824,C,0.9325318,81.11212555356305,75.6396343389468,1,0.3333333333333333,-0.3333333333333339,10.0
304,203212,D,0.74836,101.0417059124019,75.61556883379536,0,0.6336633663366337,7.333333333333334,8.777777777777779
305,28048,C,0.58647484,128.90049999570175,75.59689957888172,0,0.5942028985507246,4.333333333333334,6.0
306,29054,D,0.69282496,109.09080965098607,75.58083580607868,0,0.6242774566473989,7.333333333333333,6.375
307,21442,C,0.9203738,82.11784792864177,75.57911553377005,1,0.3333333333333333,-0.3333333333333335,8.166666666666666
308,84657,C,0.5682623,132.96527772528933,75.55915175251658,0,0.6043956043956044,-1.3333333333333337,5.105263157894737
309,190667,D,0.5435054,138.98318637723065,75.53810822147622,0,0.5608108108108109,12.333333333333336,5.043478260869565
310,69949,C,0.90572554,83.39594997502456,75.53384171908107,1,0.3620689655172414,2.333333333333333,10.5
311,129601,C,0.64410347,117.257805627148,75.52615919171816,0,0.0,11.0,4.111111111111111
312,171084,C,0.65244883,115.7457282201632,75.51816530067723,0,0.4534883720930232,9.0,5.411764705882353
313,39699,C,0.70258194,107.4559905218334,75.49663850911574,0,0.627906976744186,3.666666666666667,7.035714285714286
314,27141,C,0.71057403,106.24419097365067,75.49436303732347,0,0.660574412532637,4.333333333333333,7.7894736842105265
315,4497,C,0.92573714,81.53604292688979,75.48094339502215,1,0.3181818181818182,0.0,9.6
316,8036,C,0.8784945,85.91852672570482,75.47895327233861,1,0.5542857142857143,4.666666666666666,10.571428571428571
317,110312,C,0.78167254,96.55739399952556,75.47626316527392,1,0.6555555555555556,5.0,8.88888888888889
318,91508,C,0.603205,125.12426132984224,75.4755832081078,1,0.6023166023166023,2.333333333333334,6.3
319,155841,B,0.8013265,94.18245793035275,75.47090062644986,0,0.5925925925925926,18.0,6.928571428571429
320,118616,C,0.6396807,117.96251918856716,75.45834491523345,0,0.5379310344827586,4.0,6.125
321,138252,C,0.7111915,106.05150427570392,75.42292579331396,1,0.4545454545454545,-2.0,9.0
322,131147,C,0.9217997,81.81970850075896,75.42138433196057,1,0.5,0.0,10.2
323,2017,C,0.65629494,114.89113523430316,75.40247092367026,1,0.5723270440251572,1.0000000000000004,6.642857142857143
324,104177,C,0.5426429,138.95336977064198,75.402058343089,1,0.39,3.666666666666666,4.090909090909091
325,119914,C,0.91977537,81.97111412730074,75.39501156206083,1,0.0769230769230769,-0.6666666666666667,6.5
326,18730,C,0.9145753,82.40385820829486,75.36453159166861,1,0.5,0.3333333333333339,11.4
327,169872,D,0.5316363,141.74266816583767,75.35554733020095,0,0.8389423076923077,7.333333333333333,6.444444444444445
328,161353,C,0.9495116,79.35632922283116,75.34975414804848,1,0.6333333333333333,0.333333333333333,9.833333333333334
329,16245,C,0.66542315,113.21761624865442,75.33762338661748,0,0.3543307086614173,9.0,5.8
330,74285,C,0.52896816,142.4222859844811,75.33685390279257,0,0.7949790794979079,2.333333333333333,4.175675675675675
331,181433,D,0.7769565,96.9455670537219,75.32248833507079,1,0.6561604584527221,11.666666666666664,10.214285714285714
332,32328,C,0.5518448,136.49153005563448,75.3221377853249,0,0.945679012345679,1.666666666666667,4.493827160493828
333,163945,C,0.7666081,98.24836605249156,75.3179950953974,1,0.6360294117647058,1.0,10.333333333333334
334,30559,D,0.51384133,146.5660125967321,75.31167499281453,0,0.5909090909090909,6.333333333333333,5.25
335,42136,D,0.66531,113.17105767044237,75.29383923234707,0,0.6280487804878049,7.333333333333332,6.896551724137931
336,197394,D,0.66790706,112.72121417998304,75.28729467157815,0,0.6884057971014492,11.333333333333334,6.807692307692308
337,90874,D,0.79048777,95.23170556061038,75.27949820629584,0,0.6358024691358025,10.333333333333334,8.642857142857142
338,191686,C,0.54344904,138.5087944942433,75.2724719850136,1,0.5255319148936171,3.333333333333333,7.0
339,125400,D,0.7535877,99.85949662500934,75.25289065943015,0,0.6893939393939394,8.333333333333334,7.555555555555555
340,93359,C,0.9776954,76.94669713510045,75.23043225609855,1,0.2702702702702703,0.0,8.75
341,82818,D,0.80539083,93.38087114717264,75.20809776835229,0,0.609375,7.666666666666667,8.9
342,90103,D,0.67211384,111.8766145385342,75.19382053511171,0,0.6666666666666666,8.666666666666668,5.578947368421052
343,15117,C,0.9411402,79.89493458340765,75.19233270471375,1,0.3409090909090909,0.333333333333333,8.8
344,202168,D,0.8061203,93.25101428237596,75.17153341265538,1,0.6313465783664459,7.0,10.785714285714286
345,188390,D,0.5409397,138.9458498492774,75.16132476120131,0,0.7208237986270023,11.333333333333334,5.564516129032258
346,133314,D,0.71033466,105.78636016312466,75.14371803341555,1,0.6369426751592356,9.666666666666668,6.612244897959184
347,74029,C,0.8958006,83.8827156921914,75.14218625107839,0,0.3,0.0,7.75
348,50877,C,0.7127184,105.41202380639854,75.1290918132882,0,0.6587301587301587,2.333333333333333,8.722222222222221
349,171418,C,0.780691,96.23295775285573,75.12820668103839,0,0.6565656565656566,0.333333333333333,9.22222222222222
350,32588,D,0.7118265,105.54071047166518,75.1266748883972,1,0.6964856230031949,13.666666666666668,8.434782608695652
351,10256,C,0.77741194,96.54856484676564,75.05800688099346,0,0.707774798927614,2.333333333333333,10.214285714285714
352,81945,C,0.749819,100.09596579600722,75.05385504472532,1,0.5130434782608696,-0.333333333333333,5.722222222222222
353,41485,C,0.86402625,86.8521351845488,75.04252453381635,0,0.3939393939393939,-0.333333333333333,9.0
354,172945,D,0.5611443,133.72663543192343,75.03993820840607,0,0.8426966292134831,5.666666666666666,5.714285714285714
355,94753,C,0.52732307,142.29752867408226,75.03676927372685,0,0.5537848605577689,-1.333333333333333,5.1
356,98986,D,0.7924354,94.68994797181774,75.03566752032047,1,0.6875,8.666666666666668,10.066666666666666
357,101406,B,0.7687352,97.5637199763366,75.00066289739176,0,0.7543604651162791,14.333333333333332,11.433333333333334
358,143039,D,0.6518603,115.043804661455,74.99248864313014,0,0.670926517571885,13.333333333333332,5.796610169491525
359,69162,C,0.885975,84.64349677632217,74.99202233085795,0,0.421875,6.0,10.0
360,78401,C,0.91014695,82.39386982580724,74.99052945869943,1,0.2580645161290322,1.333333333333333,8.666666666666666
361,43232,D,0.6792777,110.39596320616003,74.98951797050756,0,0.656441717791411,7.666666666666666,8.045454545454545
362,65326,D,0.70803005,105.88670763508716,74.97097037521405,0,0.7272727272727273,5.666666666666666,7.823529411764706
363,159266,C,0.6022012,124.4733460214022,74.95800125147056,1,0.5360824742268041,3.6666666666666665,6.8
364,140926,C,0.9754719,76.83843237137178,74.9537326798115,1,0.2941176470588235,0.0,8.5
365,45468,C,0.67820984,110.50578694592213,74.9461122219519,1,0.4655172413793103,-1.6666666666666667,5.307692307692308
366,120145,C,0.82123697,91.21860301596058,74.9120889697144,1,0.5267175572519084,2.333333333333333,9.333333333333334
367,70726,C,0.8230113,91.01315472901788,74.90485288901404,1,0.4437086092715231,2.666666666666667,8.777777777777779
368,169547,C,0.79505444,94.19727473731533,74.89196111357818,0,0.6666666666666666,1.0,10.307692307692308
369,111161,C,0.8340388,89.79159664431361,74.88967498021049,0,0.6444444444444445,1.666666666666666,10.928571428571429
370,42950,D,0.80597705,92.8876924301764,74.8653480001187,0,0.6190476190476191,10.666666666666668,8.444444444444445
371,201024,D,0.7260371,103.1081717786003,74.86035648361973,1,0.632183908045977,10.0,7.363636363636363
372,154380,C,0.7207904,103.84126062388124,74.84778234857713,1,0.6340579710144928,3.666666666666666,7.318181818181818
373,28740,D,0.67928195,110.18110621220112,74.84403668064485,0,0.65625,8.666666666666668,7.153846153846154
374,155846,C,0.9271479,80.6919076254203,74.81333471113535,1,0.3265306122448979,0.333333333333333,9.2
375,142739,C,0.6766613,110.55249367710724,74.80659548055554,0,0.3424657534246575,-0.3333333333333335,5.636363636363637
376,141575,D,0.67273396,111.18525593555086,74.79809780108667,0,0.7213114754098361,11.666666666666666,5.101449275362318
377,71383,C,0.9501753,78.71554916101057,74.79356938470728,1,0.35,-0.666666666666667,8.4
378,151138,D,0.665426,112.38245209929288,74.78220735232219,0,0.6625,7.666666666666667,8.055555555555555
379,54371,C,0.6009677,124.43098725198472,74.77900487079069,1,0.5342465753424658,6.333333333333332,5.652173913043479
380,5293,D,0.63227546,118.26567564596256,74.77648472560082,1,0.6773333333333333,6.333333333333332,6.947368421052632
381,170541,C,0.5719035,130.69669340259094,74.74589989581683,1,0.5412371134020618,2.0,5.8125
382,172882,D,0.592887,126.056883175396,74.73748532220613,1,0.8127544097693351,9.666666666666668,7.0625
383,47376,D,0.7694349,97.12784085349637,74.73355332074189,0,0.6502732240437158,7.666666666666667,7.777777777777778
384,153034,C,0.9754719,76.59759088106814,74.71879857033906,1,0.3043478260869565,0.0,8.5
385,60243,C,0.6774219,110.29214883088672,74.71432004385177,0,0.5730337078651685,4.0,7.285714285714286
386,46860,D,0.5777626,129.31038030324007,74.71070201716549,0,0.5737327188940092,8.0,5.174603174603175
387,55491,C,0.9130428,81.8007673160021,74.6876003020401,1,0.4285714285714285,0.333333333333333,11.4
388,136717,C,0.8827451,84.60736280456257,74.68673385217105,1,0.4430379746835443,4.0,10.285714285714286
389,13631,C,0.95323163,78.34461263057277,74.68056301183445,1,0.4776119402985074,0.0,10.2
390,4474,D,0.7987994,93.48987727663204,74.67965745966615,0,0.6145038167938931,13.333333333333332,8.666666666666666
391,170123,C,0.9378685,79.60603227684825,74.65998816504847,1,0.4396551724137931,4.333333333333334,11.5
392,30681,C,0.5429711,137.46180464351943,74.63778378115535,0,0.7272727272727273,3.6666666666666665,6.75
393,155398,D,0.7383583,101.07928618518886,74.63273181377572,1,0.7642585551330798,8.333333333333332,7.146341463414634
394,4441,C,0.5615505,132.90222769723414,74.6313121498512,1,0.6021897810218978,4.666666666666667,5.283333333333333
395,159785,D,0.79871666,93.43109748539666,74.6249745267574,0,0.6161971830985915,11.0,8.736842105263158
396,171977,D,0.72194785,103.330192737043,74.59901036227153,1,0.6785714285714286,11.0,8.35
397,125860,C,0.7875873,94.7082381642048,74.5910041668391,0,0.6355140186915887,4.333333333333334,8.363636363636363
398,110117,D,0.6856747,108.77144429094017,74.58183036556626,1,0.5923076923076923,5.333333333333333,6.2
399,166938,C,0.5043253,147.84873371799307,74.56385264799633,0,0.6126373626373627,2.333333333333333,6.571428571428571
400,17706,D,0.78893363,94.5025985780686,74.55627859027146,1,0.6173913043478261,8.666666666666666,6.8
401,24206,D,0.5850582,127.43080412794968,74.55443845253593,0,0.6897637795275591,13.666666666666666,4.9
402,125777,C,0.75771743,98.377675409388,74.54247943877427,0,0.3048780487804878,-2.0,6.222222222222222
403,143790,D,0.66791654,111.58918486970734,74.53226185019429,0,0.6857142857142857,13.0,7.111111111111111
404,128049,D,0.77379704,96.28716989836958,74.50672659682141,0,0.6603053435114504,9.0,8.925
405,12747,C,0.65192676,114.2794861186686,74.5018546518514,1,0.6818181818181818,3.999999999999999,8.083333333333334
406,36085,D,0.6856747,108.6300692426286,74.48489306791585,1,0.656,5.333333333333333,6.666666666666667
407,17012,C,0.9065479,82.15808382782977,74.48023869197385,1,0.5454545454545454,-3.0,10.666666666666666
408,82481,C,0.6423463,115.91031717098328,74.45456597881679,0,0.5555555555555556,1.0,6.6923076923076925
409,166326,C,0.7526611,98.91324924575808,74.4481558692018,1,0.5063694267515924,9.666666666666668,8.8
410,65474,D,0.5843411,127.39857515529522,74.44422466565548,1,0.5714285714285714,6.0,6.190476190476191
411,198050,D,0.7200283,103.37370764253232,74.43199303634914,1,0.6048387096774194,7.333333333333333,8.176470588235293
412,95519,C,0.7909038,94.09193227589626,74.41766741548543,0,0.6,1.666666666666667,8.363636363636363
413,156525,D,0.71381253,104.23945149865528,74.40742660431424,1,0.6034063260340633,9.333333333333332,8.65
414,114489,C,0.69740593,106.6830105673732,74.40136466228171,1,0.492822966507177,14.000000000000002,6.291666666666667
415,54688,C,0.672621,110.5875158581027,74.38348680162778,0,0.4164305949008499,4.333333333333334,5.909090909090909
416,180278,C,0.92582065,80.3331140150048,74.3740557270686,1,0.5789473684210527,0.0,9.2
417,138649,C,0.78040314,95.2938014973134,74.36758164488747,0,0.6985645933014354,2.0,10.272727272727272
418,122211,C,0.79080814,94.03743217543104,74.36556694483934,1,0.270440251572327,4.666666666666667,6.428571428571429
419,35489,C,0.79424834,93.62395039200356,74.36066741846535,1,0.6496062992125984,0.666666666666667,10.066666666666666
420,135503,C,0.77869034,95.493400219569,74.35978810661469,0,0.635593220338983,3.333333333333333,8.458333333333334
421,32607,D,0.71680886,103.73413834160849,74.35754898441249,1,0.592814371257485,8.0,6.761904761904762
422,88722,D,0.5361266,138.68918669330336,74.35496400716877,0,0.6678082191780822,5.666666666666667,5.625
423,99827,D,0.6819085,109.00313635824077,74.33016393113128,1,0.5823754789272031,7.333333333333332,5.764705882352941
424,145942,D,0.54776627,135.65291082720003,74.30608874151662,0,0.7770491803278688,9.0,6.068965517241379
425,202014,C,0.7724504,96.16047319365364,74.27919477849355,0,0.5197368421052632,7.0,6.035714285714286
426,37452,C,0.6238946,119.05621409927817,74.27852577012548,0,0.6607142857142857,0.0,6.166666666666667
427,147146,C,0.71867996,103.33355071657024,74.26375256502385,0,0.4593301435406698,12.333333333333332,6.0
428,169381,C,0.6772916,109.63010500429662,74.25154616718636,0,0.5123152709359606,6.666666666666666,5.96875
429,39174,D,0.72124356,102.93784508986865,74.24325788368623,0,0.6842105263157895,11.666666666666664,8.414634146341463
430,155258,D,0.62979454,117.86272662475967,74.22930146454627,0,0.6770670826833073,9.0,7.14
431,154899,C,0.8979833,82.6430749231137,74.21210218347056,1,0.4153846153846154,1.333333333333333,11.5
432,83053,C,0.6949521,106.77769865143036,74.20538278378486,1,0.4880952380952381,4.0,6.545454545454546
433,103207,C,0.558626,132.80945694723417,74.19081518035183,1,0.7586206896551724,2.0,3.55
434,66005,D,0.69603866,106.5855129625694,74.18763797891638,0,0.6823529411764706,5.333333333333333,7.869565217391305
435,48585,C,0.8806517,84.2327004907538,74.17967192874136,0,0.4301075268817204,5.666666666666668,10.666666666666666
436,39885,D,0.67202955,110.36882800728384,74.17111435437822,1,0.6875,11.0,8.588235294117647
437,166433,C,0.9306967,79.69101279904281,74.16816469136798,1,0.6571428571428571,0.0,10.2
438,81358,D,0.640493,115.76941148483992,74.14949485833156,1,0.6520342612419701,11.666666666666664,8.051282051282051
439,91231,D,0.74668807,99.28052433220972,74.13158289501276,1,0.5515695067264574,17.333333333333332,7.2
440,193887,C,0.843011,87.92334030867542,74.12034493733842,0,0.5434782608695652,10.0,6.6
441,203160,C,0.51965815,142.62243639535407,74.11491120163642,0,0.5187601957585645,3.333333333333333,4.73015873015873
442,161754,C,0.5742668,129.05609960557015,74.11263222382229,0,0.5205479452054794,1.0,5.571428571428571
443,114104,C,0.6579558,112.6336137698161,74.10794230768767,0,0.5416666666666666,6.0,7.3
444,173681,C,0.70808846,104.6455462132352,74.09830341120478,0,0.5932203389830508,2.0,8.6875
445,1491,C,0.8924489,83.02338760432808,74.09413111860658,0,0.4705882352941176,-0.666666666666667,9.0
446,174357,D,0.7406908,100.0321167063056,74.09287128673486,0,0.6706586826347305,13.0,7.457142857142857
447,94280,D,0.5741951,128.98202894717585,74.06084732708807,0,0.634020618556701,6.0,6.233333333333333
448,7282,D,0.77741784,95.24929212951366,74.04849881297818,1,0.726078799249531,13.666666666666668,10.535714285714286
449,129464,D,0.7863242,94.1630767299209,74.04270626303638,0,0.6796536796536796,6.666666666666667,9.148148148148149
450,24603,C,0.9103841,81.3203414174233,74.03274734205328,0,0.3076923076923077,8.333333333333334,8.0
451,19406,C,0.74396724,99.50031760008274,74.02497617534608,0,0.4339622641509434,2.0,6.2
452,68862,C,0.7709787,96.00764121291267,74.01984537491293,1,0.6133603238866396,0.3333333333333335,8.916666666666666
453,158181,C,0.48610848,152.2674359872672,74.01849214814001,0,0.7395348837209302,0.0,5.142857142857143
454,46266,C,0.7190004,102.94292984441098,74.01600764396233,1,0.544,11.333333333333334,6.428571428571429
455,88790,D,0.7183566,103.0235851264986,74.00767329398418,1,0.6580645161290323,9.333333333333332,7.863636363636363
456,21043,D,0.7740386,95.60769673660558,74.00404895907431,0,0.6971484759095379,12.333333333333332,10.857142857142858
457,4190,C,0.6780077,109.12603781154878,73.98829629668403,0,0.4,3.0,6.454545454545454
458,183084,C,0.9001908,82.17921584351238,73.9769716396174,0,0.4691358024691358,0.0,9.5
459,116124,C,0.6022012,122.82195671048046,73.96353258816772,1,0.6826568265682657,3.0,6.833333333333333
460,144878,C,0.9139208,80.9099294865501,73.9452690830206,1,0.4230769230769231,-0.333333333333333,11.4
461,107299,C,0.6805028,108.63134716557272,73.9239329082494,1,0.7425742574257426,2.333333333333333,8.1
462,161600,C,0.7896485,93.6159866898591,73.92372096263661,1,0.5026455026455027,1.0000000000000004,8.454545454545455
463,78970,C,0.88499004,83.5304037321542,73.92357504674138,0,0.5151515151515151,3.333333333333333,10.5
464,141839,C,0.865115,85.43842222232719,73.91405952132749,1,0.5,1.3333333333333337,8.0
465,48590,D,0.80014294,92.37542206392678,73.91354215045726,1,0.7463976945244957,6.666666666666667,11.105263157894736
466,80131,C,0.6992242,105.70587514301246,73.91210323621685,1,0.5113122171945701,1.666666666666667,9.666666666666666
467,29860,C,0.540213,136.81996827536727,73.911923996871,0,0.8695652173913043,0.0,3.25
468,93000,D,0.76934105,96.04254497138864,73.8894725445656,1,0.7158351409978309,10.0,11.482758620689657
469,9657,D,0.74012595,99.82504599647852,73.88310741632645,0,0.682258064516129,14.666666666666666,7.704545454545454
470,160467,C,0.8816903,83.79581855811774,73.88196236012054,1,0.4057971014492754,-0.333333333333333,9.77777777777778
471,75470,C,0.5993282,123.27150665524864,73.88009264692174,1,0.6814814814814815,-0.666666666666667,6.6923076923076925
472,116476,D,0.7675604,96.22460254595684,73.8581965774195,1,0.7005649717514124,8.666666666666666,9.8
473,82427,C,0.78843546,93.6643330344058,73.84828142073916,1,0.6036363636363636,5.0,8.37037037037037
474,185528,C,0.4894752,150.8416978367269,73.83326880501713,0,0.8690476190476191,3.666666666666667,5.264150943396227
475,154714,D,0.70414907,104.80085017706402,73.7954209151044,1,0.5566037735849056,11.0,6.8
476,163816,C,0.87763506,84.07812076842876,73.78990671165674,0,0.6046511627906976,6.333333333333333,9.0
477,183365,C,0.8545459,86.34405360200434,73.78495624247965,0,0.4210526315789473,4.666666666666667,7.428571428571429
478,187,C,0.6969715,105.85665126620768,73.7790664856864,0,0.7009345794392523,4.0,6.875
479,190078,C,0.5797058,127.26775402773843,73.77785195368087,0,0.5054945054945055,6.0,5.655172413793103
480,190795,C,0.71082896,103.76869746547146,73.76179529390302,0,0.5275590551181102,3.333333333333333,6.904761904761905
481,90248,C,0.9307593,79.2415515212271,73.754811874467,1,0.5714285714285714,2.666666666666667,9.0
482,54503,D,0.654157,112.72435039448428,73.7394209532731,0,0.7183673469387755,13.0,7.041666666666667
483,61545,C,0.7173845,102.75956421278634,73.71812035973643,1,0.5098039215686274,3.0,7.5
484,54563,D,0.7826891,94.17127234909444,73.70682788691803,1,0.6256038647342995,13.0,8.517241379310345
485,160007,D,0.7766195,94.90537769189416,73.70536639728813,0,0.7183098591549296,10.333333333333334,8.567567567567568
486,198837,C,0.70650023,104.28686213511958,73.6786923159254,1,0.5286624203821656,2.333333333333333,8.454545454545455
487,29279,D,0.7489191,98.3777330055725,73.6769661520893,0,0.6944444444444444,14.0,8.658536585365853
488,90481,C,0.6703423,109.892470550595,73.6655743368217,0,0.5034965034965035,3.666666666666666,5.138888888888889
489,23327,D,0.7053201,104.43910630892448,73.66300297965087,0,0.664804469273743,10.666666666666668,8.052631578947368
490,139867,D,0.7060507,104.32334581662508,73.65757071306172,0,0.5575221238938053,7.0,7.833333333333333
491,194454,D,0.59847975,123.0695982081698,73.65466209405352,0,0.6411483253588517,13.666666666666666,6.238095238095238
492,149615,C,0.60523975,121.6745095753407,73.64224962957432,1,0.51440329218107,3.333333333333333,6.518518518518518
493,146914,D,0.71002495,103.71449487864572,73.63987934006383,1,0.6328358208955224,5.333333333333333,7.6923076923076925
494,171562,D,0.62206036,118.35977548509116,73.62692437311412,1,0.7676240208877284,11.333333333333334,5.933333333333334
495,127206,C,0.5228712,140.76574148453807,73.60235164385244,0,0.785024154589372,1.3333333333333337,4.376623376623376
496,113081,D,0.78472984,93.78654900623656,73.59710344306384,0,0.7169811320754716,10.666666666666666,7.125
497,67221,C,0.94252646,78.08437465195419,73.59658919811916,1,0.2372881355932203,2.333333333333333,8.166666666666666
498,91973,C,0.9217747,79.83872341188096,73.5933141543544,1,0.5058823529411764,2.333333333333334,12.0
499,96188,D,0.7760287,94.8117756057758,73.57665827803218,0,0.7612903225806451,9.0,10.275862068965518
500,95059,C,0.7020471,104.79467297919724,73.57079726692945,0,0.6220472440944882,1.0,8.666666666666666
501,74056,C,0.7206139,102.08858644162342,73.56645409927671,1,0.6931407942238267,3.0,9.210526315789474
502,27777,C,0.8584268,85.6928819812558,73.56106725982605,0,0.4358974358974359,6.333333333333332,8.285714285714286
503,31566,D,0.709256,103.71229574749988,73.55856734468645,0,0.5955555555555555,10.666666666666668,6.708333333333333
504,122667,C,0.800886,91.837747643781,73.551564096635,1,0.5833333333333334,-1.666666666666667,9.785714285714286
505,59969,D,0.7531575,97.64644513958224,73.5431521587977,0,0.6740088105726872,9.0,8.909090909090908
506,170600,C,0.84070885,87.47567290327773,73.54157252819527,1,0.4336283185840708,3.666666666666667,6.833333333333333
507,118768,C,0.82047874,89.6260094238057,73.53623504614677,0,0.6,0.0,7.25
508,108510,C,0.8630728,85.20267811011895,73.53611503390789,1,0.54296875,1.0,9.916666666666666
509,191284,C,0.9140437,80.43630337380468,73.5222983237721,1,0.3968253968253968,-0.3333333333333339,11.4
510,22794,C,0.7639699,96.23174009566448,73.51815268679138,1,0.6141304347826086,-2.0,9.333333333333334
511,57792,C,0.91338557,80.4646632792394,73.49526233813192,1,0.4042553191489361,-0.333333333333333,11.4
512,45807,D,0.761007,96.53309054777392,73.4623586942468,0,0.76,8.333333333333334,11.516129032258064
513,107897,C,0.93292326,78.74277018026767,73.46096164941034,1,0.28125,-0.333333333333333,10.0
514,181185,C,0.8014819,91.65444394546287,73.45937811509366,0,0.5238095238095238,7.333333333333332,8.666666666666666
515,160990,C,0.7094814,103.51827953704588,73.44429576860905,0,0.6764705882352942,3.999999999999999,8.866666666666667
516,126851,D,0.7605518,96.56364323997818,73.4416536719092,0,0.5568181818181818,14.999999999999998,7.4
517,186974,C,0.6628882,110.7744711859554,73.43109301104766,0,0.4659090909090909,7.333333333333334,6.285714285714286
518,50101,D,0.75272506,97.54189146834229,73.42222657178299,0,0.672566371681416,12.0,6.588235294117647
519,42712,D,0.7481514,98.13419300068884,73.41923599582674,1,0.6318181818181818,13.666666666666666,7.868421052631579
520,101653,D,0.6080943,120.69144411834324,73.3917762095707,1,0.7311827956989247,9.333333333333334,6.634615384615385
521,182737,C,0.5932507,123.71046191101864,73.39131712283194,0,0.6356589147286822,-0.6666666666666665,6.0
522,83437,D,0.77671564,94.47963781724508,73.38381200020824,1,0.5967213114754099,11.0,9.0
523,8915,C,0.8091503,90.68930154680892,73.38127360976209,0,0.6162790697674418,4.666666666666667,9.75
524,161453,C,0.65304077,112.3636319478166,73.37803235819698,0,0.6927710843373494,0.0,8.333333333333334
525,120362,C,0.97473323,75.27021415103927,73.3683792220552,1,0.3529411764705882,0.0,8.0
526,126410,C,0.8797152,83.38682119803183,73.35665444105851,0,0.5862068965517241,2.0,10.0
527,90432,C,0.8381952,87.50702687198029,73.34797030469336,0,0.3333333333333333,-1.333333333333333,10.0
528,82692,C,0.6705989,109.35000430179528,73.32999524167569,1,0.4102564102564102,1.333333333333333,5.75
529,190428,C,0.52486354,139.68676624686833,73.31649078080622,0,0.746031746031746,4.666666666666666,4.627118644067797
530,169376,C,0.7816557,93.78269547357938,73.30578118082215,0,0.6970509383378016,4.999999999999999,11.25
531,44135,C,0.90278083,81.18716949516049,73.29422033202383,1,0.4188034188034188,1.0,10.6
532,188732,C,0.91708827,79.91780560729347,73.29168210156391,1,0.3529411764705882,0.666666666666667,11.4
533,7454,C,0.85482603,85.73712597321126,73.2903272863944,1,0.3909090909090909,7.666666666666666,10.142857142857142
534,160748,C,0.52983683,138.32487229267568,73.2896123266645,0,0.7664092664092664,2.666666666666667,4.814285714285714
535,55006,D,0.6087038,120.38360748238216,73.27795838062423,0,0.7371794871794872,8.333333333333334,6.285714285714286
536,197291,D,0.7687953,95.31437440660204,73.27724415767685,0,0.7203389830508474,11.333333333333332,11.433333333333334
537,130808,D,0.7182436,102.02139746119884,73.2762156812144,0,0.7073170731707317,7.999999999999999,8.733333333333333
538,122007,C,0.88495624,82.79810874187469,73.27270304546983,1,0.4578313253012048,-0.333333333333333,11.8
539,196282,D,0.546885,133.9757467978879,73.26932810699674,0,0.6375838926174496,6.0,5.245614035087719
540,87383,C,0.56577265,129.4959578876764,73.26527159846034,0,0.5727272727272728,3.0,6.125
541,191606,D,0.74729717,98.02987798775992,73.25745017787737,0,0.6470588235294118,14.333333333333334,8.027777777777779
542,205103,D,0.65412474,111.97656039442155,73.24663809419016,0,0.6206896551724138,8.666666666666668,7.0
543,57299,C,0.57014364,128.45581361135297,73.23826515685015,0,0.5188679245283019,8.333333333333332,5.589285714285714
544,184924,D,0.6080943,120.43272059910504,73.2344479187147,0,0.7527472527472527,8.0,6.529411764705882
545,2680,C,0.66795915,109.63679608857132,73.23290152445996,0,0.5454545454545454,0.333333333333333,7.181818181818182
546,130200,C,0.9457459,77.43189782359865,73.23089876322608,1,0.3076923076923077,1.333333333333333,10.2
547,29653,C,0.69080484,106.007037794854,73.23017469096891,0,0.6862745098039216,2.0,8.074074074074074
548,78176,C,0.55683553,131.50205811717393,73.2250185155485,1,0.7192982456140351,0.6666666666666665,4.947368421052632
549,4228,D,0.78299665,93.51592523768196,73.22265660455882,0,0.6037735849056604,12.333333333333334,7.444444444444445
550,12600,C,0.7577799,96.59901181456016,73.20078915158906,0,0.7111111111111111,4.666666666666667,7.333333333333333
551,201322,D,0.5937535,123.2735138425659,73.19408235678966,0,0.7166666666666667,6.666666666666667,6.314814814814815
552,127009,D,0.6506253,112.47577062594765,73.17958071124642,0,0.6009316770186336,10.333333333333332,6.458333333333333
553,39027,C,0.91521317,79.95903976134379,73.17956606362215,0,0.3603603603603603,-0.6666666666666665,7.7
554,132688,D,0.7655496,95.57712265641548,73.16902803065568,0,0.712280701754386,11.0,11.275862068965518
555,189142,C,0.79451865,92.0882456112497,73.165828545066,1,0.7,2.6666666666666665,6.9
556,69888,D,0.56570363,129.3198808021896,73.15672605882209,0,0.7213114754098361,7.333333333333334,6.1891891891891895
557,147243,D,0.7338755,99.66147915803656,73.13911915109512,0,0.7383512544802867,14.666666666666668,8.923076923076923
558,33928,D,0.74704564,97.90209393579448,73.13733204733217,0,0.6505190311418685,13.0,7.511111111111111
559,115070,C,0.68062115,107.45513177318296,73.13623505523734,0,0.3010752688172043,0.666666666666667,5.727272727272728
560,77083,C,0.89444023,81.76522580368905,73.13410767699226,1,0.4222222222222222,0.0,11.8
561,149548,C,0.759545,96.26698160660166,73.11910726004761,1,0.6065573770491803,-2.333333333333333,10.076923076923077
562,166842,C,0.7981283,91.60689925911576,73.11405940289409,1,0.3454545454545454,1.3333333333333337,7.125
563,22046,D,0.59659815,122.53595071739024,73.10472130380526,0,0.6058700209643606,16.333333333333332,5.127272727272727
564,176473,C,0.68804544,106.2451127860567,73.1014655983078,0,0.6893617021276596,0.666666666666667,8.217391304347826
565,11198,C,0.86695963,84.30695265296039,73.09072460009499,1,0.5245398773006135,6.333333333333334,10.333333333333334
566,191914,C,0.7132766,102.47004945663224,73.08949100717479,0,0.6880733944954128,2.333333333333334,9.461538461538462
567,198258,C,0.4598833,158.91956394682205,73.0844538918071,0,0.5480769230769231,9.0,5.038461538461538
568,127775,C,0.7580457,96.41134330141855,73.08420165346492,1,0.5970149253731343,4.333333333333334,7.1
569,189757,C,0.6335354,115.35136793543282,73.07917331045854,1,0.5284552845528455,3.333333333333333,8.0
570,98614,C,0.5389539,135.59274895212354,73.07824090519237,1,0.6302816901408451,1.666666666666667,6.366666666666666
571,60637,C,0.48523924,150.59011907452495,73.0722345618225,0,0.7670454545454546,-1.0000000000000004,4.768115942028985
572,80268,D,0.8022689,91.0529153611606,73.0489242817073,1,0.6439628482972136,6.666666666666666,10.823529411764708
573,107701,D,0.74947304,97.46539523053188,73.04768560360486,0,0.6640625,5.666666666666666,8.166666666666666
574,22740,C,0.717406,101.81152704164596,73.04019780980222,0,0.5,3.333333333333333,7.133333333333334
575,187240,D,0.7939749,91.98815185997005,73.03628150363448,1,0.5888888888888889,5.333333333333333,8.28
576,126103,D,0.7445427,98.09231086389912,73.03391573900042,0,0.6792452830188679,17.666666666666668,7.486486486486487
577,74993,D,0.72236603,101.097862859314,73.02966233909837,1,0.7255434782608695,7.666666666666667,8.868421052631579
578,65852,C,0.7870452,92.78152659380048,73.02325337269289,0,0.5,1.666666666666667,9.5
579,153535,D,0.6040122,120.83998890738243,72.98882649608694,1,0.5951417004048583,6.666666666666666,6.823529411764706
580,75617,D,0.6639263,109.91657474787378,72.97650515328245,1,0.5950413223140496,8.333333333333332,6.363636363636363
581,83934,D,0.5639483,129.3878311933504,72.96804403394003,0,0.6423357664233577,10.666666666666666,5.8
582,30511,D,0.71601915,101.89354135365592,72.95772723683886,0,0.6761904761904762,11.333333333333332,8.35897435897436
583,160133,C,0.6882301,105.99504076777272,72.94897722027021,0,0.5256410256410257,3.666666666666666,7.777777777777778
584,131791,C,0.5076838,143.68830913345943,72.94822874657706,0,0.5176470588235295,-2.0,5.2
585,48364,D,0.6674869,109.26422057145696,72.93243653138529,0,0.6231884057971014,14.333333333333334,5.76595744680851
586,56353,C,0.8678918,84.03211223296653,72.93078017584544,0,0.4457831325301205,-0.333333333333333,10.11111111111111
587,198442,C,0.8978109,81.22817631075587,72.92754015945407,1,0.4571428571428571,1.0,11.8
588,16592,D,0.6562024,111.104231812632,72.90686088675184,0,0.7433808553971487,8.666666666666666,7.361702127659575
589,91742,B,0.6631998,109.926403668982,72.90316699015283,0,0.678125,18.0,6.36734693877551
590,190713,D,0.62914526,115.86213488172544,72.89411351024424,0,0.7547709923664122,15.333333333333332,6.72
591,203143,D,0.61007804,119.46531807800184,72.88316671693795,0,0.9629629629629628,9.666666666666666,6.415094339622642
592,151747,D,0.70823675,102.90687379332736,72.88243025355933,1,0.6934306569343066,14.0,7.578947368421052
593,196504,C,0.6710427,108.59796250884912,72.87386788487883,0,0.7080103359173127,4.666666666666668,8.04
594,124741,C,0.7385684,98.6334576597054,72.84755749364163,0,0.4631578947368421,0.9999999999999996,8.454545454545455
595,28252,D,0.5949793,122.42195608421228,72.83852804543918,1,0.6086956521739131,5.666666666666668,6.0
596,27125,C,0.5653196,128.843305118202,72.83764541847889,1,0.8260869565217391,1.3333333333333337,4.166666666666667
597,131379,D,0.55000514,132.40448589017592,72.82314752330316,0,0.6551724137931034,8.666666666666666,6.733333333333333
598,32618,D,0.80260575,90.72079442362404,72.813031083546,1,0.625,10.0,10.40625
599,80410,C,0.9776954,74.4687592518425,72.80776377256437,1,0.2244897959183673,0.0,8.75
600,83924,D,0.5978653,121.77660858634536,72.80600661483203,1,0.710955710955711,10.0,5.092307692307692
601,107898,C,0.7662884,95.00847681068332,72.80389365284631,0,0.6206896551724138,-2.0,7.5
602,56220,D,0.58595437,124.24339095721317,72.80095764073306,0,0.7525622254758418,5.666666666666666,6.490909090909091
603,139408,D,0.8005608,90.92363558443677,72.78989593461816,1,0.6280487804878049,7.666666666666667,11.307692307692308
604,162828,D,0.728209,99.94514188006826,72.78095369304393,1,0.6169354838709677,10.666666666666668,8.5
605,97475,D,0.57195336,127.24894731478528,72.78046249800961,0,0.6838365896980462,10.333333333333332,6.408163265306122
606,94343,D,0.60824984,119.64153622592484,72.77194564012338,1,0.7746478873239436,12.666666666666664,6.5
607,119301,C,0.9389384,77.5002000515475,72.76791223087406,1,0.25,0.0,7.166666666666667
608,95283,D,0.708883,102.61102546639208,72.73921028297632,0,0.6857142857142857,13.333333333333334,8.625
609,99665,D,0.71254367,102.074000912359,72.73218285040824,0,0.7242524916943521,10.666666666666664,8.236842105263158
610,59614,C,0.4849374,149.96955124506266,72.72584420382557,0,0.65625,2.0000000000000004,5.285714285714286
611,180003,D,0.7844007,92.7133164137008,72.72439043541476,0,0.6908212560386473,8.666666666666666,10.357142857142858
612,128457,C,0.544458,133.53292410554258,72.70306506037197,0,0.7699386503067485,4.333333333333334,5.35
613,154111,C,0.9205684,78.972115505459,72.69923453526047,1,0.5,1.333333333333334,11.8
614,12177,D,0.79237723,91.74550075979516,72.69704607860021,1,0.5926966292134831,9.666666666666666,8.529411764705882
615,174130,C,0.9366575,77.60849456444885,72.6925775930586,1,0.625,0.666666666666667,10.6
616,188138,B,0.76642853,94.83218197017024,72.68208984459442,0,0.7539503386004515,18.0,10.433333333333334
617,163537,D,0.7583249,95.78049219392253,72.63273418885748,1,0.55078125,10.0,7.470588235294118
618,39311,D,0.7172824,101.22534835787054,72.60716227229302,1,0.6040268456375839,6.666666666666666,8.944444444444445
619,106382,D,0.7033718,103.21947598387668,72.60167097475117,0,0.7294685990338164,12.666666666666664,7.909090909090909
620,5833,C,0.6949124,104.46544289946834,72.59432892828089,0,0.5496688741721855,1.666666666666667,9.0
621,14999,C,0.82803726,87.66299116249088,72.58822317766602,0,0.7049180327868853,0.6666666666666679,12.083333333333334
622,71635,C,0.9511077,76.30756648128968,72.57671258332634,1,0.4673913043478261,2.6666666666666665,10.22222222222222
623,75820,C,0.59021753,122.96093595222943,72.57369999365318,0,0.5441696113074205,14.333333333333332,5.0
624,199275,D,0.7273445,99.75876427531878,72.55898981327346,0,0.6060606060606061,12.0,8.1875
625,168817,C,0.7271528,99.78263274712312,72.55722322832366,0,0.5,4.0,7.857142857142857
626,33506,D,0.56039864,129.46467029999042,72.55182493739835,0,0.659877800407332,10.0,5.810344827586207
627,49327,C,0.58358127,124.30174659241312,72.54017098888833,1,0.5185185185185185,3.666666666666667,6.5625
628,120503,C,0.72648406,99.84532946369914,72.53604034952888,0,0.5918367346938775,3.0000000000000004,8.222222222222221
629,15241,C,0.66444546,109.15588428833608,72.52813173049803,0,0.4947368421052631,1.0,6.6
630,88422,D,0.72372705,100.20764169385303,72.5229806543574,0,0.7393364928909952,16.666666666666668,7.738095238095238
631,54417,C,0.8576279,84.557015862553,72.51845833379464,1,0.4157303370786517,0.0,9.142857142857142
632,203610,C,0.62409705,116.15600706592488,72.49262126091425,0,0.5769230769230769,3.333333333333333,5.068181818181818
633,83102,D,0.79661524,91.00024913054476,72.4921855703737,0,0.6567164179104478,7.0,11.333333333333334
634,169011,C,0.9220588,78.61847388387245,72.49085731652234,1,0.3,-1.6666666666666663,9.6
635,132783,C,0.49531814,146.32464038454762,72.47724937866292,0,0.391304347826087,-0.6666666666666665,3.9130434782608696
636,14483,C,0.54295206,133.4755700233607,72.47083579721914,0,0.6232394366197183,1.3333333333333337,6.518518518518518
637,200972,C,0.9360012,77.41368099382818,72.45929688242047,1,0.4444444444444444,-0.3333333333333335,9.22222222222222
638,109789,D,0.65516347,110.59369770505003,72.45695040909203,1,0.6942675159235668,7.333333333333333,8.05
639,184124,C,0.689959,105.01125306956712,72.45345806663059,0,0.5096774193548387,7.666666666666666,8.083333333333334
640,9608,C,0.81418073,88.98597047043502,72.45066255518286,0,0.5,-2.0,6.666666666666667
641,128568,D,0.7896713,91.74359747771764,72.44728605587348,0,0.7193675889328063,7.0,11.25
642,47625,D,0.7625045,95.00690510327443,72.44319438549127,0,0.7651515151515151,6.666666666666668,11.22222222222222
643,135204,D,0.789941,91.68481338784795,72.4255943514166,1,0.6492537313432836,13.0,9.151515151515152
644,34293,D,0.784164,92.35308616274231,72.41996651778855,0,0.708994708994709,6.333333333333333,11.08
645,38296,C,0.8678209,83.43973063256236,72.41074368195157,1,0.4235294117647059,4.333333333333333,8.714285714285714
646,70109,D,0.5941609,121.86371521921444,72.40665646939873,0,0.9039301310043668,7.666666666666667,5.666666666666667
647,151831,D,0.58365333,124.0427542508438,72.39796668047272,1,0.6674816625916871,7.333333333333332,7.069767441860465
648,160287,D,0.67503107,107.24724730938183,72.39522367047472,0,0.6726726726726727,11.333333333333334,7.36
649,123068,C,0.81043196,89.31960793330694,72.38746467773463,0,0.3176470588235294,0.0,7.4
650,133739,B,0.68278927,106.00666076304788,72.38021010511665,0,0.6593059936908517,17.333333333333336,6.5227272727272725
651,139074,D,0.7236849,100.00058285385728,72.36891249849283,1,0.7046979865771812,12.333333333333334,8.09375
652,40076,D,0.77512664,93.3558451282653,72.36260218785029,1,0.6147186147186147,10.333333333333334,9.785714285714286
653,94267,D,0.7859466,92.06385700488649,72.35727609461576,0,0.6253443526170799,9.666666666666668,11.5
654,184450,C,0.7709787,93.850519400945,72.35675042789089,0,0.6299019607843137,1.3333333333333337,7.958333333333333
655,46583,C,0.9174379,78.86397559426662,72.35280102501117,0,0.42,7.999999999999999,10.1
656,185860,C,0.6669567,108.474410748051,72.34773749327773,0,0.6812749003984063,4.333333333333333,7.880952380952381
657,32634,C,0.75379777,95.97560996812948,72.34620072484168,1,0.6206896551724138,3.0,6.368421052631579
658,159643,D,0.7026368,102.94082704297809,72.33001107464081,0,0.6216216216216216,7.666666666666666,8.027777777777779
659,185514,D,0.80618685,89.70916747355238,72.32235157575747,0,0.6208955223880597,8.666666666666666,10.09375
660,25748,C,0.7597595,95.18828252654694,72.32020057909054,0,0.509090909090909,0.666666666666667,9.2
661,7465,C,0.6718697,107.63450159605226,72.31635977890285,0,0.4754098360655737,7.666666666666666,6.310344827586207
662,65013,C,0.62339425,115.9977585421875,72.31233578897724,0,0.7297297297297297,1.666666666666666,7.0
663,130341,C,0.77769774,92.98249358882524,72.31227530819397,0,0.7037037037037037,3.666666666666667,11.0
664,109224,D,0.60209197,120.09533689182544,72.30843774397265,0,0.6679389312977099,8.333333333333332,7.0625
665,21657,C,0.6796748,106.38163262162992,72.30491532371698,0,0.660436137071651,3.999999999999999,7.947368421052632
666,80390,D,0.6812948,106.10710922739668,72.29022163774171,0,0.6059322033898306,8.333333333333332,6.088235294117647
667,86955,D,0.78202736,92.43443205745312,72.28625522412914,0,0.7421875,11.666666666666668,10.71875
668,111630,C,0.7271572,99.40875695138728,72.28579092880497,1,0.4842767295597484,14.333333333333332,6.739130434782608
669,163569,D,0.6880517,105.0510853714974,72.28057793889847,1,0.6293706293706294,7.333333333333333,7.864864864864865
670,182049,C,0.7429323,97.26948524133164,72.26464430063956,0,0.6415094339622641,-0.333333333333333,8.833333333333334
671,193795,C,0.9776954,73.91259994242998,72.26400937103502,1,0.3,0.0,9.0
672,63072,D,0.7220177,100.08203026531324,72.26099784799027,0,0.7351351351351352,8.0,9.125
673,14952,D,0.5628967,128.36458699604418,72.25600607733261,0,0.7311557788944724,13.999999999999998,6.566037735849057
674,17663,C,0.54005575,133.78882613079816,72.25342507857954,0,0.4979253112033195,9.333333333333332,5.183673469387755
675,65652,D,0.7590652,95.1789086378196,72.24699835071213,0,0.756544502617801,7.333333333333333,11.333333333333334
676,144853,C,0.57275426,126.1256387948254,72.23899740405616,0,0.6190476190476191,1.333333333333333,6.111111111111111
677,124417,B,0.7526234,95.97649665903296,72.2341552422261,1,0.7563352826510721,17.0,10.923076923076923
678,170170,C,0.8426132,85.71042815638944,72.22073987484832,0,0.4514563106796116,4.0,7.2
679,127598,C,0.91858786,78.60947286048457,72.2097077214724,0,0.4351851851851852,3.999999999999999,11.5
680,57032,D,0.7728845,93.4255665376868,72.20717116947199,1,0.6481481481481481,14.666666666666666,8.75
681,191406,C,0.55187017,130.8283110650716,72.20024190922277,1,0.6719298245614035,4.000000000000001,5.803921568627451
682,66648,C,0.78230816,92.28793496828494,72.19760471140124,0,0.4909090909090909,-0.6666666666666665,6.6
683,145135,C,0.62813187,114.91368728973283,72.18094887853508,0,0.6120481927710844,3.333333333333334,6.95
684,109974,D,0.5790704,124.6244200658258,72.16631144016326,0,0.6757322175732218,8.666666666666668,7.03921568627451
685,60458,C,0.65605026,109.99493633200947,72.16220711116311,0,0.6046511627906976,2.666666666666667,7.5
686,101353,B,0.7201692,100.18720859051164,72.15174051756203,0,0.6594724220623501,18.666666666666668,6.6923076923076925
687,56132,C,0.5210665,138.4598992199708,72.14681325414476,1,0.6600660066006601,2.333333333333333,6.529411764705882
688,102056,D,0.77458996,93.13973049782436,72.14509973016071,0,0.5865921787709497,12.666666666666668,8.4375
689,159627,C,0.89098155,80.96319441436384,72.13671285586652,0,0.5084745762711864,2.666666666666667,11.0
690,167943,D,0.7239608,99.64000069354448,72.13545629404925,0,0.6556291390728477,13.0,8.9
691,158476,D,0.7877976,91.56174604078736,72.13212105681829,1,0.6848484848484848,10.0,9.9375
692,13726,D,0.78142685,92.2982942119512,72.12436502777419,1,0.65748031496063,15.0,9.5
693,61034,D,0.61242104,117.75720396864112,72.11698882345416,0,0.6507352941176471,6.333333333333332,6.918367346938775
694,182534,C,0.5823765,123.83167768835769,72.11665657733786,0,0.7241379310344828,2.0,5.862068965517241
695,54920,D,0.76694584,94.02750227707254,72.11400161621476,0,0.6238532110091743,8.0,9.214285714285714
696,15576,C,0.7981189,90.3479646148394,72.10841717178599,0,0.6306306306306306,4.666666666666667,11.23076923076923
697,36463,C,0.89003706,81.0146378961872,72.10603011258266,1,0.25,4.333333333333333,6.714285714285714
698,67485,D,0.72981125,98.7997106307612,72.10514043002588,0,0.7615384615384615,8.0,7.256410256410256
699,49094,D,0.7029286,102.57759518005612,72.10472564777791,0,0.6676300578034682,6.666666666666667,8.731707317073171
700,92133,C,0.88817775,81.18043207174512,72.10265370404034,1,0.360655737704918,7.0,8.153846153846153
701,77384,D,0.75910884,94.98111114459718,72.10100123768532,0,0.5828220858895705,11.333333333333334,7.2
702,146152,C,0.88591266,81.382538424056,72.0978208310861,1,0.6666666666666666,-0.6666666666666661,9.0
703,106305,D,0.60551023,119.03513326662193,72.07699149762156,1,0.6855345911949685,12.333333333333334,5.466666666666667
704,201430,B,0.7695166,93.65814821275728,72.07149858152736,1,0.6504424778761062,15.666666666666664,8.653846153846153
705,18797,D,0.69581735,103.57511240532034,72.06936037874199,0,0.5900621118012422,13.0,7.073170731707317
706,102337,C,0.70936656,101.5847245808042,72.06080662263446,0,0.4659090909090909,0.3333333333333335,6.0
707,95924,C,0.5261796,136.93532696228073,72.0525771666827,0,0.6768802228412256,3.666666666666667,6.357142857142857
708,116964,D,0.7994337,90.12004608000866,72.04500262007772,1,0.6104417670682731,13.333333333333332,11.428571428571429
709,174297,C,0.5206074,138.35371035863034,72.02796707123103,0,0.6147540983606558,0.3333333333333335,4.527777777777778
710,11963,D,0.7325608,98.28914538091104,72.00277629128205,0,0.6177777777777778,14.666666666666666,8.882352941176471
711,178584,D,0.7412963,97.12954331565392,72.00177024054149,1,0.7596153846153846,9.333333333333334,10.625
712,179326,C,0.7199141,100.00496999905444,71.99498584353681,0,0.6244343891402715,4.666666666666666,9.916666666666666
713,93611,C,0.92994905,77.41127991095489,71.98854583945287,1,0.3555555555555555,3.0,10.333333333333334
714,78614,D,0.7882442,91.32763067699288,71.98847406959601,0,0.625,9.0,10.666666666666666
715,193311,D,0.61856854,116.35840077339476,71.97564603885299,0,0.6390041493775933,9.666666666666668,6.764705882352941
716,45663,C,0.73110574,98.44246623817844,71.97185260282346,1,0.5740072202166066,-2.0,10.0
717,34140,C,0.7732892,93.0707095284159,71.97057485379206,0,0.7219101123595506,4.333333333333334,8.444444444444445
718,133361,D,0.5886968,122.23401427906876,71.9587703461634,0,0.8260869565217391,12.666666666666668,6.468085106382978
719,153344,D,0.76065385,94.59626964738204,71.95501702610204,0,0.7211895910780669,7.999999999999999,10.242424242424242
720,12099,C,0.7542933,95.37730134387064,71.94246152777701,0,0.6809815950920245,2.0,7.727272727272727
721,44266,D,0.79210544,90.81858488373992,71.93789480576051,0,0.5968992248062015,12.0,9.6
722,50338,D,0.65949905,109.07257317849836,71.93325830356714,0,0.7142857142857143,11.0,6.2727272727272725
723,170101,C,0.8075681,89.0728887096829,71.9324211161127,1,0.4220183486238532,0.3333333333333339,8.363636363636363
724,33123,C,0.88346535,81.42028603273081,71.93200147048194,1,0.4830508474576271,9.333333333333334,8.777777777777779
725,18728,C,0.5254075,136.90110104229495,71.92886430324315,1,0.7654723127035831,1.333333333333334,6.0
726,53744,C,0.479442,150.0090200560283,71.9206246520707,0,0.7855227882037533,-1.333333333333334,5.333333333333333
727,128636,C,0.9508653,75.63282849090882,71.91663429416717,1,0.2580645161290322,1.3333333333333337,8.6
728,126871,C,0.5717394,125.77768078585912,71.91205267582619,1,0.7656765676567657,0.3333333333333335,5.892857142857143
729,186925,C,0.64982116,110.66415227066368,71.91190804503601,0,0.6136363636363636,-3.0,8.777777777777779
730,179502,C,0.6830281,105.269032979005,71.90170778671752,0,0.4919614147909968,0.666666666666667,6.916666666666667
731,32783,C,0.8297775,86.6512677215851,71.90127049705357,0,0.5689655172413793,-1.666666666666666,11.272727272727272
732,16380,D,0.7838326,91.72176802304688,71.8945127915353,0,0.6966292134831461,5.000000000000001,10.461538461538462
733,24212,D,0.79335016,90.612345661481,71.8873189395585,0,0.7079646017699115,11.333333333333336,11.5
734,182292,C,0.7837191,91.72214794307246,71.88440129148847,0,0.5714285714285714,2.666666666666667,10.454545454545457
735,839,D,0.76411355,94.07421933432636,71.88338526796251,1,0.6944444444444444,10.0,11.192307692307692
736,47637,D,0.71006,101.23509721914796,71.88299317390813,0,0.6542857142857142,6.999999999999999,9.03125
737,23011,C,0.5217357,137.7669284289785,71.8779286688751,0,0.53315649867374,4.0,6.125
738,122218,D,0.72653586,98.93178903446186,71.87749210336955,0,0.605072463768116,7.000000000000001,8.615384615384615
739,14075,D,0.7916325,90.792969474835,71.87466299893912,1,0.6428571428571429,7.666666666666667,10.38888888888889
740,178430,C,0.8590188,83.66639188549662,71.87100377892445,0,0.4952380952380952,4.333333333333334,9.692307692307692
741,152200,B,0.8041124,89.36893953561598,71.86267020178339,0,0.5151515151515151,19.0,7.3076923076923075
742,175865,D,0.61822504,116.2356961092118,71.85981765007227,1,0.7315270935960592,13.666666666666666,6.567567567567568
743,97638,C,0.72732955,98.79822699100406,71.8588701929141,0,0.4864864864864865,-1.3333333333333337,6.1
744,130447,C,0.7304834,98.36022594092064,71.85051352345836,0,0.4866310160427807,4.000000000000001,8.666666666666666
745,8792,C,0.700183,102.60607971074862,71.84303007708841,1,0.7050847457627119,4.0,7.433333333333334
746,176299,C,0.47410896,151.50230996435684,71.82860325183398,0,0.5681818181818182,0.333333333333333,5.541666666666667
747,79358,C,0.5174172,138.81270030312345,71.82407766850949,0,0.6650246305418719,0.3333333333333335,4.517241379310345
748,166771,C,0.91673976,78.34494509115008,71.82192630339648,0,0.2727272727272727,-1.6666666666666663,8.4
749,31456,C,0.6784471,105.85812519569396,71.81914094485208,0,0.5828220858895705,1.0,6.8
750,150585,C,0.89501,80.2361355984462,71.81214328121507,1,0.3793103448275862,-2.666666666666667,10.285714285714286
751,89370,D,0.7939162,90.44641837468252,71.80687907999351,0,0.6923076923076923,5.666666666666668,8.2
752,196206,D,0.69129026,103.859690491294,71.79719237690755,0,0.7032258064516129,12.666666666666666,6.633333333333334
753,116158,C,0.71207225,100.81649447450282,71.7886283829302,0,0.4716981132075472,9.666666666666666,6.785714285714286
754,95725,C,0.763301,94.0499302446715,71.78840720705148,0,0.5987654320987654,5.0,8.866666666666667
755,133491,C,0.7775734,92.30769405259188,71.77600812875546,1,0.5274390243902439,5.0,8.2
756,6781,C,0.9043007,79.36824880815023,71.77276213727443,1,0.3956043956043956,-1.9999999999999991,11.333333333333334
757,165287,C,0.6576698,109.11666782563228,71.76273521112643,0,0.6684491978609626,0.9999999999999998,5.875
758,19028,D,0.6092954,117.77476059192196,71.75962313880638,0,0.6416184971098265,9.666666666666666,6.170212765957447
759,196586,C,0.9735952,73.70023843365158,71.75419852298528,1,0.2142857142857142,0.0,7.75
760,178638,D,0.7226347,99.29492718201972,71.75395724651315,0,0.5850746268656717,8.333333333333332,9.0
761,5166,D,0.79668325,90.06568373342157,71.75382179753463,0,0.7111111111111111,11.666666666666664,10.357142857142858
762,45372,C,0.51024485,140.5875401208997,71.73406780686857,0,0.7425249169435216,3.0,6.0701754385964914
763,173585,D,0.73266685,97.9071894632104,71.73335210517784,0,0.734375,14.666666666666668,8.733333333333333
764,98237,D,0.78859943,90.96221642325006,71.73275216069574,0,0.6934673366834171,6.333333333333333,11.758620689655173
765,145141,C,0.77169126,92.94961708210144,71.72840737561468,1,0.5950413223140496,-2.333333333333333,8.5
766,161723,D,0.6504797,110.26484596090314,71.72504109172074,1,0.7550200803212851,8.0,5.892857142857143
767,117262,C,0.7391083,97.03914605638572,71.72244060906608,0,0.4736842105263157,0.0,10.0
768,132898,D,0.69731563,102.84671677004184,71.71662343701549,0,0.875,11.0,5.266666666666667
769,80779,C,0.46577883,153.97044889364568,71.71617518108042,1,0.702576112412178,-2.0,6.388888888888889
770,25617,D,0.8794419,81.53558830717625,71.70581407990544,1,0.5641025641025641,5.666666666666666,10.0
771,80882,D,0.6093226,117.66973498259756,71.69882974545922,0,0.7275822928490352,11.666666666666666,5.682539682539683
772,16776,D,0.56350684,127.234339800282,71.69742097149437,0,0.7409470752089137,11.0,6.686274509803922
773,140668,C,0.6111241,117.31791693144744,71.69580619927467,0,0.7243697478991596,3.0000000000000004,6.306122448979592
774,141959,C,0.56984603,125.8127346515488,71.69388787416855,1,0.6428571428571429,4.333333333333334,5.888888888888889
775,113202,C,0.6487563,110.5006661836397,71.68800613041186,0,0.5575221238938053,0.333333333333333,7.923076923076923
776,65593,C,0.52214885,137.28453494272188,71.68296171089244,0,0.4302788844621514,12.666666666666668,4.916666666666667
777,78080,D,0.78501165,91.31249591804472,71.68137300696274,1,0.7131147540983607,6.0,11.875
778,154444,C,0.5871893,122.04007763545356,71.66062980282679,1,0.5714285714285714,0.3333333333333339,5.888888888888889
779,72610,C,0.52870476,135.53574680406567,71.65839481871977,0,0.639751552795031,3.333333333333333,6.485714285714286
780,174400,D,0.7665393,93.48219843958071,71.65777667769143,0,0.7451820128479657,7.666666666666667,8.333333333333334
781,138522,D,0.5813408,123.2591114513033,71.65554920052095,1,0.7255520504731862,7.999999999999999,6.891304347826087
782,97702,C,0.71992433,99.5298568302594,71.65396556432246,0,0.5666666666666667,2.6666666666666665,6.8
783,176253,C,0.91004974,78.71904823585551,71.63824910455428,1,0.4285714285714285,1.666666666666666,10.6
784,101177,C,0.68348897,104.80226994759236,71.6311950197446,0,0.6556291390728477,3.999999999999999,7.395348837209302
785,172264,C,0.6050163,118.39433605802084,71.6305020939853,0,0.6237623762376238,-2.333333333333333,7.909090909090909
786,135131,D,0.7817684,91.61194736493604,71.61932382630839,0,0.6427221172022685,6.333333333333334,11.379310344827584
787,101473,C,0.5940852,120.55301843858804,71.61876606149536,0,0.5384615384615384,4.666666666666667,6.8
788,72047,C,0.70857483,101.06458467559057,71.61182105568372,1,0.5384615384615384,-4.333333333333333,5.846153846153846
789,116127,C,0.783616,91.37306780276492,71.60139848177617,1,0.5258620689655172,5.000000000000001,8.285714285714286
790,34727,C,0.67856723,105.507543753364,71.59396178283191,0,0.6976744186046512,3.666666666666667,7.227272727272727
791,60891,D,0.5847416,122.43529484815105,71.59300927635614,1,0.6206896551724138,6.333333333333332,5.119402985074627
792,35252,C,0.9761379,73.34207130890508,71.59197374636508,1,0.382716049382716,0.0,9.25
793,155896,D,0.7368426,97.15338067063225,71.58674695878791,1,0.5857142857142857,8.666666666666666,9.294117647058824
794,171386,D,0.79959524,89.52346628794042,71.58253722371623,0,0.6597744360902256,9.0,10.875
795,148310,D,0.8036266,89.06452545209146,71.57462149603968,0,0.7493403693931399,10.0,10.21875
796,166977,D,0.7634016,93.75376178616544,71.57177433561131,0,0.6741573033707865,10.0,9.233333333333333
797,79949,D,0.8007341,89.38260947261645,71.57170359536245,1,0.5879629629629629,7.333333333333334,10.806451612903226
798,26391,C,0.63646287,112.45014942287465,71.57034452549588,0,0.644927536231884,2.333333333333333,7.785714285714286
799,103067,C,0.88815755,80.57208780580187,71.56070782361378,1,0.3115942028985507,5.666666666666667,9.75
800,153604,D,0.71741444,99.74537293001288,71.55877073595292,1,0.7708333333333334,11.333333333333334,8.894736842105264
801,119270,D,0.7757948,92.23580446722958,71.55605785731181,0,0.5691823899371069,13.0,7.379310344827586
802,136184,C,0.7102567,100.7424210037972,71.552979063748,0,0.7307692307692307,3.333333333333334,9.038461538461538
803,172353,C,0.45927957,155.77220591947005,71.54299128583533,0,0.5209302325581395,10.0,5.535714285714286
804,32004,C,0.69125396,103.4867790595087,71.5356458462527,1,0.7126099706744868,3.0,7.55
805,93664,D,0.69446445,102.98168482749428,71.51711861064463,1,0.7659574468085106,18.33333333333333,5.416666666666667
806,19241,B,0.7720188,92.635170819179,71.5160925099667,0,0.6285714285714286,20.333333333333336,8.852941176470589
807,190881,D,0.6667537,107.25635862741396,71.51357496258264,1,0.8411214953271028,7.666666666666667,7.952380952380952
808,182932,D,0.6880198,103.93792615508984,71.51135242402512,0,0.6861924686192469,8.666666666666666,7.9375
809,108838,C,0.4917952,145.40605278420347,71.51000055951245,0,0.7139107611548556,1.6666666666666663,4.970149253731344
810,142912,C,0.79674655,89.7476892772024,71.50616198072659,0,0.4403669724770642,2.666666666666666,10.2
811,186416,D,0.621931,114.97265392278798,71.50505951759713,0,0.7530864197530864,10.333333333333334,6.526315789473684
812,18704,C,0.8474454,84.36594764520689,71.49553664215394,1,0.358695652173913,-1.333333333333333,9.714285714285714
813,96631,D,0.73595643,97.13962120439965,71.49052887541555,0,0.7045454545454546,8.0,8.3
814,41248,D,0.68378866,104.54699630553178,71.48805021684181,0,0.7163120567375887,6.000000000000001,9.055555555555555
815,185077,D,0.73660463,97.04676989080612,71.48510012002666,0,0.69009009009009,9.666666666666668,10.030303030303031
816,68059,C,0.5468738,130.71536705063124,71.48481053095357,0,0.5675675675675675,-0.6666666666666661,6.6923076923076925
817,68749,C,0.6651489,107.4695334419519,71.48324344198976,0,0.4818181818181818,0.333333333333333,6.416666666666667
818,145081,D,0.57470506,124.3580341395524,71.46919200598546,0,0.6976190476190476,7.333333333333333,6.9361702127659575
819,98365,C,0.78095275,91.4997234872555,71.45696083135154,0,0.6760299625468165,4.333333333333334,11.607142857142858
820,147626,D,0.5722621,124.86441271297365,71.45517207400887,0,0.7875457875457875,14.666666666666666,6.0
821,37153,C,0.7870523,90.78482773214876,71.45240508861744,0,0.6796536796536796,3.666666666666667,11.333333333333334
822,80914,C,0.58618367,121.8881687983514,71.44885377242868,0,0.4210526315789473,6.333333333333334,5.5
823,122,C,0.7400916,96.537688626371,71.4467345476283,0,0.6,4.999999999999999,7.928571428571429
824,40268,C,0.9157224,78.01012192856824,71.43561839770558,1,0.5352112676056338,-0.6666666666666661,12.833333333333334
825,185982,D,0.7257196,98.43397221010372,71.43546009532315,0,0.6349206349206349,6.666666666666668,9.08
826,84724,D,0.78742176,90.7050297171378,71.42311440769015,0,0.6825396825396826,8.666666666666668,9.0
827,108347,D,0.6985834,102.2315237672266,71.41724792338427,0,0.6674641148325359,7.000000000000001,9.03225806451613
828,3623,B,0.7430802,96.10922773968336,71.41686405193543,1,0.7180451127819549,15.666666666666668,13.210526315789474
829,49311,D,0.5681413,125.6983893665758,71.41444403038138,0,0.6706484641638225,12.333333333333334,6.170212765957447
830,129938,D,0.76646847,93.16491574257718,71.40796999164573,0,0.7284768211920529,13.0,12.2
831,70385,D,0.5955302,119.89970203518128,71.4038949628166,1,0.6140845070422535,8.333333333333334,6.230769230769231
832,149259,C,0.90585065,78.82163097749792,71.40062556674678,1,0.2953020134228188,1.666666666666667,11.0
833,119573,C,0.7791654,91.63577391844302,71.39942326228575,1,0.5702479338842975,4.0,7.5
834,196147,C,0.5462784,130.70005830828464,71.39862096889235,0,0.6101694915254238,1.0,6.142857142857143
835,33411,C,0.78276813,91.20519045791772,71.3925164086212,1,0.5128205128205128,4.333333333333333,7.777777777777778
836,135442,D,0.6809155,104.84477685500796,71.39043102213815,1,0.6889763779527559,5.333333333333334,8.583333333333334
837,27718,C,0.75965935,93.97481145342184,71.38884417740739,1,0.5897435897435898,-1.0,10.571428571428571
838,14922,B,0.67786425,105.3113656043292,71.3868102326521,1,0.6644295302013423,21.0,7.066666666666666
839,172134,C,0.5194782,137.41847255113078,71.38590102405429,0,0.6610169491525424,2.333333333333333,5.585365853658536
840,37800,D,0.74182075,96.18283959772702,71.35042645958164,1,0.6028368794326241,13.0,8.24390243902439
841,23758,C,0.94967884,75.13024177601068,71.34960072751042,1,0.26,3.666666666666667,10.166666666666666
842,90708,D,0.7768447,91.83973523626304,71.34520975930512,0,0.7494736842105263,10.333333333333334,10.307692307692308
843,182797,C,0.75300026,94.74402178801586,71.34227298291968,0,0.6,5.0,8.11111111111111
844,65473,C,0.65849495,108.34026283406536,71.34151588648902,0,0.5803921568627451,5.0,6.59375
845,190488,C,0.58539677,121.85798424355532,71.33526996819904,0,0.851063829787234,1.6666666666666667,4.431034482758621
846,70640,C,0.82203424,86.77710807818632,71.33375406840267,1,0.4428571428571428,16.0,8.555555555555555
847,44397,C,0.8653505,82.4317641107689,71.33236704013169,1,0.5161290322580645,-3.666666666666667,11.333333333333334
848,20517,D,0.7870944,90.6179774430732,71.32490387464014,1,0.5891472868217055,11.333333333333334,9.2
849,183889,B,0.74118155,96.22735343022882,71.32193919973483,0,0.7659574468085106,14.0,11.35483870967742
850,196304,D,0.6012934,118.61363818034133,71.32159601204339,0,0.7092050209205021,8.333333333333334,7.208333333333333
851,126298,D,0.8066014,88.41515301945938,71.31578666149453,0,0.6551724137931034,6.000000000000001,11.6
852,75031,D,0.56390446,126.4364972207037,71.29810522623544,0,0.6843373493975904,8.666666666666666,6.509090909090909
853,53588,C,0.6560309,108.66304443005876,71.28631410895315,0,0.7115384615384616,-0.3333333333333339,8.0
854,174895,D,0.5639532,126.40240084306213,71.2850410778932,0,0.6865671641791045,6.333333333333333,5.75
855,61481,D,0.78084177,91.28978645883116,71.28287823949667,1,0.7152777777777778,12.999999999999998,9.5
856,128458,B,0.6427709,110.89807728964396,71.2820554418716,1,0.6237623762376238,19.0,5.906976744186046
857,66811,C,0.5150009,138.38463290989483,71.2682076944911,1,0.5170068027210885,0.0,5.444444444444445
858,193620,C,0.6711771,106.18020753390772,71.26572262478112,0,0.3583333333333333,11.666666666666668,6.047619047619048
859,154667,D,0.78417933,90.87383144735564,71.26138024730035,0,0.5645161290322581,6.000000000000001,9.928571428571429
860,115199,D,0.57462656,124.00759182499748,71.25805652178482,1,0.7164948453608248,6.0,5.766666666666667
861,190036,D,0.69466054,102.5732004436766,71.25355526058767,1,0.6685236768802229,9.0,8.725
862,186532,D,0.73944587,96.35761360778456,71.25123895840876,1,0.6440677966101694,6.000000000000001,9.470588235294118
863,156604,D,0.7261949,98.11244898255651,71.24876185894,0,0.6534653465346535,6.0,8.575757575757576
864,75740,C,0.5224641,136.35585062193593,71.2410363039747,0,0.7405247813411079,3.333333333333333,6.2075471698113205
865,80644,D,0.74914414,95.09419504252725,71.23925866987354,0,0.754601226993865,5.333333333333334,11.3
866,125204,D,0.55514055,128.3256461320932,71.2387704023049,0,0.8136511375947996,6.666666666666667,6.865384615384615
867,183355,D,0.7969653,89.37315886139854,71.22730645658734,0,0.630188679245283,9.333333333333332,10.45
868,43402,C,0.829149,85.89838839558314,71.22256350957981,1,0.6595744680851063,-2.666666666666667,11.916666666666666
869,97912,D,0.73158264,97.3379021080702,71.2107195521763,0,0.7509578544061303,12.666666666666668,11.15625
870,200513,D,0.7854412,90.66233147636868,71.20993222531578,0,0.6019417475728155,10.333333333333332,9.444444444444445
871,51239,D,0.7431576,95.81765412058822,71.2076202883346,0,0.671875,10.333333333333334,7.333333333333333
872,94798,D,0.7830034,90.92777304831476,71.19675452701053,0,0.6612903225806451,7.000000000000001,9.5
873,31897,C,0.43988588,161.85075986954612,71.19586466599837,1,0.5225,3.0,5.56
874,93076,C,0.86777437,82.0361227492576,71.18884451714491,1,0.5,-4.333333333333333,9.0
875,111235,D,0.8012665,88.84098244891813,71.18530230053888,0,0.6184738955823293,7.666666666666666,10.214285714285714
876,10905,D,0.7934456,89.71446822568524,71.18354891791478,0,0.6108597285067874,5.333333333333333,10.333333333333334
877,65676,D,0.6557142,108.553914766075,71.18034488097204,0,0.7177033492822966,6.0,7.291666666666667
878,27135,C,0.57087016,124.6813803065095,71.17687965632612,0,0.507537688442211,3.999999999999999,6.592592592592593
879,133016,B,0.7125006,99.8961052287592,71.17603213650085,0,0.6625766871165644,13.333333333333332,8.44
880,202682,D,0.78397226,90.77492452724448,71.16502303579492,0,0.7075471698113207,11.0,10.173913043478262
881,180520,D,0.58582014,121.47579718743728,71.16296832720764,0,0.6788321167883211,6.666666666666666,6.538461538461538
882,194755,D,0.8052348,88.3698468902141,71.15847508957044,0,0.5920398009950248,6.0,10.387096774193548
883,205176,C,0.55498165,128.19676188485437,71.1468502973132,0,0.3884892086330935,2.333333333333333,4.681818181818182
884,72916,C,0.55376565,128.46249509162206,71.13811768132437,1,0.4627831715210356,3.0000000000000004,4.755102040816326
885,22867,C,0.78890216,90.16405389574771,71.13061718878677,0,0.5089285714285714,0.0,9.4375
886,85273,C,0.79831856,89.09066741834816,71.1227337586697,0,0.3103448275862069,1.666666666666667,9.8
887,166711,D,0.76853055,92.53188814342128,71.11358266707121,1,0.5886792452830188,9.0,8.794117647058824
888,17425,B,0.5494384,129.41267306536665,71.10429422331951,0,0.7785234899328859,19.333333333333336,3.75
889,28422,C,0.86896676,81.82426332071708,71.10256484409528,0,0.3809523809523809,-0.333333333333333,8.083333333333334
890,105375,D,0.54125667,131.35315942420308,71.09577316261023,0,0.695,6.333333333333333,6.4363636363636365
891,89759,C,0.9761379,72.83365175296908,71.09568616065724,1,0.4,0.0,9.5
892,98053,C,0.7987229,89.01012187329596,71.09442470159864,1,0.6407185628742516,1.666666666666666,11.263157894736842
893,158844,D,0.534577,132.98369151693257,71.09002446410622,0,0.8891129032258065,7.000000000000001,6.386363636363637
894,176259,C,0.75214386,94.51303840791104,71.08740151553276,0,0.4897959183673469,7.333333333333334,7.928571428571429
895,49774,C,0.5717546,124.33071906565108,71.08665741093782,1,0.4812030075187969,3.333333333333334,5.678571428571429
896,151647,D,0.7188674,98.88483719354832,71.08508790418419,1,0.7617021276595745,6.0,10.375
897,105009,D,0.6187137,114.8906114277634,71.08439264114692,1,0.7014388489208633,14.333333333333334,5.758620689655173
898,93454,D,0.6461092,110.01794700325338,71.08361029457,0,0.6530612244897959,5.666666666666668,8.153846153846153
899,19309,C,0.643839,110.40303786464912,71.08178167851872,0,0.53125,4.666666666666667,6.689655172413793
900,49182,C,0.6137369,115.79433857872232,71.06726158227755,0,0.4878048780487805,4.0,6.380952380952381
901,7601,D,0.77801967,91.33620101092735,71.06136066558594,1,0.6495726495726496,10.0,10.413793103448276
902,43476,C,0.7658173,92.7827425614545,71.05462796467363,0,0.4722222222222222,10.666666666666666,7.0
903,16743,D,0.8400545,84.58131992422081,71.05291943528086,1,0.5527950310559007,5.666666666666667,9.133333333333333
904,197052,D,0.8074208,87.98688387092807,71.04243930190137,0,0.5769230769230769,8.333333333333334,10.5625
905,110161,C,0.8455351,84.01975491067888,71.04165182890237,0,0.5806451612903226,2.333333333333333,12.375
906,110396,C,0.51075876,139.06511608617322,71.02872591645645,0,0.7303703703703703,5.0,6.392857142857143
907,13291,D,0.7734149,91.83414150949751,71.02589427576787,1,0.6205357142857143,11.666666666666668,9.173913043478262
908,114625,D,0.8002179,88.7544098112277,71.02286978706961,0,0.6602870813397129,10.333333333333334,9.0
909,104552,C,0.5977343,118.81954191970424,71.02251244578258,0,0.5428571428571428,12.333333333333334,6.642857142857143
910,54568,C,0.72956043,97.3366566093404,71.0129735196668,0,0.5238095238095238,2.333333333333333,9.625
911,100143,C,0.6299709,112.71705181328502,71.00846349649404,0,0.2941176470588235,-0.666666666666667,5.727272727272728
912,29834,C,0.9361407,75.8437925668057,71.0004622834013,1,0.1717171717171717,2.666666666666667,10.0
913,68249,C,0.7937311,89.45085329202304,70.99992358963772,0,0.6551724137931034,4.666666666666666,10.310344827586206
914,12856,D,0.5811682,122.16334455140056,70.99744797351737,0,0.7670299727520435,11.333333333333334,6.4423076923076925
915,10786,D,0.5863215,121.06212164901626,70.98132150448278,0,0.6618705035971223,9.333333333333334,7.075
916,34210,B,0.7573594,93.72021934400114,70.97988773039984,0,0.5844594594594594,15.0,7.857142857142857
917,197327,C,0.790787,89.75690418407929,70.97859133593043,1,0.72,2.6666666666666665,8.0
918,194281,D,0.77782893,91.24552146711066,70.97340649506965,0,0.7040816326530612,11.666666666666668,10.052631578947368
919,192928,C,0.68077743,104.23504271022682,70.96086454790778,0,0.4453125,11.666666666666666,5.6
920,24521,D,0.5725202,123.94238336333096,70.95951767014778,0,0.6871345029239766,7.0,6.961538461538462
921,120775,C,0.7797685,90.99637451584938,70.95610887798962,0,0.5875706214689266,3.333333333333334,9.8125
922,147730,C,0.89880496,78.94250486425187,70.9539151348304,0,0.3846153846153846,0.0,10.25
923,194710,C,0.75728816,93.67751441436572,70.94087233124446,1,0.6009852216748769,1.0,7.857142857142857
924,132573,B,0.76786673,92.36883652345898,70.92695651890774,1,0.5824468085106383,17.0,8.52
925,111802,D,0.5699794,124.42843188320066,70.92164658663647,0,0.7575757575757576,9.666666666666666,6.555555555555555
926,43591,D,0.5282406,134.25102442619777,70.91684452485478,0,0.6903553299492385,6.333333333333334,6.433962264150943
927,2253,B,0.7608466,93.20725815517147,70.91642684566084,0,0.7230769230769231,19.0,8.375
928,201360,D,0.7777768,91.17213860963264,70.91157218785614,1,0.6342281879194631,6.333333333333333,10.666666666666666
929,146325,C,0.74118847,95.65963985450814,70.90182177438481,1,0.6774193548387096,3.999999999999999,8.444444444444445
930,12817,C,0.9366326,75.69820593809787,70.90140544505039,1,0.1875,-2.666666666666667,8.166666666666666
931,105018,C,0.70076895,101.16798323702432,70.89538114395735,0,0.3888888888888889,-1.666666666666667,5.473684210526316
932,48062,C,0.74503285,95.15592537568834,70.89428998468341,1,0.6595744680851063,0.666666666666667,9.75
933,147078,D,0.5921008,119.72718408840008,70.8905613707841,0,0.6432432432432432,11.0,6.333333333333333
934,94222,D,0.59518635,119.1058258088529,70.89016205204172,0,0.6017699115044248,10.666666666666668,5.911764705882353
935,83640,C,0.7588924,93.41248137850508,70.89002376700802,1,0.5037593984962406,3.333333333333333,10.0
936,25564,B,0.74572784,95.0597221821586,70.88868101687093,0,0.75,12.999999999999998,11.176470588235292
937,187601,B,0.7631062,92.8840622290732,70.880406268731,1,0.4478371501272264,17.0,7.105263157894737
938,179021,C,0.6761645,104.81914973067028,70.87498879256137,0,0.3571428571428571,11.333333333333334,6.111111111111111
939,75362,D,0.654702,108.25376374551458,70.8739564729059,0,0.599388379204893,10.666666666666664,6.69811320754717
940,69087,C,0.52307105,135.49503264085416,70.87352908048395,0,0.7551020408163265,3.0000000000000004,6.784313725490196
941,127932,C,0.9145653,77.49112961346952,70.8707001227695,1,0.6842105263157895,0.6666666666666661,12.5
942,93488,C,0.5919985,119.70571476221794,70.86560567709999,0,0.6031746031746031,4.333333333333334,7.0588235294117645
943,65078,C,0.5559559,127.42463443353728,70.84247564186455,0,0.5673469387755102,3.333333333333333,5.569230769230769
944,185737,D,0.76764375,92.28250614021086,70.84008904646726,0,0.5876288659793815,10.0,8.333333333333334
945,150333,D,0.7690284,92.10433872897536,70.83085456836712,0,0.6938775510204082,10.666666666666666,9.961538461538462
946,50776,C,0.7363741,96.1854481509665,70.82847090897694,0,0.5377358490566038,5.666666666666666,8.45
947,178330,C,0.7445729,95.12243857404088,70.82558784040918,0,0.4897959183673469,3.666666666666667,8.818181818181818
948,184264,C,0.74905246,94.54824602576142,70.82159674343075,1,0.3915662650602409,0.666666666666667,9.666666666666666
949,90158,C,0.6545031,108.20455283216016,70.82021602786864,1,0.7295081967213115,3.666666666666666,7.642857142857143
950,130740,C,0.45349643,156.1509127262842,70.81388089171088,0,0.4615384615384615,9.0,3.4705882352941178
951,199364,C,0.7105171,99.65711884962424,70.80808792053621,0,0.6956521739130435,2.0,10.0
952,85547,D,0.77121943,91.81313332156252,70.80807256289512,0,0.5967741935483871,6.666666666666667,10.0
953,191832,D,0.7095051,99.79681745616617,70.80634907041924,0,0.6101694915254238,6.333333333333334,7.266666666666667
954,122072,D,0.7207884,98.2286119888078,70.80204596020764,0,0.6050420168067226,6.666666666666666,9.0625
955,174191,D,0.77532035,91.31499806236415,70.7983763605822,1,0.6857142857142857,9.333333333333332,10.566666666666666
956,138653,D,0.79489005,89.06148582631721,70.7940885759694,1,0.6603174603174603,10.666666666666666,10.695652173913045
957,176591,C,0.7924427,89.33035413457547,70.78918518261948,0,0.3623188405797101,2.6666666666666665,9.4
958,102547,D,0.6642854,106.56220384720102,70.78771848490933,0,0.815028901734104,7.666666666666667,8.204545454545455
959,33717,C,0.7718062,91.70720729325303,70.78018938323116,0,0.6925675675675675,3.666666666666667,11.357142857142858
960,163796,C,0.7851524,90.14200168997124,70.77520677706212,1,0.5319148936170213,-2.333333333333334,10.555555555555555
961,3686,C,0.92938185,76.14810046281907,70.77066228273384,1,0.4565217391304347,-2.0,10.4
962,169194,D,0.7332971,96.5084072007038,70.76933605275055,1,0.6595744680851063,7.666666666666667,6.75
963,160168,D,0.761492,92.93135055906347,70.76648129457452,0,0.6923076923076923,7.666666666666666,10.8
964,1106,C,0.8089742,87.47675469508685,70.76643821206937,1,0.625,6.000000000000001,11.5
965,50758,C,0.7334389,96.48511166972608,70.7659350429782,0,0.5256410256410257,10.666666666666666,8.5
966,82403,C,0.70857304,99.86753149356944,70.76344072189146,1,0.5652173913043478,1.666666666666667,8.23076923076923
967,169882,D,0.7067929,100.11897255108376,70.7633780558875,0,0.6713615023474179,10.333333333333332,9.083333333333334
968,101478,D,0.6663245,106.18834896515168,70.75589813386549,0,0.653125,9.333333333333332,8.054054054054054
969,145636,C,0.6887399,102.72267059006404,70.74920144061633,0,0.5352112676056338,10.0,8.333333333333334
970,7774,D,0.66249865,106.7887036816603,70.74737233777782,0,0.6763005780346821,7.666666666666666,7.303030303030303
971,152508,C,0.7825918,90.3951819392794,70.74252993168474,0,0.5257731958762887,7.333333333333334,8.38888888888889
972,148964,D,0.7944525,89.03899750976524,70.73725313826831,0,0.7222222222222222,10.666666666666666,7.848484848484849
973,117516,C,0.87721676,80.6290921322775,70.72919066722523,1,0.3970588235294117,2.666666666666667,11.5
974,1281,D,0.7805278,90.61141728138138,70.72472751422664,0,0.6712962962962963,6.0,10.952380952380953
975,15273,C,0.7419885,95.31449965724076,70.72226073131928,0,0.5,-1.0,10.0
976,149082,C,0.6266015,112.86363527904602,70.72052510261072,0,0.4375,5.666666666666666,5.916666666666667
977,3076,D,0.758762,93.20497055454118,70.72039005350122,1,0.6296296296296297,9.666666666666668,10.181818181818182
978,8052,D,0.7472486,94.63666801521065,70.71711673595668,1,0.7564766839378239,7.999999999999999,9.0
979,40438,C,0.5674885,124.61409092462584,70.71706248284453,0,0.6628571428571428,-0.6666666666666665,5.34375
980,56109,D,0.6569357,107.64249948733634,70.71419987140004,0,0.7322834645669292,10.666666666666668,7.952380952380952
981,197932,C,0.79008913,89.49705192127654,70.71064792598924,0,0.5714285714285714,1.333333333333334,10.6
982,160189,D,0.72786975,97.1381444089642,70.70391679600183,0,0.6973684210526315,14.333333333333336,10.085714285714284
983,191774,D,0.68582255,103.09146887167542,70.70245370215116,0,0.6294642857142857,14.0,7.233333333333333
984,102238,C,0.7243274,97.60818718282512,70.70028301826513,1,0.8031496062992126,3.333333333333333,8.88888888888889
985,14752,C,0.8578909,82.4092799684809,70.69817168600709,1,0.4358974358974359,6.666666666666668,8.181818181818182
986,82126,C,0.90403193,78.19399807170599,70.68987117524723,1,0.6363636363636364,0.0,11.6
987,21055,C,0.6903709,102.391790795896,70.68831453782602,0,0.5405405405405406,1.333333333333333,9.555555555555555
988,108632,D,0.74014014,95.50518613362098,70.68722184107085,0,0.5561797752808989,11.0,8.0
989,196178,D,0.59517086,118.75490610285358,70.67945906268864,0,0.6424581005586593,9.666666666666668,6.245614035087719
990,205899,D,0.54872686,128.7976111549406,70.67470832061761,1,0.6411149825783972,17.666666666666668,3.934065934065934
991,9047,C,0.7620817,92.73318734050864,70.67026344892342,1,0.5833333333333334,-2.333333333333333,9.22222222222222
992,19276,D,0.6565353,107.6399097470507,70.66940339080423,0,0.78,5.666666666666667,5.105263157894737
993,19527,C,0.540504,130.7397616617703,70.66536135630045,0,0.5456570155902004,0.0,5.212121212121212
994,91902,C,0.7468975,94.60839019751174,70.66277188055409,1,0.5319148936170213,9.333333333333332,8.0
995,183198,B,0.78599656,89.88805557586291,70.65170213351718,0,0.7023809523809523,19.666666666666668,10.333333333333334
996,52237,D,0.753492,93.76282988396368,70.64954200103683,1,0.672463768115942,10.666666666666668,9.384615384615383
997,85440,D,0.76085186,92.85398331029944,70.64812591435748,1,0.6159600997506235,10.0,11.5
998,158684,D,0.77405006,91.2701658908027,70.64767710418401,1,0.6721311475409836,7.666666666666668,10.296296296296296
999,72523,C,0.827895,85.32752018464748,70.64222610102127,0,0.4666666666666667,0.3333333333333339,11.444444444444445
1000,176797,C,0.8304385,85.06543083590101,70.64160833286796,0,0.5555555555555556,-1.333333333333333,11.4
1001,148852,D,0.5390595,131.03504332347913,70.63568752670244,0,0.703125,9.0,6.576923076923077
1002,56270,C,0.55115646,128.15655622120494,70.63431401143846,0,0.6022727272727273,1.333333333333334,6.033333333333333
1003,53336,C,0.83663434,84.42106073784717,70.62955825539913,1,0.3287671232876712,0.0,7.714285714285714
1004,112531,D,0.7060799,100.02210452234856,70.62359758540927,1,0.68,16.333333333333332,8.78125
1005,121436,C,0.617375,114.39286181751314,70.62329491917725,0,0.5836298932384342,4.666666666666666,6.484848484848484
1006,195450,C,0.6898684,102.36191836264236,70.61625187548557,0,0.6916666666666667,4.0,7.972972972972973
1007,193901,D,0.7630698,92.531785018351,70.60821147255467,0,0.6846153846153846,8.666666666666668,11.22222222222222
1008,94687,D,0.7618033,92.68503478478657,70.60776804669112,1,0.6162162162162163,6.333333333333333,10.5
1009,169448,B,0.7137561,98.9220301415536,70.60620089890251,0,0.625,14.0,8.038461538461538
1010,87791,C,0.7339343,96.20142069498156,70.60552074603127,1,0.7258064516129032,3.0,9.11111111111111
1011,119218,B,0.7612884,92.73922002132836,70.60129284133984,0,0.5993265993265994,18.666666666666668,8.8
1012,2822,C,0.9142439,77.21865693024297,70.5966842835458,0,0.3676470588235294,-2.0,9.444444444444445
1013,150794,C,0.62333554,113.24484585375312,70.58953717583324,1,0.5806451612903226,2.333333333333334,7.636363636363637
1014,102361,C,0.6492862,108.70025202131744,70.57757471933338,1,0.4285714285714285,0.6666666666666665,5.384615384615385
1015,81072,D,0.66842026,105.58464965181795,70.57491846379973,0,0.65625,6.666666666666666,8.789473684210526
1016,182547,D,0.77219015,91.38957714323422,70.57013161156208,0,0.7027027027027027,6.333333333333334,8.4375
1017,179054,D,0.78606737,89.76636984241472,70.56241395127188,0,0.5657894736842105,10.0,8.538461538461538
1018,145068,D,0.5745385,122.810450565239,70.55933560365901,0,0.5620253164556962,6.333333333333334,6.655172413793103
1019,41007,C,0.74493694,94.71286355891807,70.5551110474899,0,0.4875,16.666666666666664,6.875
1020,48882,C,0.5149895,136.99464418502868,70.55080266455558,0,0.6980568011958147,1.333333333333334,5.693548387096774
1021,100587,C,0.92314637,76.41910815902311,70.54602207196535,0,0.4141414141414141,0.0,10.5
1022,34343,C,0.7177417,98.28606700197328,70.54401155151113,1,0.4682539682539682,11.333333333333332,6.52
1023,47453,C,0.7307011,96.53668107075656,70.53945797770882,1,0.6111111111111112,2.333333333333333,6.363636363636363
1024,143416,C,0.48523086,145.37025046375422,70.53813210076636,0,0.7697368421052632,-0.6666666666666665,5.016949152542373
1025,159564,D,0.7748857,91.02394466187816,70.53315435534103,0,0.5775075987841946,6.666666666666667,8.285714285714286
1026,200249,D,0.66145384,106.631577695424,70.53186686424162,0,0.7527675276752768,7.666666666666668,7.863636363636363
1027,152070,C,0.6419986,109.85501119082092,70.52676218335398,0,0.4702380952380952,-1.0000000000000004,6.375
1028,96804,D,0.7919303,89.05038214138642,70.52169743644993,0,0.5910290237467019,5.666666666666667,10.666666666666666
1029,53712,C,0.74421597,94.75842243287708,70.52073081844041,0,0.6666666666666666,-0.333333333333333,7.846153846153846
1030,142597,C,0.67605203,104.30935776096943,70.51855346923284,0,0.5107913669064749,7.333333333333333,6.642857142857143
1031,59585,D,0.62227494,113.31941385679798,70.51583091979856,1,0.6277173913043478,8.999999999999998,7.020833333333333
1032,165389,D,0.6056183,116.43547343599518,70.51545325538902,1,0.6512455516014235,13.333333333333332,6.135135135135135
1033,194605,C,0.5504678,128.09367854148462,70.51144403378416,0,0.84,4.333333333333333,5.589285714285714
1034,160514,C,0.8862215,79.55580165960407,70.50406411227829,1,0.4615384615384615,3.000000000000001,11.0
1035,44031,D,0.7690055,91.6783694383694,70.50116825981381,0,0.639344262295082,10.0,11.20689655172414
1036,115990,C,0.77894485,90.50784748884658,70.50062168312229,1,0.6190476190476191,4.333333333333334,10.655172413793103
1037,35871,C,0.66671187,105.73816693115496,70.49689067256165,1,0.5853658536585366,1.0,8.214285714285714
1038,105585,D,0.78882486,89.36340758559238,70.49207714551041,1,0.603448275862069,9.666666666666666,10.419354838709678
1039,910,C,0.9133096,77.17986314027779,70.48910793584248,1,0.4,2.333333333333333,8.454545454545455
1040,57582,D,0.7930637,88.87838958067057,70.48622450858616,0,0.6038961038961039,6.000000000000001,11.217391304347826
1041,110911,D,0.70325214,100.22738503229442,70.48512268054691,0,0.7068965517241379,8.0,9.214285714285714
1042,172202,D,0.5914697,119.15939109550791,70.47916991173092,0,0.8038740920096852,10.0,7.0227272727272725
1043,173470,D,0.7892723,89.29098930110794,70.47490524050573,1,0.6241830065359477,12.666666666666668,10.212121212121213
1044,162933,B,0.714442,98.64287442787808,70.47461394148156,1,0.6728624535315985,13.666666666666666,8.88888888888889
1045,89183,C,0.90475374,77.89173041536125,70.47283476684343,1,0.4104477611940298,0.0,11.6
1046,80963,C,0.8544636,82.46444011112898,70.46286049496481,1,0.536,0.0,9.846153846153848
1047,1285,C,0.5080925,138.66298732795306,70.45362702564489,0,0.6012861736334405,2.333333333333333,5.133333333333334
1048,143731,D,0.5403639,130.3783250619056,70.45174122469865,0,0.6521739130434783,14.666666666666668,6.611111111111111
1049,38781,B,0.74843955,94.12420115473732,70.44627479399009,0,0.6938388625592417,13.0,10.09375
1050,24019,B,0.68387014,103.01039015250286,70.44572959900869,0,0.7820299500831946,20.0,6.072727272727272
1051,48921,D,0.8540755,82.47055857237983,70.4360828410779,1,0.5752212389380531,10.0,8.636363636363637
1052,173278,C,0.69957507,100.6835294176469,70.43568679449719,0,0.5928853754940712,1.0,8.894736842105264
1053,60021,D,0.7657552,91.960003513148,70.41884872521494,1,0.6470588235294118,6.666666666666668,9.63157894736842
1054,59786,C,0.5363146,131.29681714935484,70.41640084602814,0,0.5471380471380471,3.666666666666667,5.470588235294118
1055,191139,D,0.66720724,105.53247763599212,70.41203324556227,0,0.6343042071197411,6.666666666666668,8.0
1056,199449,C,0.6521795,107.95447300872216,70.40569202721261,0,0.7450980392156863,3.666666666666667,7.263157894736842
1057,37928,D,0.5761606,122.19751041194962,70.40539210547614,0,0.6674528301886793,9.666666666666666,7.0
1058,76301,D,0.6233458,112.9420361877892,70.4019430307241,0,0.6820702402957486,15.666666666666668,7.0
1059,101579,D,0.64782447,108.67352670984845,70.4013694339746,0,0.708502024291498,8.666666666666668,7.733333333333333
1060,108466,D,0.78136414,90.0970859369051,70.39863233040403,0,0.7796610169491526,9.0,6.652173913043479
1061,85496,D,0.75689137,93.00755350414371,70.3966145753249,0,0.6335877862595419,12.333333333333334,7.741935483870968
1062,110600,C,0.8496941,82.83951385099402,70.38824394597764,0,0.4395604395604395,4.666666666666666,9.625
1063,61600,D,0.78654677,89.48915526279464,70.38740573185265,0,0.6855345911949685,6.0,11.6
1064,116231,C,0.55339754,127.1901001358192,70.38668805408534,0,0.6527196652719666,-0.6666666666666661,6.68
1065,119712,D,0.73178124,96.17804628828787,70.38129038506598,0,0.5955056179775281,15.666666666666668,8.133333333333333
1066,65996,D,0.57609713,122.16884708835728,70.38112227774752,0,0.69164265129683,6.333333333333334,5.880952380952381
1067,205385,D,0.68374765,102.9322068244778,70.37965444246481,1,0.7434402332361516,8.666666666666668,8.954545454545455
1068,61389,D,0.5824852,120.82516212783578,70.37886860317187,0,0.7767441860465116,7.666666666666667,6.795454545454546
1069,12861,C,0.8652669,81.33347933357035,70.3751690855738,1,0.5194805194805194,4.333333333333334,9.214285714285714
1070,22853,C,0.8953088,78.6019698295265,70.37303470335505,1,0.4444444444444444,-0.333333333333333,11.6
1071,191080,D,0.78610706,89.5183977415775,70.37104475936712,1,0.6275659824046921,5.333333333333334,10.363636363636363
1072,179705,C,0.7300237,96.38444252692705,70.36292563234619,1,0.5433070866141733,10.0,8.6
1073,5317,C,0.63500816,110.80535317920952,70.36230303045488,0,0.4666666666666667,1.3333333333333337,6.666666666666667
1074,38686,C,0.6811691,103.28612222060076,70.35531415687883,0,0.6805845511482255,3.333333333333333,8.464285714285714
1075,66072,C,0.7358299,95.60391962440268,70.34822163921743,1,0.5802469135802469,0.333333333333333,10.25
1076,39712,D,0.7513319,93.62422187613892,70.34286688554138,0,0.7543352601156069,11.333333333333334,8.24
1077,34027,D,0.79629004,88.33415311315545,70.33960631726943,0,0.6388888888888888,6.333333333333333,11.125
1078,81133,C,0.7942037,88.53217234842977,70.31257872732317,0,0.3888888888888889,0.0,7.5
1079,46356,C,0.49918637,140.84299017861184,70.30690055601546,0,0.6023206751054853,0.3333333333333339,4.723076923076923
1080,114858,C,0.8059389,87.23367806441254,70.30501450005808,1,0.5707070707070707,4.333333333333332,11.294117647058824
1081,205485,D,0.56882447,123.59702140966772,70.30501020227011,0,0.8007566204287516,8.333333333333334,6.363636363636363
1082,48210,C,0.4693623,149.78334087595798,70.30265168468726,0,0.7313432835820896,3.0,4.458333333333333
1083,131817,C,0.6967875,100.89419527522362,70.3018117233179,0,0.6304347826086957,3.666666666666666,8.933333333333334
1084,123241,C,0.7415654,94.80153022248004,70.30153527942622,0,0.5279187817258884,15.0,7.470588235294118
1085,158820,C,0.69235796,101.53505711208,70.29860474286832,0,0.6347826086956522,2.666666666666666,9.04
1086,193589,C,0.71415764,98.43538045925708,70.29837909322286,0,0.3565217391304348,2.333333333333333,8.11111111111111
1087,179135,D,0.74506146,94.3474153713064,70.29462277555503,1,0.7083333333333334,8.333333333333334,6.1875
1088,168706,C,0.7733237,90.89302390759076,70.28973089154472,0,0.4894736842105263,-2.333333333333333,7.3
1089,39,C,0.8290588,84.7772829047374,70.28535463390237,1,0.5177304964539007,2.999999999999999,12.0
1090,177217,C,0.73733294,95.321025617658,70.28333207216994,0,0.7045454545454546,4.0,9.636363636363637
1091,197275,B,0.75697196,92.84606238567012,70.28186538592868,0,0.68,17.666666666666668,9.9375
1092,123248,C,0.4177568,168.21881757163158,70.27455423598177,0,0.9215686274509804,0.6666666666666666,2.3703703703703702
1093,113550,D,0.7589345,92.59456877792071,70.27321255755777,0,0.5983606557377049,9.666666666666666,9.076923076923077
1094,32187,C,0.5373435,130.775107125737,70.27115404321141,1,0.5649122807017544,3.333333333333333,6.303030303030303
1095,129073,D,0.55273753,127.12779049673226,70.2683014279023,0,0.7254901960784313,6.0,6.061224489795919
1096,23077,C,0.917145,76.61563007617146,70.26764310421115,0,0.4615384615384615,3.0,11.75
1097,152220,C,0.7568611,92.8200607598314,70.2518924218223,0,0.6487119437939111,0.9999999999999996,8.964285714285714
1098,41459,D,0.80953455,86.7651499186103,70.23938657015482,1,0.6201923076923077,8.0,8.628571428571428
1099,179804,C,0.68159,103.049637306387,70.23760442031399,0,0.5450643776824035,-1.333333333333334,7.1875
1100,151381,C,0.97370607,72.13121215917204,70.23459887120549,1,0.4375,0.0,10.0
1101,38235,C,0.8093603,86.77595601426653,70.23301599108878,0,0.5652173913043478,-0.6666666666666661,11.428571428571429
1102,151077,B,0.68143576,103.06548311492652,70.23250621153672,0,0.6855895196506551,17.666666666666668,7.076923076923077
1103,66973,D,0.6679912,105.13190557411572,70.22718996536726,0,0.6196581196581197,6.666666666666667,8.0
1104,156531,D,0.67356163,104.2596897330074,70.22532683439631,1,0.6166495375128469,7.333333333333334,9.0
1105,188515,D,0.68453044,102.5872728971962,70.22411074620146,1,0.71,10.333333333333334,8.675
1106,21441,C,0.67252463,104.40908937396853,70.21768430671811,0,0.583710407239819,3.333333333333333,7.84
1107,66364,C,0.82147485,85.47674451708086,70.21699589585208,0,0.5671641791044776,2.333333333333334,10.7
1108,158620,C,0.59172434,118.6607603119154,70.21445962230301,0,0.67590618336887,3.0,6.928571428571429
1109,61999,D,0.77344614,90.7721529670634,70.2073715745434,0,0.630057803468208,11.666666666666664,11.117647058823527
1110,142892,C,0.6725894,104.37405791553742,70.20088720925052,0,0.6256684491978609,-1.0,7.375
1111,90965,C,0.6867645,102.2145295122771,70.19730807437531,0,0.5168539325842697,3.333333333333334,9.375
1112,65455,C,0.63381195,110.75194568268064,70.19590673514323,0,0.4867256637168141,0.333333333333333,6.357142857142857
1113,150069,C,0.656482,106.899539880785,70.1776217385872,0,0.5507246376811594,2.333333333333334,8.0
1114,91,C,0.72962266,96.17425239248384,70.17091405294737,0,0.6122448979591837,-2.0,10.066666666666666
1115,37393,C,0.5040781,139.19811787220215,70.16672141518569,0,0.6142131979695431,4.666666666666667,5.157894736842105
1116,42614,C,0.7067004,99.28259475550394,70.16304789947367,0,0.7040816326530612,2.333333333333333,9.5
1117,72467,D,0.71554476,98.05430527632768,70.1622443581949,0,0.6456692913385826,13.0,9.2
1118,137534,C,0.788928,88.93172481068291,70.16072532952256,1,0.445859872611465,-3.0,10.142857142857142
1119,8596,B,0.6792029,103.2844939805909,70.15112930721203,0,0.4914529914529914,19.0,5.848484848484849
1120,89618,C,0.6232572,112.55376929575242,70.14994932831469,0,0.65,-3.6666666666666665,7.866666666666666
1121,92719,D,0.79557973,88.16930502580301,70.1457120158299,0,0.7524752475247525,7.333333333333333,12.090909090909092
1122,33423,D,0.77638006,90.3496246426957,70.14564719110335,0,0.6206896551724138,15.666666666666668,10.0
1123,39926,C,0.8842758,79.3224195229951,70.14289550801665,1,0.5056179775280899,0.3333333333333321,12.428571428571429
1124,150584,C,0.7461428,93.99462468871585,70.13341288469182,0,0.746268656716418,5.0,11.466666666666669
1125,194885,B,0.747069,93.87216956338769,70.12898795599196,1,0.6902654867256637,19.666666666666664,11.137931034482758
1126,173152,D,0.6660772,105.2755023764512,70.12161149335827,0,0.8108108108108109,13.0,8.30232558139535
1127,14232,D,0.70868105,98.94615448538264,70.1212643536378,0,0.6857923497267759,5.666666666666668,9.172413793103448
1128,42926,D,0.7435217,94.3076250895823,70.11976482125937,0,0.6842105263157895,15.333333333333332,9.0625
1129,204266,D,0.71873033,97.55998416742086,70.11931966102755,1,0.6423841059602649,5.333333333333333,9.23076923076923
1130,20037,C,0.72395545,96.85553747641158,70.11909445526503,1,0.490566037735849,1.666666666666667,10.142857142857142
1131,99596,C,0.77516425,90.45530767227592,70.11772041905523,0,0.6348773841961853,3.666666666666667,10.357142857142858
1132,109071,C,0.8700834,80.58053278528685,70.11178326810892,1,0.6132596685082873,0.6666666666666679,12.833333333333334
1133,7825,C,0.51251405,136.7985736196944,70.11119165329849,0,0.8666666666666667,-0.6666666666666665,4.5625
1134,32860,C,0.52631724,133.20979448020125,70.11061121295782,0,0.6889763779527559,2.333333333333333,4.722222222222222
1135,33807,D,0.6068161,115.53603646007596,70.10912855556896,0,0.7480106100795756,7.333333333333333,7.181818181818182
1136,162718,C,0.7479345,93.7200575470938,70.09646627878175,1,0.6624737945492662,3.666666666666666,9.11111111111111
1137,87692,C,0.9214015,76.06843181907594,70.08956723413706,1,0.4324324324324324,0.0,11.6
1138,28688,C,0.5542193,126.46416316757896,70.08888068330785,1,0.7309417040358744,3.666666666666666,7.021739130434782
1139,175764,C,0.7111098,98.5599121466278,70.08692109288876,0,0.4861111111111111,0.3333333333333339,8.5
1140,33631,D,0.71361166,98.21030792657017,70.08402110310217,0,0.7258064516129032,13.333333333333334,7.515151515151516
1141,186937,D,0.6653243,105.32909187215824,70.07800123599657,0,0.6919831223628692,9.666666666666666,8.11111111111111
1142,164665,C,0.7263816,96.474797140991,70.07751749760071,0,0.6111111111111112,3.0,10.428571428571429
1143,15759,C,0.8945815,78.33262814385756,70.07491972659437,1,0.5631067961165048,2.666666666666666,12.333333333333334
1144,169905,C,0.9187186,76.27414212789371,70.0744712742552,0,0.2452830188679245,6.333333333333332,8.714285714285714
1145,79801,C,0.6466107,108.37007044124864,70.07324464080928,0,0.5796460176991151,-0.333333333333333,7.8
1146,125652,C,0.7623839,91.9122251160314,70.07239864080522,0,0.5133689839572193,2.666666666666666,9.266666666666667
1147,177876,D,0.7878549,88.93492534471159,70.06781759414088,0,0.608843537414966,12.0,10.4375
1148,5223,C,0.86937255,80.59346750839127,70.06574809296337,1,0.46875,1.0000000000000009,9.22222222222222
1149,142403,C,0.71466774,98.0266918677719,70.05651409017963,0,0.5193798449612403,3.0,8.409090909090908
1150,146362,D,0.75577486,92.69477903146674,70.05638323865139,1,0.6940639269406392,6.666666666666667,11.444444444444445
1151,5122,C,0.7583178,92.38106418308575,70.05420795612751,0,0.5714285714285714,2.0,10.083333333333334
1152,49484,D,0.7753708,90.33697833566234,70.04465305263392,0,0.6467065868263473,13.333333333333332,10.772727272727272
1153,11042,D,0.7175621,97.61368076898466,70.04387575337238,1,0.5927272727272728,10.0,9.22222222222222
1154,12669,D,0.7083413,98.86815184883008,70.03239525739774,1,0.7466216216216216,8.666666666666668,9.258064516129032
1155,37289,C,0.77942026,89.84947240008363,70.03049883476724,0,0.5572916666666666,4.666666666666666,10.157894736842104
1156,126898,C,0.4804571,145.74913637468677,70.02620699539004,0,0.5540540540540541,-1.3333333333333337,4.405797101449275
1157,70687,C,0.69020903,101.448955879524,70.02098554422436,1,0.5483870967741935,0.0,7.117647058823529
1158,195563,C,0.5866008,119.36426314108486,70.01916992082326,0,0.4702380952380952,4.0,5.789473684210527
1159,44668,C,0.6929255,101.0477390826431,70.01855642017931,0,0.5135135135135135,10.0,6.875
1160,15307,C,0.77628696,90.19069834468098,70.01386300653424,1,0.5555555555555556,5.0,8.1875
1161,11083,D,0.6829177,102.51607744567576,70.01004526964292,0,0.6410256410256411,7.0,8.45945945945946
1162,191360,D,0.7644023,91.58671303001545,70.00909137102248,0,0.6325459317585301,5.000000000000001,10.1
1163,82274,D,0.5569947,125.675398606742,70.00052800227729,0,0.7050691244239631,14.666666666666666,6.513513513513513
1164,61357,D,0.78195775,89.51914589534722,70.00018950807193,0,0.74609375,12.666666666666668,11.214285714285714
1165,104978,D,0.72927815,95.98528515954746,69.99997092159684,0,0.7681159420289855,10.666666666666668,10.96875
1166,70271,C,0.5104216,137.1346145832688,69.99646584134919,0,0.7142857142857143,-1.6666666666666663,3.678571428571429
1167,180275,D,0.6028096,116.1167869533276,69.99631482353861,1,0.6504854368932039,11.666666666666666,5.659574468085107
1168,65639,C,0.64279026,108.89053004975244,69.99377189689706,0,0.4545454545454545,10.333333333333332,6.05
1169,150783,B,0.75707614,92.4519260817264,69.9931477235221,0,0.6009615384615384,16.333333333333332,9.666666666666666
1170,125321,C,0.7005672,99.90639321377748,69.99114074507231,0,0.5137614678899083,5.0,7.625
1171,105592,C,0.7334952,95.42036261342577,69.99037565370533,1,0.49,6.333333333333334,7.6875
1172,69667,C,0.754856,92.70902084817884,69.98195975227956,0,0.4954545454545455,1.9999999999999991,9.692307692307692
1173,129226,C,0.8084679,86.5408229003073,69.96547948294443,1,0.5461538461538461,-0.3333333333333339,10.857142857142858
1174,142507,C,0.9084556,77.01520220201606,69.9648925169057,1,0.28125,0.0,10.333333333333334
1175,48221,C,0.86379725,80.99147461420984,69.96021283541681,1,0.4125,3.666666666666667,8.76923076923077
1176,134818,C,0.69904834,100.07209751136784,69.95523367772164,1,0.5,-2.333333333333333,7.3
1177,16546,D,0.7568622,92.42346506768872,69.95182924220438,0,0.6565295169946332,7.666666666666667,11.066666666666666
1178,180690,C,0.48102492,145.38670620046295,69.93462885586274,0,0.5530973451327433,1.0,4.756756756756757
1179,80389,D,0.7563445,92.45657958558029,69.92902519984133,0,0.6544502617801047,15.666666666666668,9.9375
1180,12175,C,0.81055623,86.25981749409236,69.91843272117437,1,0.5921052631578947,2.000000000000001,11.818181818181818
1181,100854,C,0.7549315,92.60603048673808,69.91121038367294,1,0.7186544342507645,4.333333333333334,9.523809523809524
1182,125404,C,0.70134234,99.6755492367615,69.90668336951131,1,0.6963562753036437,4.666666666666667,9.125
1183,194195,C,0.7665633,91.19367478559344,69.90572394700114,0,0.5059523809523809,7.000000000000001,8.35
1184,119629,C,0.933455,74.88335694616752,69.90024323832831,1,0.3333333333333333,-1.333333333333334,10.2
1185,161080,C,0.4664567,149.84141043737844,69.8945315280143,0,0.7182320441988951,1.666666666666666,4.676470588235294
1186,73053,C,0.7964262,87.75272326030975,69.88856590972736,0,0.3861386138613861,1.6666666666666663,8.642857142857142
1187,176607,C,0.7042551,99.2215891535289,69.87731059480735,1,0.5851393188854489,4.333333333333333,7.4375
1188,6795,C,0.8205289,85.16107582952208,69.87712595669534,0,0.5306122448979592,1.333333333333333,11.142857142857142
1189,128117,D,0.76243794,91.64566451202252,69.87413162783886,0,0.6448979591836734,14.0,11.566666666666666
1190,13591,C,0.6668007,104.77955989024032,69.8670815519185,0,0.4545454545454545,3.333333333333333,7.0
1191,143525,D,0.58180106,120.08430960604036,69.86517824132318,0,0.6333333333333333,11.666666666666668,5.928571428571429
1192,30726,C,0.7728434,90.3962412881511,69.86214031797735,1,0.4945054945054945,3.666666666666666,8.545454545454545
1193,10776,C,0.72980523,95.72366534945188,69.85963171155595,1,0.6954314720812182,5.0,8.485714285714286
1194,66268,C,0.7589345,92.0469449332547,69.85760193000465,1,0.5127118644067796,12.333333333333332,9.23076923076923
1195,34041,D,0.6563591,106.42629154344355,69.85386243276787,1,0.7111111111111111,5.999999999999999,7.545454545454546
1196,116250,C,0.56700647,123.1822929956583,69.8451569668155,0,0.5094339622641509,10.333333333333334,5.846153846153846
1197,161969,D,0.59824646,116.74178341599917,69.84035810147978,0,0.7730061349693251,6.999999999999999,6.333333333333333
1198,81775,B,0.7552256,92.47564569981462,69.8399748991784,0,0.6153846153846154,17.0,9.5
1199,97350,D,0.59955937,116.48509521893574,69.83972991980767,0,0.7266355140186916,11.0,7.416666666666667
1200,186244,D,0.7750546,90.09783063154606,69.8307357396064,1,0.648068669527897,10.666666666666668,10.782608695652174
1201,36853,C,0.81296134,85.89631692239631,69.8303849020494,0,0.288135593220339,0.0,10.0
1202,92902,D,0.50656945,137.83474422756368,69.82286990343475,1,0.6468646864686468,6.333333333333333,6.96
1203,176594,C,0.69270194,100.78996581019274,69.8174044227239,0,0.5051546391752577,-0.9999999999999996,7.666666666666667
1204,197675,C,0.78511983,88.92562567587211,69.81727225218994,1,0.4897959183673469,3.0,9.375
1205,196156,C,0.77949417,89.55671105834118,69.80893382963734,0,0.6759259259259259,4.999999999999999,10.541666666666666
1206,65093,C,0.91481286,76.30123887864563,69.80135477933636,1,0.2448979591836734,-1.0000000000000004,9.6
1207,149171,C,0.7354931,94.9009716434072,69.79901206016883,0,0.6322314049586777,-2.333333333333333,9.916666666666666
1208,205650,D,0.64258295,108.61308420210732,69.7929163784457,1,0.6961325966850829,15.333333333333332,7.92
1209,66464,D,0.5501558,126.85443450053032,69.78970523822059,0,0.6568265682656826,7.666666666666666,6.617021276595745
1210,3594,C,0.54299355,128.52559631160253,69.78856923288072,0,0.5615942028985508,0.666666666666667,6.769230769230769
1211,54496,C,0.9178791,76.03007901006843,69.7864208455129,1,0.24,1.0,9.8
1212,158906,D,0.49023974,142.35139691598388,69.78631172988447,1,0.8235294117647058,12.333333333333332,6.37037037037037
1213,65009,D,0.59051526,118.176202872385,69.78485068379035,0,0.6323907455012854,15.333333333333334,5.674418604651163
1214,122893,B,0.7186322,97.09927705408664,69.77866914842126,0,0.5848214285714286,20.666666666666664,7.95
1215,84225,C,0.5813949,120.01830407139704,69.77803119144274,1,0.6174957118353345,3.666666666666667,7.045454545454546
1216,31669,D,0.7040342,99.1019363321232,69.77115338086931,1,0.5770750988142292,10.666666666666668,6.5813953488372094
1217,33262,C,0.8796354,79.31683353365909,69.76989408603553,1,0.5473684210526316,-4.666666666666667,12.5
1218,193766,C,0.5239624,133.14892655696428,69.76502825376075,0,0.3979591836734694,14.666666666666666,5.48
1219,111058,D,0.7065351,98.74062193649452,69.76371528647242,0,0.6142857142857143,11.666666666666668,7.451612903225806
1220,191494,D,0.8119175,85.92000628832383,69.759955314264,0,0.684931506849315,8.0,7.944444444444445
1221,115638,D,0.75473326,92.42278772535435,69.7545522891803,0,0.7377777777777778,12.333333333333332,10.346153846153848
1222,142327,C,0.83357394,83.67644877322628,69.75050687289287,0,0.3125,1.666666666666666,10.4
1223,111277,B,0.7197748,96.9006865959776,69.74667063399424,0,0.6611570247933884,15.333333333333336,9.17948717948718
1224,140555,C,0.7259833,96.06745648013396,69.74337115952048,0,0.473469387755102,3.000000000000001,8.526315789473685
1225,11746,C,0.6034154,115.57766906558771,69.74134883046894,1,0.3716814159292035,1.6666666666666663,4.517241379310345
1226,168091,C,0.7830113,89.06201614014611,69.7365665751138,0,0.6344086021505376,2.0,10.882352941176473
1227,201335,C,0.7489096,93.1159286773029,69.73541221294143,0,0.4736842105263157,-3.0000000000000004,9.833333333333334
1228,73563,C,0.87217873,79.95493165430443,69.73499101524483,0,0.6666666666666666,-1.333333333333333,10.5
1229,63350,B,0.7559289,92.24797845379096,69.73291048280873,0,0.625,18.33333333333333,10.666666666666666
1230,160844,D,0.7502876,92.9405801499806,69.73216411801435,0,0.7689655172413793,7.0,9.451612903225806
1231,42850,C,0.742415,93.92537927669429,69.73161148222758,1,0.6170212765957447,0.3333333333333339,10.0
1232,9605,C,0.7676386,90.83155197606852,69.72580754875649,0,0.6192468619246861,-2.333333333333333,11.416666666666666
1233,196594,D,0.6552261,106.40795675946327,69.72127173080452,0,0.6610169491525424,13.0,8.083333333333334
1234,81028,C,0.82452935,84.55711944923881,69.71982672077367,0,0.5411255411255411,0.333333333333333,8.363636363636363
1235,199120,D,0.5587398,124.75299954798932,69.70446369390534,0,0.6427350427350428,10.333333333333332,6.020833333333333
1236,135310,D,0.7801947,89.34015752361819,69.70271737603025,0,0.6705882352941176,13.333333333333334,10.727272727272728
1237,181081,C,0.77140075,90.354023195779,69.69916123013343,0,0.704,0.3333333333333339,11.583333333333334
1238,168539,B,0.71256906,97.81009255457757,69.69644550878007,0,0.6575875486381323,17.0,8.0
1239,111409,C,0.7489244,93.05454730885742,69.69081864514673,0,0.5408163265306123,1.3333333333333337,8.625
1240,147392,B,0.77310705,90.14280456476484,69.69003788249886,1,0.6470588235294118,12.666666666666668,11.25
1241,187480,D,0.7448189,93.56538264648468,69.6892678002048,1,0.5632183908045977,6.666666666666667,9.3
1242,1050,D,0.78296477,89.00270766837741,69.68598418521094,1,0.6274509803921569,10.333333333333336,11.538461538461538
1243,124253,D,0.75951743,91.74415928651428,69.68128819432411,0,0.6424242424242425,6.666666666666667,10.6
1244,192778,D,0.5524924,126.11093980290786,69.67533329367977,0,0.7239583333333334,6.666666666666667,6.333333333333333
1245,61136,D,0.78853935,88.35047851081177,69.66782890000295,1,0.6443514644351465,10.666666666666668,11.5
1246,46237,D,0.7796046,89.36281428872554,69.6676623199429,0,0.6722222222222223,11.666666666666668,10.454545454545457
1247,59422,D,0.51974046,134.04005853192325,69.66604198852464,0,0.759493670886076,5.666666666666667,6.660377358490566
1248,63292,D,0.7750558,89.8755573235743,69.65857429259597,1,0.6481481481481481,10.333333333333332,10.75
1249,191329,C,0.7647787,91.08000083273627,69.65604223279477,0,0.7564102564102564,3.000000000000001,12.22222222222222
1250,17670,C,0.9453884,73.67083837087158,69.64755429850928,1,0.3289473684210526,1.333333333333333,11.833333333333334
1251,175550,C,0.79773986,87.30006869662024,69.64274487647627,1,0.3738317757009345,-1.0,8.88888888888889
1252,36134,B,0.7644874,91.09220388114248,69.63884080728394,0,0.6818181818181818,15.333333333333332,10.37037037037037
1253,104248,D,0.8017636,86.85223398437628,69.63495927931748,0,0.5866666666666667,8.333333333333332,10.7
1254,125694,C,0.539184,129.14466867627604,69.63273571214707,0,0.5619047619047619,3.333333333333333,6.290322580645161
1255,18379,C,0.8142213,85.51981437104979,69.63205636026944,1,0.4177215189873418,3.0000000000000004,8.8
1256,153800,C,0.85508215,81.42831257900949,69.627896938955,1,0.3669724770642202,0.666666666666667,11.0
1257,97372,C,0.71687174,97.1227917405081,69.62458455656564,1,0.4685598377281947,8.0,7.880952380952381
1258,59586,C,0.9071898,76.74671521914057,69.62383618917647,1,0.32,1.0,10.6
1259,183078,D,0.6993737,99.54371717687236,69.61825999131128,0,0.6065573770491803,10.0,7.8076923076923075
1260,36391,C,0.70878464,98.21905345670392,69.61615642927963,1,0.5,0.333333333333333,10.142857142857142
1261,8813,C,0.93674827,74.31107767381114,69.61077317188924,0,0.2903225806451613,0.0,10.25
1262,47127,B,0.7019819,99.1624983101295,69.61027918296365,0,0.6170212765957447,18.0,8.857142857142858
1263,125320,C,0.8938442,77.86865781142959,69.60244715445894,0,0.5517241379310345,3.0,12.166666666666666
1264,86978,D,0.7541396,92.28317347169144,69.59439573024572,0,0.7595744680851064,12.333333333333336,9.433333333333334
1265,146468,C,0.7390732,94.16162390617338,69.59233429028822,1,0.6025236593059937,4.333333333333333,10.6
1266,74196,C,0.8261161,84.2402467112302,69.59222281693741,0,0.6162790697674418,3.0,8.285714285714286
1267,94911,D,0.74580765,93.30663165488431,69.58879946981345,1,0.7444444444444445,14.666666666666668,11.296296296296296
1268,125229,D,0.54875016,126.81105974113296,69.58758959214333,0,0.6648501362397821,8.333333333333332,6.354166666666667
1269,158085,C,0.89861983,77.43614370889644,69.58565434265375,1,0.4878048780487805,0.0,12.4
1270,38572,D,0.79106826,87.96176853337056,69.58376281969052,0,0.7833333333333333,12.666666666666668,6.642857142857143
1271,174104,C,0.6608345,105.28194309098438,69.57393930064735,0,0.6757990867579908,3.333333333333333,8.56
1272,177476,D,0.7402506,93.98393553208555,69.57166348974665,0,0.5814814814814815,9.666666666666666,8.846153846153847
1273,74449,D,0.71100676,97.84843633119708,69.57089974534864,1,0.604,11.333333333333332,8.84
1274,193197,C,0.5864649,118.62154543670124,69.56737063497135,0,0.4594594594594595,1.6666666666666663,5.133333333333334
1275,1999,C,0.9264691,75.08852755956562,69.56719961739138,1,0.2040816326530612,2.666666666666667,10.0
1276,146842,C,0.8906861,78.09561288494986,69.5586764584546,1,0.6363636363636364,1.666666666666667,9.636363636363637
1277,55247,C,0.7347999,94.65977035805012,69.55599182949632,0,0.6415094339622641,3.333333333333333,7.5
1278,187416,C,0.5535438,125.64180238228118,69.54824149294282,0,0.6524822695035462,5.0,6.723404255319149
1279,101531,C,0.6232801,111.5794025438762,69.54522206533383,1,0.5,1.3333333333333337,5.5
1280,74355,C,0.780106,89.1476937349212,69.5446514866653,0,0.5392670157068062,11.333333333333332,7.472222222222222
1281,169543,D,0.6223471,111.7344548662076,69.5376157963693,0,0.828125,11.333333333333332,7.0
1282,118558,C,0.77487516,89.73925328471452,69.53671860910079,1,0.2985074626865671,2.6666666666666665,7.111111111111111
1283,169434,C,0.72631836,95.72346811551203,69.52571231534384,1,0.7454545454545455,4.333333333333333,9.8
1284,161017,C,0.7277174,95.53419265820592,69.52189425384447,0,0.4918032786885246,4.666666666666667,8.076923076923077
1285,17802,B,0.68633246,101.28933525057737,69.51815906154603,0,0.5675675675675675,21.0,6.689655172413793
1286,105311,C,0.9442264,73.6173949892311,69.51148668217388,1,0.1794871794871795,0.0,7.8
1287,91300,C,0.85047686,81.7315427440453,69.51078591764796,1,0.6046511627906976,-1.333333333333333,8.857142857142858
1288,29411,D,0.5627431,123.5189823194434,69.50945839704366,1,0.6590330788804071,9.333333333333332,7.022222222222222
1289,162047,D,0.7032568,98.83778958630116,69.50834622691782,0,0.6007067137809188,8.666666666666666,7.822222222222222
1290,90509,C,0.7006635,99.2036021647038,69.5083437982374,0,0.5975103734439834,1.666666666666666,9.27777777777778
1291,96978,D,0.78366446,88.67091085269507,69.48824191005622,0,0.6946107784431138,9.333333333333332,10.304347826086955
1292,50519,B,0.7607708,91.3279000364696,69.4795993657043,0,0.6510416666666666,20.0,10.77777777777778
1293,45976,D,0.80235463,86.58451739262559,69.47148874601429,1,0.5761589403973509,7.666666666666666,8.75
1294,178856,B,0.7418961,93.63862936997546,69.47013327331814,1,0.7578125,15.666666666666664,10.857142857142858
1295,2419,C,0.69606066,99.79963075475384,69.46659660153301,0,0.3851351351351351,0.3333333333333339,6.583333333333333
1296,76901,D,0.59134996,117.47070683525622,69.46629771460205,0,0.7549194991055456,6.333333333333334,6.596153846153846
1297,112923,D,0.67197335,103.37530736466074,69.46545135561357,0,0.6332046332046332,12.0,8.1875
1298,21368,D,0.74455833,93.2890805002688,69.45916239037786,0,0.7625,11.666666666666668,8.052631578947368
1299,197801,C,0.70256484,98.86390765600848,69.45830502401589,0,0.6,3.0,10.153846153846152
1300,195825,D,0.6057521,114.66178298095552,69.45661703225828,1,0.75,6.666666666666668,5.627118644067797
1301,102665,C,0.50247467,138.22908376914756,69.45661264887266,0,0.5363924050632911,1.6666666666666663,4.473684210526316
1302,45248,C,0.76697165,90.5568442548723,69.45453205224057,0,0.4464285714285714,3.6666666666666665,9.3
1303,113830,C,0.67731774,102.54321046850689,69.4543354164446,1,0.4269662921348314,1.333333333333333,7.545454545454546
1304,178202,C,0.78489625,88.47826472218291,69.44625858859483,0,0.6028571428571429,3.333333333333333,11.064516129032258
1305,159058,D,0.7622552,91.10567071292056,69.44577050361626,0,0.7182539682539683,10.666666666666666,10.22222222222222
1306,48665,C,0.7671536,90.52028877724544,69.44296728407564,0,0.5178571428571429,2.0,8.411764705882353
1307,497,C,0.87684155,79.19384486933855,69.44045329803494,1,0.5449101796407185,1.666666666666667,11.88888888888889
1308,151591,C,0.87311214,79.52247502668396,69.43203851453079,1,0.4268292682926829,-1.333333333333333,9.166666666666666
1309,106313,C,0.7813599,88.85877315500971,69.43068308085448,1,0.5222929936305732,4.000000000000001,9.26086956521739
1310,24007,C,0.97271514,71.3744062472728,69.42696552162579,1,0.4285714285714285,0.0,9.75
1311,205367,C,0.760067,91.34240823445504,69.42634892841515,1,0.4411764705882353,2.333333333333333,8.875
1312,74086,C,0.73672056,94.23609415099736,69.42566824183615,1,0.4803149606299212,17.333333333333332,6.902439024390244
1313,70272,D,0.7251308,95.74105525718092,69.42478764992713,1,0.7226890756302521,10.666666666666666,9.15
1314,85093,C,0.6620524,104.8527984759624,69.41804613952104,0,0.5855855855855856,0.6666666666666661,8.25
1315,43985,C,0.42980126,161.50787080065737,69.4162856375295,1,0.6649484536082474,-1.0,4.04
1316,75066,C,0.8925567,77.7687389215544,69.41301106949271,1,0.36,1.0,10.8
1317,65139,C,0.8083485,85.86450140007551,69.4084389253912,0,0.559322033898305,1.666666666666666,8.125
1318,197615,C,0.5929472,117.04217470217311,69.3998280205573,0,0.6254071661237784,3.0,6.979166666666667
1319,178697,D,0.72606385,95.58313680265054,69.39946006704754,0,0.592814371257485,10.333333333333332,8.88
1320,90796,C,0.6994426,99.2134276059045,69.39410024446293,0,0.7553191489361702,1.333333333333334,10.0
1321,13269,C,0.5677726,122.21043699326086,69.38774084342917,0,0.430622009569378,4.666666666666666,5.666666666666667
1322,152679,C,0.6707555,103.44562489713044,69.38672242603401,0,0.6491228070175439,2.333333333333333,8.958333333333334
1323,162962,B,0.7572423,91.62929316727636,69.38557871828216,0,0.6323907455012854,17.666666666666664,11.064516129032258
1324,66813,C,0.62494224,111.02449350985016,69.38389601299974,0,0.6474820143884892,0.666666666666667,8.2
1325,30616,D,0.5683007,122.08270323776202,69.37968864150375,0,0.7988826815642458,13.333333333333332,6.574074074074074
1326,73593,C,0.66736615,103.9516938213236,69.37384138395579,1,0.631578947368421,0.0,8.9
1327,92119,D,0.6557527,105.78954456773629,69.3717814337365,0,0.6233766233766234,6.333333333333334,7.264705882352941
1328,78761,C,0.8429577,82.29398056541517,69.37034256152596,0,0.546875,7.666666666666666,10.2
1329,199345,C,0.6178527,112.2740922417077,69.36884966585167,1,0.3355263157894737,-2.0,6.307692307692308
1330,35758,C,0.78006643,88.92506028866067,69.36745436748154,0,0.7101449275362319,2.333333333333333,11.772727272727272
1331,45577,D,0.7405539,93.66438430745735,69.36352654184434,0,0.6733333333333333,5.333333333333334,10.076923076923077
1332,160756,C,0.7249746,95.67465779466949,69.36169414894245,1,0.5340909090909091,13.999999999999998,8.391304347826088
1333,201559,D,0.76517123,90.64455710138635,69.35860723550873,1,0.6186868686868687,7.333333333333334,10.185185185185183
1334,19951,B,0.72438914,95.7430451936892,69.3552217703125,0,0.7021276595744681,19.666666666666668,10.892857142857142
1335,163255,C,0.85636985,80.98717738319652,69.35497719212954,1,0.4382022471910112,-2.0000000000000004,7.923076923076923
1336,167747,D,0.71509147,96.98528817895291,69.3533519919642,1,0.7213352685050798,13.0,10.32258064516129
1337,67424,D,0.58510137,118.527445949345,69.35057053856038,1,0.7255936675461742,10.333333333333332,7.204545454545454
1338,188085,C,0.87187415,79.53908510159043,69.34807250218459,0,0.6346153846153846,4.333333333333334,10.538461538461538
1339,179324,B,0.63960284,108.41127237152868,69.34015769107003,0,0.6166666666666667,14.666666666666668,7.04
1340,90717,D,0.5564722,124.5993382710961,69.33606567759632,0,0.670076726342711,7.333333333333333,6.229166666666667
1341,192850,C,0.87309587,79.41052195816094,69.33299875764445,0,0.4979253112033195,3.666666666666666,10.5
1342,92163,C,0.8716635,79.53882857349275,69.33109455924296,1,0.6388888888888888,-1.0,9.916666666666666
1343,90524,C,0.7870501,88.08448997628687,69.32690910916207,1,0.6733067729083665,1.333333333333333,11.166666666666666
1344,138429,C,0.5174455,133.97317921179757,69.32381932887328,0,0.7857142857142857,5.0,6.886792452830188
1345,171873,B,0.75973254,91.2375322377922,69.31612251381577,0,0.643979057591623,17.333333333333332,10.892857142857142
1346,111066,C,0.9551051,72.57163813075881,69.31354357394396,0,0.3939393939393939,0.0,10.25
1347,175293,C,0.78324217,88.49359600768335,69.3119158179326,0,0.5652173913043478,3.999999999999999,10.25
1348,160906,D,0.7475383,92.71149431540036,69.30539546274882,1,0.7468619246861925,5.333333333333334,11.523809523809524
1349,37110,D,0.576568,120.19790498692744,69.30226658028224,0,0.5863453815261044,7.333333333333332,7.02
1350,38839,C,0.53960294,128.43068105126616,69.30157247966225,0,0.8850574712643678,2.333333333333334,5.164179104477612
1351,51847,D,0.55415606,125.05403636830638,69.29945270462468,1,0.6216216216216216,6.0,6.818181818181818
1352,172596,C,0.76633775,90.41871157963826,69.29127220161982,0,0.6635859519408502,2.999999999999999,10.241379310344827
1353,169365,D,0.784956,88.25033812973385,69.27263051018726,1,0.6098654708520179,7.666666666666667,11.0
1354,24324,D,0.7033168,98.49310251821906,69.27185444820073,0,0.7068965517241379,11.0,9.26923076923077
1355,19393,C,0.7752718,89.33871201605956,69.26178169245178,1,0.5,5.0,8.3
1356,122798,D,0.78470933,88.26407411249237,69.26164284590487,0,0.6225165562913907,11.333333333333334,11.571428571428571
1357,113998,C,0.78720284,87.97917581096856,69.25745662666083,1,0.5163934426229508,-1.9999999999999991,10.583333333333334
1358,5695,D,0.7876827,87.92415229104832,69.25633473378034,0,0.6011904761904762,12.333333333333336,10.818181818181818
1359,176604,B,0.517908,133.71674926353435,69.25297111602487,0,0.7339055793991416,17.333333333333336,5.093023255813954
1360,47956,C,0.768888,90.06327740419972,69.24857293717238,0,0.4096385542168674,3.0,7.1
1361,11157,B,0.7347976,94.24050508739384,69.24769667182379,0,0.725,15.666666666666668,10.533333333333331
1362,138471,C,0.49770507,139.13280578846346,69.24710314540151,0,0.7173489278752436,-1.0,5.618181818181818
1363,93402,D,0.76676905,90.3060601326203,69.24389207727079,1,0.6363636363636364,7.666666666666666,9.884615384615383
1364,44234,B,0.7747425,89.37387611597826,69.24173879508734,0,0.6337579617834395,13.666666666666668,11.5
1365,118134,D,0.62438697,110.89249763480076,69.2398301756927,0,0.6393831553973903,8.333333333333334,7.229166666666667
1366,161883,B,0.77166754,89.72692424000454,69.23935490663615,0,0.6179775280898876,21.0,10.266666666666667
1367,149143,D,0.7320237,94.58366193619942,69.23748368086127,0,0.7039473684210527,10.666666666666668,10.689655172413794
1368,158179,D,0.67877483,101.97941801721008,69.2210625033333,0,0.6478260869565218,14.333333333333334,8.289473684210526
1369,196608,C,0.87180656,79.39241801568392,69.21483099490204,1,0.2537313432835821,1.666666666666667,8.0
1370,127459,D,0.6795432,101.85362030429316,69.21393478339067,1,0.6336633663366337,11.666666666666666,8.68
1371,141294,D,0.75866896,91.22891757844748,69.21254794278053,0,0.6862244897959183,7.999999999999998,11.3
1372,134575,D,0.65001446,106.46387230175986,69.20305647298086,0,0.725,9.666666666666668,8.037037037037036
1373,33634,D,0.7289756,94.93053726203674,69.20204479348384,0,0.552901023890785,10.0,7.88
1374,97931,D,0.72198075,95.8501690588717,69.20197699849997,0,0.693069306930693,14.999999999999998,8.4
1375,149038,C,0.7134926,96.98977682200798,69.20148535227322,1,0.4727272727272727,-1.0,9.5
1376,32345,D,0.7646698,90.4929549131578,69.19722755965881,1,0.6666666666666666,6.333333333333334,10.533333333333331
1377,35988,C,0.80268306,86.20180656907287,69.19272947793634,0,0.5319148936170213,2.0,11.333333333333334
1378,183450,C,0.8975599,77.08925662175369,69.19222401601367,1,0.5192307692307693,4.333333333333333,12.428571428571429
1379,59848,C,0.84452987,81.92967699859581,69.19205923308874,0,0.4473684210526316,8.333333333333334,8.125
1380,200348,D,0.7801424,88.68955034470562,69.19048101029517,0,0.6545454545454545,5.333333333333333,11.173913043478262
1381,79825,C,0.7429971,93.12155897471553,69.18904918666334,0,0.6197183098591549,3.0,8.27027027027027
1382,42556,C,0.63882333,108.29791521358848,69.18323487237855,1,0.6754385964912281,0.333333333333333,8.266666666666667
1383,176872,C,0.7657601,90.33742890796064,69.17680073798344,1,0.6897810218978102,3.666666666666666,11.304347826086955
1384,172588,D,0.76475537,90.45420764574432,69.17534087632076,0,0.637065637065637,13.666666666666666,9.676470588235292
1385,17650,D,0.6560231,105.43910599807091,69.17048760886873,0,0.7154471544715447,10.333333333333334,8.666666666666666
1386,45326,C,0.5829063,118.65487048245473,69.16467221691236,0,0.58,1.666666666666667,6.315789473684211
1387,85542,D,0.7897207,87.57754078957296,69.16179805078512,0,0.735202492211838,5.666666666666667,12.6
1388,112802,D,0.5229278,132.25277047845802,69.15865304552632,0,0.684,5.666666666666666,6.790697674418604
1389,199067,C,0.61076444,113.23188024058103,69.15800636398652,1,0.6242774566473989,3.333333333333333,7.882352941176471
1390,76711,C,0.72623396,95.2264732756186,69.15669870741485,0,0.6382978723404256,3.333333333333333,8.6
1391,145490,C,0.7459713,92.69407225229048,69.14711962513212,0,0.5603864734299517,3.999999999999999,10.214285714285714
1392,94603,C,0.72094816,95.908050843202,69.14473275530948,0,0.6342857142857142,4.999999999999999,9.37037037037037
1393,128310,C,0.71003467,97.37188025909887,69.1374107156927,0,0.5241935483870968,5.0,8.04
1394,45693,D,0.585948,117.98978643970013,69.13587825412996,0,0.6606498194945848,6.666666666666667,7.18
1395,124657,B,0.7552495,91.5375957576456,69.13372345230552,0,0.6,19.0,9.8
1396,184568,D,0.81535405,84.78612738496875,69.13071227981135,0,0.5952380952380952,7.666666666666666,8.368421052631579
1397,5627,C,0.83307475,82.9781397372285,69.12699289392401,0,0.6666666666666666,12.333333333333334,8.0
1398,90462,C,0.74225014,93.12833635553422,69.1245211152318,0,0.6686046511627907,4.000000000000001,9.235294117647058
1399,66365,D,0.7237068,95.50939284003802,69.12079533006435,1,0.6870967741935484,5.333333333333334,9.741935483870968
1400,93136,C,0.929885,74.33098369484463,69.11926898760767,1,0.3333333333333333,3.333333333333333,10.6
1401,58859,C,0.9761379,70.80620654908178,69.11662010459305,1,0.3720930232558139,0.0,9.75
1402,165905,C,0.5336252,129.52178053638266,69.11608416367753,0,0.4596273291925465,2.333333333333333,5.590909090909091
1403,124707,C,0.9327209,74.09637577082698,69.11123826472492,1,0.3543307086614173,1.666666666666666,10.88888888888889
1404,163957,B,0.71282065,96.94432822705429,69.10391897793193,0,0.7369519832985386,18.33333333333333,8.846153846153847
1405,68253,B,0.6412202,107.76575845107786,69.1015824784795,0,0.5172413793103449,18.333333333333336,6.8
1406,27047,C,0.55707014,124.0315916953654,69.09429566274707,0,0.6303854875283447,4.666666666666667,6.016666666666667
1407,39304,D,0.67252594,102.73831664440648,69.09418321422451,0,0.6481927710843374,15.333333333333332,8.666666666666666
1408,92749,C,0.4712897,146.60287645607443,69.09242482983782,0,0.6061269146608315,4.0,4.771428571428571
1409,4709,B,0.75129294,91.95347336218646,69.0839957091158,0,0.7280701754385965,18.666666666666664,10.64
1410,19179,C,0.78827244,87.62512713053384,69.0724728064818,1,0.6216216216216216,1.0,11.6
1411,167860,D,0.7387198,93.49297432535928,69.06511325616724,1,0.8101983002832861,12.333333333333334,11.172413793103448
1412,197962,C,0.7724698,89.40377219117678,69.06171568596523,0,0.5954198473282443,3.999999999999999,11.4
1413,4655,D,0.73519695,93.93289419526968,69.05917713400227,0,0.7258064516129032,9.333333333333332,9.916666666666666
1414,175614,C,0.9041675,76.37396660328265,69.05485641082535,1,0.3783783783783784,0.6666666666666661,11.6
1415,195914,C,0.5200391,132.77514300902791,69.04826342620318,0,0.6951219512195121,3.000000000000001,6.311111111111111
1416,41235,C,0.7552537,91.40809397244728,69.03629867803777,0,0.677536231884058,2.666666666666666,11.22222222222222
1417,101076,D,0.5545,124.49752906767432,69.03387784961377,0,0.6765375854214123,10.0,6.961538461538462
1418,58677,C,0.7893584,87.45530863979859,69.03358052788327,0,0.4833333333333333,4.666666666666667,10.555555555555555
1419,104713,D,0.76940304,89.7228326465642,69.03302023238228,0,0.64,13.999999999999998,10.0
1420,23933,C,0.65707755,105.05760541871464,69.03099407069335,0,0.6836518046709129,2.666666666666667,8.6
1421,123396,C,0.8880683,77.73137799507708,69.03077414043807,1,0.4148936170212766,5.333333333333333,10.272727272727272
1422,100389,D,0.66212046,104.25613864142764,69.03012262770933,0,0.7343358395989975,9.0,8.541666666666666
1423,180148,C,0.76246136,90.53374247789364,69.02848080209633,1,0.5,-0.3333333333333339,6.888888888888889
1424,111062,C,0.8374445,82.4125782364805,69.01595907563173,0,0.6666666666666666,2.333333333333334,11.818181818181818
1425,3610,D,0.74439454,92.70821201848494,69.01148691266012,0,0.6097560975609756,12.666666666666668,10.461538461538462
1426,134003,C,0.5570427,123.88484794835357,69.00915241194842,0,0.7766143106457243,0.6666666666666665,4.894736842105263
1427,11879,C,0.52518713,131.39384693361887,69.00635799389303,0,0.5714285714285714,1.333333333333333,6.3478260869565215
1428,24036,C,0.48092094,143.48557742882477,69.00521886499794,0,0.5991189427312775,0.3333333333333335,5.56140350877193
1429,142273,B,0.70502263,97.87405906427568,69.00342683130361,0,0.5789473684210527,14.333333333333332,7.55
1430,155227,C,0.551911,125.02463122764746,69.00246880002847,0,0.6266666666666667,2.666666666666667,6.75
1431,9787,C,0.73208976,94.25242055559649,69.00123174785577,0,0.5225806451612903,9.333333333333332,8.25
1432,194430,C,0.79064715,87.26503704878537,68.9958527575062,0,0.7,4.666666666666667,12.0
1433,149524,C,0.97851264,70.5046619276234,68.98970321125566,1,0.3125,0.0,10.0
1434,34597,C,0.8699645,79.30034384196935,68.98848242602698,1,0.627906976744186,-0.3333333333333339,9.555555555555555
1435,24929,D,0.79883516,86.36121641084591,68.9883759866912,1,0.5765765765765766,5.666666666666666,10.933333333333334
1436,45862,C,0.4831582,142.78327266862524,68.98690915250023,0,0.5,-1.666666666666667,4.344827586206897
1437,151807,C,0.89115995,77.40619350912004,68.98129966785109,1,0.6382978723404256,-1.666666666666667,12.5
1438,118540,D,0.69639945,99.04221988510756,68.972947484691,0,0.6560283687943262,6.0,8.261904761904763
1439,167254,C,0.7225243,95.45915824808108,68.97156009010634,0,0.5,8.666666666666668,7.5625
1440,76315,D,0.6452507,106.87445002412024,68.96081134561383,0,0.7586206896551724,5.333333333333333,8.416666666666666
1441,65162,D,0.7301241,94.4486408804735,68.95923042495943,0,0.60790273556231,8.0,9.085714285714284
1442,95716,C,0.8624024,79.96129083211311,68.95880748252833,1,0.6172106824925816,1.666666666666667,10.933333333333334
1443,152922,C,0.69459033,99.2731606165585,68.95417740509845,0,0.6183206106870229,2.666666666666666,9.333333333333334
1444,136692,C,0.76965564,89.58645525796398,68.95072099530405,0,0.5849056603773585,8.0,7.5
1445,170417,C,0.57980037,118.9211912673098,68.95055038312167,0,0.5338345864661654,7.333333333333332,7.32
1446,128435,C,0.7745154,89.01817697412038,68.94594809146159,1,0.5426356589147286,8.666666666666666,10.266666666666667
1447,125705,D,0.79651237,86.55319878941958,68.94069309560652,0,0.5687203791469194,10.333333333333334,10.294117647058824
1448,166702,C,0.97703254,70.55775165402729,68.93721947247545,1,0.2941176470588235,0.0,9.75
1449,34233,D,0.5446518,126.56879967729824,68.93592537236421,0,0.640625,7.333333333333334,6.490909090909091
1450,74976,C,0.66613823,103.48076674486587,68.93249498000445,0,0.6325878594249201,-1.6666666666666663,9.117647058823527
1451,5156,D,0.77406454,89.04721710255977,68.92829322162412,0,0.5878136200716846,8.666666666666668,11.586206896551724
1452,149009,D,0.6922973,99.5605203689984,68.92547743038955,1,0.7037037037037037,11.333333333333332,7.594594594594595
1453,58484,D,0.7853668,87.75777304508519,68.92203907520882,1,0.6289855072463768,11.0,11.68421052631579
1454,176144,D,0.77062035,89.43383980397178,68.91953658004628,1,0.6015424164524421,7.000000000000001,11.275862068965518
1455,17,B,0.6795981,101.40020781000928,68.9113878608157,1,0.7133333333333334,18.333333333333336,8.0
1456,154681,C,0.7666479,89.88174219989111,68.90764668661694,0,0.59375,-1.333333333333333,8.0
1457,183097,C,0.97851264,70.41701311726689,68.90393774202296,1,0.2909090909090909,0.0,10.0
1458,135800,C,0.51862085,132.85266820317227,68.90016352970342,0,0.7340425531914894,3.666666666666667,5.947368421052632
1459,25640,C,0.45053178,152.92317484572598,68.8967502765637,0,0.651685393258427,-1.0,4.561643835616438
1460,85253,C,0.5293549,130.150281773888,68.89568553044549,0,0.6570841889117043,4.333333333333334,7.03921568627451
1461,117330,D,0.5811678,118.54579146866116,68.8949988561047,1,0.6394557823129252,6.666666666666668,7.290322580645161
1462,99088,C,0.71590155,96.2349315808578,68.89473703229261,0,0.3768115942028985,3.333333333333333,7.916666666666667
1463,154289,C,0.5312279,129.6865907241214,68.89313352069259,0,0.6726804123711341,3.6666666666666665,6.925
1464,162142,D,0.71848595,95.87916920533893,68.88783610820659,0,0.6244343891402715,9.0,9.314285714285717
1465,134138,C,0.7741565,88.9833327715984,68.88702642047879,1,0.4347826086956521,-1.666666666666667,9.0
1466,58811,D,0.5547792,124.16362065179452,68.88339065072985,0,0.6237623762376238,8.666666666666666,6.634146341463414
1467,70294,D,0.5944386,115.87729989598394,68.88194136590631,0,0.7223719676549866,8.0,7.51063829787234
1468,46198,D,0.73066264,94.27184650740536,68.88091661532707,0,0.5943396226415094,9.666666666666668,9.333333333333334
1469,74570,D,0.6461197,106.60578022006924,68.8800962034327,0,0.6213592233009708,5.333333333333333,7.772727272727272
1470,171042,C,0.56769073,121.32616756900612,68.87574064686643,0,0.6285714285714286,4.333333333333334,6.369565217391305
1471,160233,C,0.7340165,93.83315107852567,68.87507908008857,0,0.5833333333333334,-3.333333333333333,10.166666666666666
1472,128028,D,0.61591,111.81991723333374,68.87100451296163,0,0.638095238095238,12.666666666666668,7.294117647058823
1473,186651,C,0.75630414,91.05598040485332,68.86601539441904,1,0.7297297297297297,4.333333333333333,12.181818181818182
1474,15518,C,0.7329773,93.93480631868864,68.85207799490234,1,0.672,5.0,11.416666666666666
1475,112651,D,0.72898716,94.44210873921668,68.84708438345177,1,0.6460674157303371,8.666666666666666,10.4375
1476,95494,C,0.65804625,104.62103661868498,68.84548035508514,0,0.5081967213114754,-0.333333333333333,6.538461538461538
1477,13048,C,0.50750136,135.65126885529244,68.84320393905838,0,0.6377952755905512,0.666666666666667,6.166666666666667
1478,172993,D,0.7075883,97.2879639459168,68.83982647925178,0,0.7571884984025559,13.333333333333332,9.78125
1479,84720,C,0.8365147,82.29236100801651,68.8387706174001,0,0.4893617021276595,2.333333333333333,11.714285714285714
1480,115722,C,0.74491787,92.40968624780491,68.83762660715024,0,0.6998341625207297,4.666666666666666,9.714285714285714
1481,16492,C,0.8468116,81.2900848719003,68.83738623124687,1,0.4090909090909091,7.333333333333334,9.0
1482,81300,C,0.85902697,80.13361659742732,68.83693773895901,1,0.4437086092715231,1.333333333333334,12.166666666666666
1483,21259,C,0.55401164,124.24978479814328,68.8358274100776,0,0.7450271247739603,3.6666666666666665,6.666666666666667
1484,154238,C,0.9770074,70.45236687211626,68.83248301142969,1,0.4,0.0,10.0
1485,36878,C,0.70574415,97.52019296200956,68.82430542657512,0,0.6883116883116883,3.666666666666666,9.6
1486,96352,C,0.67876583,101.39538282409656,68.82372152326285,0,0.6769911504424779,2.0,8.15625
1487,162999,D,0.7705074,89.30378636606642,68.80922782044192,1,0.7541284403669725,9.666666666666666,12.653846153846152
1488,126774,C,0.8764536,78.50386357568497,68.80499215479759,0,0.55,-5.333333333333333,9.0
1489,135474,B,0.68823916,99.97098069646606,68.80394349897924,0,0.6972704714640199,18.666666666666664,8.433333333333334
1490,31124,D,0.738882,93.1179393444729,68.80316974430413,1,0.5768194070080862,13.333333333333336,7.513513513513513
1491,129722,D,0.7938193,86.67170717465058,68.80167463690972,1,0.7138263665594855,12.0,10.0
1492,104546,B,0.71713686,95.9339634647209,68.79778131625638,0,0.6366906474820144,18.666666666666664,8.516129032258064
1493,169233,C,0.5649008,121.77031065488936,68.78814779104113,0,0.6853932584269663,3.666666666666667,8.32258064516129
1494,95832,C,0.6429139,106.99267612631348,68.78707632211659,0,0.7153558052434457,-1.3333333333333337,6.67741935483871
1495,101808,B,0.7141966,96.3138919259542,68.78705630098689,1,0.518850987432675,18.333333333333336,8.11111111111111
1496,146145,C,0.6654268,103.36903131900443,68.78452276984737,1,0.6675824175824175,4.333333333333334,9.04
1497,8600,D,0.73659056,93.37234174762892,68.77718589331815,0,0.5606060606060606,6.666666666666667,9.4375
1498,62240,C,0.7487613,91.84406857632312,68.76928384212768,0,0.6885245901639344,1.333333333333333,11.052631578947368
1499,116752,D,0.70890856,97.00422832776988,68.76712761325066,0,0.6411483253588517,15.0,9.217391304347826
1500,50046,C,0.7414251,92.7476710240416,68.76545098447404,1,0.4766839378238341,5.666666666666667,9.1875
1501,19772,C,0.7194923,95.57320243536346,68.76418479127062,1,0.6469248291571754,4.666666666666668,9.8
1502,161802,C,0.5382823,127.73857657035708,68.75941162708718,0,0.6491803278688525,-0.333333333333333,7.833333333333333
1503,66834,C,0.72486573,94.85725448704656,68.7587734537274,1,0.6486486486486487,1.6666666666666663,6.9
1504,508,C,0.79353213,86.64780350630379,68.75781634499633,0,0.6428571428571429,-0.3333333333333339,12.0
1505,107319,C,0.8172393,84.13342267622505,68.75713815174828,1,0.5084745762711864,6.666666666666667,11.0
1506,28133,C,0.82286286,83.55490004764792,68.75422431606032,1,0.52,-2.666666666666667,11.666666666666666
1507,37718,C,0.7414576,92.72422542946902,68.75107993525685,0,0.691747572815534,4.0,9.535714285714286
1508,172557,C,0.8217668,83.66232603505433,68.7509214216427,0,0.3894736842105263,8.666666666666666,7.714285714285714
1509,39461,D,0.7690807,89.38976744313706,68.74794478303927,0,0.6156351791530945,15.333333333333332,9.947368421052632
1510,192288,B,0.72023124,95.4429903154606,68.74102278960409,0,0.6212121212121212,23.666666666666668,8.131578947368421
1511,25996,B,0.7750123,88.695205156941,68.73987621773351,0,0.642512077294686,14.333333333333332,11.6
1512,74001,D,0.67444164,101.91227695412196,68.7338827575421,0,0.6470588235294118,5.666666666666668,8.36111111111111
1513,89856,C,0.5734404,119.85928934123756,68.73215558062748,0,0.7112970711297071,5.0,6.644444444444445
1514,109945,D,0.78119016,87.9785356793258,68.72796609438879,0,0.587378640776699,7.000000000000001,11.653846153846152
1515,203135,D,0.7068933,97.22454404867108,68.72738119978384,1,0.7368421052631579,12.333333333333334,5.903225806451613
1516,66650,D,0.74744475,91.94899492188816,68.72679341901923,0,0.5849056603773585,12.0,9.8
1517,45422,D,0.5799979,118.48869855955928,68.72319600036332,1,0.5974025974025974,10.0,6.580645161290323
1518,56816,C,0.6653291,103.28761708473026,68.72025718200686,0,0.5125,7.333333333333332,7.6
1519,51569,B,0.73203087,93.86711472092396,68.71362551558879,0,0.6990521327014217,17.666666666666668,9.647058823529411
1520,123105,D,0.7873247,87.27383621714831,68.71284923739132,0,0.6231884057971014,8.333333333333334,11.823529411764708
1521,150101,C,0.76200664,90.16823496847236,68.70879380221304,1,0.6688311688311688,-2.333333333333334,12.27777777777778
1522,39604,C,0.6638116,103.49900324952658,68.703841434639,0,0.6378378378378379,3.6666666666666665,7.67741935483871
1523,66558,C,0.71810454,95.66606668075184,68.69823693192174,0,0.5049833887043189,4.0,8.807692307692308
1524,29241,C,0.85008705,80.8037114819206,68.69018844986147,1,0.543859649122807,6.666666666666668,8.928571428571429
1525,37826,D,0.800557,85.80250163763768,68.6897947901669,0,0.625,11.0,9.571428571428571
1526,154976,C,0.66473854,103.32827599853398,68.68628690237774,0,0.4581005586592179,0.0,9.625
1527,87647,C,0.83918357,81.8421149717225,68.68055813275197,0,0.6923076923076923,5.333333333333333,7.75
1528,79543,C,0.7524146,91.2769715376421,68.67812458286554,0,0.5486381322957199,-4.0,10.272727272727272
1529,55656,D,0.7613527,90.20446861926987,68.67741734788066,0,0.6806451612903226,11.666666666666668,10.130434782608695
1530,191491,C,0.5949488,115.42943037858736,68.67460434588504,1,0.535593220338983,4.333333333333333,6.642857142857143
1531,199833,C,0.741829,92.56872272745386,68.67016098138174,1,0.425287356321839,1.0,7.25
1532,40699,D,0.7502128,91.52443878655062,68.6628044454468,0,0.6894977168949772,12.0,11.16
1533,193716,B,0.7672631,89.48339519563567,68.65730848957496,0,0.6728110599078341,13.0,11.6
1534,11180,C,0.64800227,105.9441302857978,68.65203658823494,0,0.7095890410958904,4.666666666666667,7.78125
1535,75295,D,0.72295827,94.95944403502494,68.65171506968817,0,0.6772486772486772,13.333333333333332,7.6923076923076925
1536,91656,D,0.7151166,95.99773178935558,68.64957349099342,0,0.6666666666666666,10.0,9.5625
1537,32406,D,0.7259156,94.5689495319368,68.64907676126847,0,0.6479400749063671,7.0,10.0625
1538,54801,C,0.7253221,94.64321536338052,68.64681830587544,0,0.6711956521739131,5.0,10.5
1539,187246,C,0.6767313,101.433466130203,68.64320022452495,0,0.5520833333333334,0.666666666666667,9.214285714285714
1540,21154,C,0.5761579,119.1361460538084,68.64123500226293,0,0.5416666666666666,2.333333333333333,7.041666666666667
1541,64775,C,0.54584754,125.75118493607232,68.64097433745462,1,0.7058823529411765,3.6666666666666665,7.069767441860465
1542,32051,C,0.71511376,95.98050189046675,68.6369775015174,0,0.6146788990825688,3.666666666666666,7.65
1543,173285,B,0.6807509,100.82210262474676,68.63473775374938,1,0.5147058823529411,17.666666666666668,7.05
1544,52375,C,0.6922125,99.1508986219912,68.63349359665716,0,0.6134453781512605,3.0,8.108108108108109
1545,44199,D,0.6510733,105.41391712461908,68.63218446337507,0,0.6517857142857143,8.333333333333332,7.769230769230769
1546,84465,C,0.7787473,88.11909477516387,68.62250891242077,0,0.5886524822695035,2.0,10.74074074074074
1547,148967,C,0.7670253,89.4601531533807,68.61820008765365,0,0.5869565217391305,3.999999999999999,10.666666666666666
1548,62064,C,0.5228112,131.23678145252785,68.61205583471423,0,0.6231884057971014,5.0,6.682926829268292
1549,142414,D,0.73109907,93.84406348062694,68.60930745298376,0,0.6275303643724697,10.0,9.8125
1550,102558,C,0.66964006,102.45424610038144,68.60746794026917,0,0.6737160120845922,4.666666666666667,8.842105263157896
1551,205120,D,0.7159155,95.8214584625286,68.60006745303063,0,0.7317073170731707,6.333333333333332,9.416666666666666
1552,65297,C,0.8949742,76.64203131396258,68.59263852445054,0,0.5157894736842106,4.0,11.8
1553,60345,C,0.79133004,86.67770815897515,68.59067422131444,0,0.4324324324324324,-4.000000000000001,10.666666666666666
1554,201314,C,0.6973258,98.35922285179996,68.58842628947843,0,0.4868421052631579,11.0,6.222222222222222
1555,82785,D,0.6204891,110.53773850362356,68.58746414433728,0,0.6597402597402597,9.0,8.05
1556,43613,C,0.6333757,108.27288296554484,68.57741350364643,0,0.507399577167019,4.000000000000001,6.032258064516129
1557,44686,D,0.6742059,101.71195066465653,68.5747971611755,0,0.7876923076923077,8.333333333333332,7.9411764705882355
1558,188119,D,0.7651677,89.6162869414443,68.57148934134877,0,0.6842105263157895,12.333333333333336,10.0
1559,44195,C,0.6989328,98.1077997411166,68.57076177661988,0,0.5149253731343284,-0.6666666666666661,9.5625
1560,157861,D,0.7864205,87.19250045812787,68.5699719096431,0,0.6328125,7.0,11.8
1561,57159,D,0.5547468,123.6046483512492,68.56928395643533,0,0.6234817813765182,11.333333333333332,5.85
1562,7482,C,0.769552,89.0915123046237,68.56055080141176,1,0.6,4.666666666666667,11.11111111111111
1563,150014,D,0.76789135,89.2821931789942,68.55902361978552,0,0.6666666666666666,6.333333333333334,11.38888888888889
1564,157492,C,0.70392054,97.39217568877076,68.55635321366718,1,0.5333333333333333,0.0,6.7
1565,20859,D,0.77127403,88.88635178010534,68.55573476798011,1,0.7682119205298014,8.666666666666668,9.454545454545457
1566,84593,C,0.79654664,86.06595951150223,68.55555069615819,0,0.6813725490196079,4.333333333333333,12.529411764705882
1567,24608,D,0.7511444,91.26531885344296,68.5534340087652,0,0.72,5.333333333333333,11.84
1568,47923,C,0.8734729,78.47937164117062,68.54960661355989,1,0.6666666666666666,1.666666666666667,10.909090909090908
1569,105316,C,0.8647185,79.27219170104028,68.54813044572289,0,0.3603603603603603,6.999999999999999,9.090909090909092
1570,70776,B,0.7607486,90.10481911209123,68.54711722752356,1,0.7202797202797203,16.333333333333332,9.5
1571,74003,C,0.5299932,129.3314590853413,68.54479081688098,1,0.727391874180865,3.333333333333333,7.0
1572,46043,D,0.7264558,94.351050169191,68.541868356668,0,0.6666666666666666,10.0,9.52
1573,130382,C,0.7688442,89.1467649827126,68.53997206996284,0,0.5151515151515151,10.0,9.238095238095235
1574,57890,C,0.8763165,78.21364612134163,68.53990766623788,1,0.5932203389830508,-1.333333333333334,12.0
1575,142746,B,0.570843,120.06548465118064,68.53853921413199,0,0.7467980295566502,17.666666666666668,6.269230769230769
1576,41243,D,0.73108226,93.7460746427404,68.53609217300406,0,0.5816993464052288,11.0,8.130434782608695
1577,116300,C,0.76529884,89.55211028551717,68.53412642408381,0,0.4385245901639344,0.666666666666667,9.1875
1578,190379,C,0.8960712,76.48214463404719,68.53344678446764,0,0.6216216216216216,-1.0,12.0
1579,170528,D,0.58900034,116.34759357394778,68.5287726707892,0,0.6124721603563474,5.333333333333334,7.608695652173913
1580,32165,B,0.66622794,102.8578471652683,68.52677129491735,1,0.75,17.333333333333332,4.920634920634921
1581,47991,C,0.5798577,118.17263273668054,68.52331185163602,0,0.6254180602006689,3.6666666666666665,7.029411764705882
1582,113965,D,0.7519524,91.11809388522146,68.51647026829625,0,0.5898004434589801,5.666666666666667,10.214285714285714
1583,32954,D,0.7051559,97.162206661782,68.5145041650036,1,0.5901639344262295,11.333333333333334,8.11111111111111
1584,32104,D,0.71660024,95.59086554011029,68.50043711872766,0,0.7453125,7.666666666666668,10.352941176470589
1585,62857,C,0.5362211,127.74132975167096,68.49759469157267,1,0.6729559748427673,3.333333333333333,7.473684210526316
1586,93531,C,0.8503049,80.54899873141116,68.49120844028175,0,0.5294117647058824,9.333333333333332,9.4
1587,115325,B,0.731266,93.65204121204214,68.48455560388504,0,0.7491749174917491,20.0,8.875
1588,176220,C,0.8514984,80.42706103502303,68.48351579925323,1,0.2790697674418604,-2.333333333333333,7.571428571428571
1589,108658,D,0.80193764,85.39500271663691,68.48146692188956,1,0.6526315789473685,9.666666666666668,10.25
1590,79034,C,0.7346787,93.20772316333984,68.47772754748186,0,0.7580645161290323,2.0000000000000004,7.235294117647059
1591,105867,D,0.7203634,95.05698281251844,68.47556929119774,0,0.5516129032258065,7.0,8.947368421052632
1592,167649,D,0.5276991,129.7593311026246,68.47388391233389,0,0.8384615384615385,6.333333333333334,6.24
1593,24936,C,0.7588542,90.2309239739154,68.47211656378919,1,0.7025316455696202,-0.6666666666666679,10.0
1594,145804,C,0.62652713,109.28736233748074,68.47149753655854,0,0.6962264150943396,0.666666666666667,5.857142857142857
1595,168391,C,0.5522596,123.983274395025,68.4709565002264,0,0.7142857142857143,5.0,7.1
1596,177887,C,0.78481287,87.23701942016872,68.46473537563539,1,0.6363636363636364,-0.3333333333333339,11.833333333333334
1597,19487,C,0.91693544,74.66530280201921,68.46326256706774,1,0.2325581395348837,-0.666666666666667,9.6
1598,56603,C,0.5373923,127.39662431190465,68.46196727603935,0,0.4629629629629629,5.666666666666666,4.705882352941177
1599,165089,C,0.71806085,95.3417440157304,68.46117385301788,1,0.584070796460177,-1.333333333333334,10.0
1600,178521,D,0.7432923,92.09803124200816,68.45575489697204,0,0.7610062893081762,6.666666666666667,11.95
1601,198666,C,0.768196,89.10223260041234,68.44797749390055,1,0.4516129032258064,2.666666666666666,9.428571428571429
1602,164553,C,0.55994093,122.24109048092934,68.4477903992218,0,0.5336134453781513,6.333333333333334,6.085714285714285
1603,20689,B,0.7513993,91.09292452989185,68.44715778103675,0,0.7068965517241379,17.666666666666668,12.0
1604,114475,C,0.51957405,131.7319306332066,68.44449220426354,0,0.6195121951219512,3.333333333333334,6.225
1605,170130,C,0.7632305,89.67009089695853,68.43894854396099,0,0.6145038167938931,4.666666666666667,11.464285714285714
1606,166445,C,0.97851264,69.93653427944342,68.43378312366937,1,0.36,0.0,10.25
1607,126563,C,0.50551707,135.37001098965945,68.43185071558707,1,0.564,-1.0000000000000004,5.666666666666667
1608,151743,C,0.9078847,75.37195704121724,68.42904788716781,0,0.5263157894736842,2.0,11.2
1609,92637,C,0.7233628,94.59708642749622,68.42801363726284,1,0.5743243243243243,3.666666666666667,9.666666666666666
1610,128223,D,0.5238536,130.61656063209873,68.42395551003173,0,0.7360774818401937,9.0,5.96875
1611,130372,D,0.60178745,113.6917279989226,68.41825484315314,1,0.6575052854122622,15.666666666666666,7.487804878048781
1612,19591,D,0.5540596,123.47128643523683,68.41045462006844,1,0.7784090909090909,7.000000000000001,6.466666666666667
1613,102251,D,0.73452014,93.1361921277772,68.41040863022806,0,0.5673758865248227,7.666666666666668,9.035714285714286
1614,114799,D,0.5239057,130.56853262383137,68.40559776213797,0,0.6414762741652021,5.999999999999999,6.568627450980392
1615,141566,C,0.71973884,95.03544528224768,68.40070124676413,0,0.5357142857142857,7.000000000000001,7.333333333333333
1616,71291,C,0.77035093,88.78345834614966,68.39441997857745,0,0.7547169811320755,3.0,8.533333333333333
1617,166345,D,0.73668075,92.83847289150034,68.39231547449826,0,0.7996108949416343,8.333333333333332,11.32258064516129
1618,65508,D,0.7035572,97.20802904023436,68.3914080757567,0,0.6699029126213593,6.666666666666667,9.375
1619,124321,D,0.73785216,92.68759482964084,68.38974169454463,0,0.7686567164179104,8.0,9.93103448275862
1620,4255,B,0.7464665,91.60999741729536,68.3837957355477,0,0.7142857142857143,17.666666666666664,10.041666666666666
1621,42123,C,0.48596853,140.71311571176182,68.3821460192216,0,0.7029177718832891,1.666666666666666,6.514285714285714
1622,199913,C,0.49538127,138.0299806732757,68.37746655513669,0,0.6,3.000000000000001,4.9361702127659575
1623,11177,B,0.8168099,83.70933588445483,68.37461365795426,1,0.6673040152963671,18.666666666666664,10.346153846153848
1624,129170,C,0.8240187,82.96817386149719,68.36732816159693,0,0.5326633165829145,11.333333333333334,8.3
1625,199750,C,0.7243887,94.37016410458912,68.36068225027078,0,0.5272727272727272,9.0,9.38888888888889
1626,26443,D,0.77074265,88.69365336645774,68.35998185961141,0,0.5813953488372093,5.333333333333332,11.392857142857142
1627,157231,C,0.4924478,138.8156602591708,68.35946559561634,0,0.4892307692307692,1.6666666666666667,4.617021276595745
1628,169777,C,0.7727847,88.45826029190775,68.35919102063151,0,0.45,3.666666666666666,7.8
1629,150674,C,0.5212332,131.1433832076272,68.3562854228111,0,0.5404761904761904,-2.333333333333333,5.6
1630,198130,D,0.74836,91.33926657855562,68.354651545441,1,0.5585585585585585,6.0,8.478260869565217
1631,68719,C,0.66034657,103.5131059455461,68.3545242159414,0,0.6292517006802721,2.0,8.346153846153847
1632,185375,C,0.76609606,89.22012786119502,68.35118802635058,1,0.514018691588785,15.666666666666668,10.133333333333333
1633,20432,B,0.7430335,91.98783543125504,68.35004592373551,0,0.7275,15.0,13.117647058823527
1634,113934,C,0.5448727,125.44042333514658,68.3490622982863,1,0.6059113300492611,0.333333333333333,6.095238095238095
1635,160723,C,0.7552275,90.49970111518476,68.34786358151297,0,0.6808149405772496,2.0,7.483870967741935
1636,13731,D,0.7817181,87.43183378540624,68.34704482452831,0,0.5947867298578199,12.0,11.620689655172416
1637,62924,C,0.77590656,88.0801966995959,68.34200267238724,0,0.4804469273743016,6.666666666666667,8.916666666666666
1638,191877,C,0.71084213,96.13949673358472,68.34000488215018,1,0.6666666666666666,3.333333333333334,10.0
1639,41816,C,0.6075949,112.47613622929094,68.33992756387417,0,0.7231404958677686,4.0,7.304347826086956
1640,122903,C,0.5530672,123.55627788418944,68.33492555829203,0,0.6247544204322201,4.333333333333334,5.895833333333333
1641,157393,C,0.6708981,101.8503378871376,68.33119612280842,0,0.7070217917675545,4.0,8.710526315789474
1642,100176,C,0.5232641,130.58558438541567,68.33074960380145,0,0.6948640483383686,4.0,6.78
1643,161493,D,0.727957,93.86556834688658,68.33009850101553,1,0.7568710359408034,5.666666666666668,11.77777777777778
1644,197839,C,0.7618475,89.68861619638155,68.32904767185248,1,0.6441717791411042,3.666666666666667,10.173913043478262
1645,53327,D,0.76442903,89.38249630904126,68.32657520300074,0,0.5795454545454546,9.666666666666666,10.4
1646,5046,C,0.7624797,89.60076689108381,68.3187678748871,1,0.5483870967741935,12.666666666666664,7.411764705882353
1647,51618,D,0.7149294,95.55256811238353,68.31334036816281,0,0.7083333333333334,10.666666666666668,9.83783783783784
1648,66766,D,0.5483118,124.586585086247,68.31229840813928,0,0.6443418013856813,8.0,6.346938775510204
1649,155480,C,0.8545239,79.93685664997984,68.30795427214198,1,0.53125,5.333333333333334,10.384615384615383
1650,37449,D,0.556638,122.70626237205468,68.30296876821455,0,0.7622222222222222,7.0,6.9361702127659575
1651,194831,C,0.50954956,134.04311358164017,68.30160930027591,0,0.5357142857142857,0.6666666666666665,5.8
1652,92072,C,0.6542307,104.39725909771678,68.29989334288753,0,0.5989010989010989,3.666666666666666,7.84
1653,2689,D,0.6874261,99.35366186193102,68.29829932482178,1,0.6112531969309463,16.666666666666664,8.228571428571428
1654,13766,D,0.6763258,100.98116354098076,68.29616601832312,0,0.6009852216748769,11.333333333333334,8.08108108108108
1655,33883,D,0.60842866,112.24345913684266,68.29213710582584,0,0.7216216216216216,10.0,7.461538461538462
1656,108707,C,0.9083335,75.18335833781498,68.29156154399945,1,0.6634615384615384,0.6666666666666661,13.142857142857142
1657,1494,D,0.7539295,90.5795612280787,68.29060292750887,0,0.5534591194968553,10.333333333333334,8.23076923076923
1658,40055,C,0.4694574,145.4538558314092,68.28438722211571,0,0.7524752475247525,-2.0,5.0
1659,74705,C,0.80807483,84.49583652521784,68.2789589016535,1,0.5828343313373253,-4.333333333333333,10.823529411764708
1660,62878,B,0.77379775,88.23689002878314,68.27750701300786,1,0.6024096385542169,14.0,11.555555555555555
1661,15073,C,0.9042135,75.50717305359588,68.27460432351019,1,0.4180327868852459,2.333333333333333,12.6
1662,78459,C,0.48731276,140.10401419894254,68.27447439688598,0,0.3975155279503105,2.6666666666666665,4.64
1663,109021,C,0.5298356,128.83929279717978,68.26364165525051,0,0.6422018348623854,4.0,6.584905660377358
1664,8356,C,0.5479713,124.57110717125973,68.26139256446336,0,0.631578947368421,3.333333333333333,6.882352941176471
1665,118705,D,0.6966532,97.98209519747574,68.25953891519737,0,0.5810055865921788,6.0,8.85
1666,1206,C,0.58297807,117.08537833669156,68.25820786244974,0,0.5210084033613446,5.333333333333334,7.0
1667,172226,D,0.7033246,97.04939812122788,68.25723066231073,1,0.6645702306079665,13.333333333333332,9.434782608695652
1668,10161,C,0.735964,92.74361188157548,68.25595959568535,1,0.585820895522388,3.999999999999999,9.68421052631579
1669,137655,B,0.75126904,90.85087520903645,68.25345002784506,0,0.6327868852459017,20.0,10.166666666666666
1670,69199,D,0.549376,124.2361349767251,68.25235224249812,1,0.6155378486055777,11.0,6.5777777777777775
1671,91275,C,0.757843,90.0590407692644,68.25061521677071,1,0.5398550724637681,8.333333333333334,9.08
1672,155418,D,0.6656523,102.53153861616934,68.25035194786471,1,0.64,7.999999999999999,8.375
1673,145268,C,0.7685732,88.80084354552923,68.24995066606128,0,0.4532374100719424,5.0,7.5
1674,152516,D,0.7446014,91.6565146684061,68.24757175422917,0,0.6115384615384616,6.0,9.515151515151516
1675,187695,C,0.75019014,90.96366023602762,68.24004089975284,0,0.3916666666666666,2.333333333333333,8.833333333333334
1676,200852,D,0.7230226,94.37525459875928,68.2354400820051,0,0.7400568181818182,7.333333333333333,9.866666666666667
1677,144253,C,0.7360218,92.70509548825132,68.23297280143716,0,0.4788732394366197,-2.333333333333333,9.25
1678,57189,C,0.5476051,124.601418544227,68.23237192486363,0,0.5550351288056206,4.666666666666666,5.7407407407407405
1679,115056,C,0.7799562,87.48082746887543,68.23121565336017,0,0.5603448275862069,4.333333333333333,8.03448275862069
1680,60159,C,0.7615436,89.59527426269473,68.2307051917633,0,0.3815789473684211,2.6666666666666665,7.5
1681,90303,D,0.77539897,87.99199840741105,68.2289049025746,0,0.6590909090909091,7.666666666666666,11.090909090909092
1682,122517,C,0.9048768,75.39597693355468,68.22407246619765,1,0.3647058823529411,5.333333333333333,11.5
1683,184687,B,0.7106584,96.00047285463776,68.22353969716443,0,0.7550335570469798,17.333333333333332,10.689655172413794
1684,121564,C,0.5296872,128.7867387185683,68.21669035406771,0,0.4193548387096774,9.333333333333332,5.368421052631579
1685,52061,D,0.75184786,90.7285281103352,68.21404999079411,0,0.6521739130434783,7.333333333333333,11.535714285714286
1686,95107,C,0.77706367,87.78194799576033,68.21216247394965,1,0.4050632911392405,0.0,7.25
1687,12527,C,0.82820594,82.35966034226144,68.21076016778464,0,0.5294117647058824,0.333333333333333,12.0
1688,72081,D,0.7805236,87.38917113032097,68.20931029384005,0,0.6150234741784038,9.666666666666664,9.78125
1689,179348,C,0.7300716,93.42688917071573,68.2083188571253,0,0.3955223880597014,7.0,7.416666666666667
1690,112621,B,0.7673564,88.88663677533143,68.20772922371873,1,0.519163763066202,17.333333333333336,8.48
1691,39346,B,0.7641265,89.25610047139018,68.20294983832133,1,0.6748768472906403,11.999999999999998,10.727272727272728
1692,46994,C,0.66317594,102.8387186875744,68.2001639868468,0,0.6485355648535565,-0.666666666666667,8.666666666666666
1693,59443,C,0.5580278,122.21577865895236,68.19980256672184,1,0.6450304259634888,2.0,6.588235294117647
1694,127928,C,0.7122015,95.75858345498725,68.19940448560992,1,0.6170212765957447,3.666666666666666,9.166666666666666
1695,84529,D,0.6648312,102.58143131804742,68.19933824573954,0,0.7044609665427509,6.666666666666666,8.974358974358974
1696,27820,C,0.8405931,81.12947692713425,68.19687847862912,0,0.4507042253521127,5.333333333333333,10.428571428571429
1697,110113,C,0.7900177,86.3155393878235,68.19080597620906,0,0.5974842767295597,4.0,10.909090909090908
1698,15174,C,0.7694674,88.61501007609202,68.18636259392032,1,0.4772727272727273,11.0,8.375
1699,62439,C,0.7136934,95.53655656443313,68.18380800202671,0,0.6388888888888888,2.333333333333334,7.357142857142857
1700,185944,D,0.72659063,93.8373852428873,68.18136517950994,0,0.8148148148148148,14.0,9.0
1701,51880,C,0.72530097,94.0030782289896,68.18052360563784,1,0.5233644859813084,12.333333333333336,8.909090909090908
1702,67146,C,0.76966226,88.58426108017417,68.17996267279757,1,0.4065040650406504,2.333333333333333,9.285714285714286
1703,139138,D,0.74506396,91.50781898006647,68.17917803078353,0,0.5963855421686747,5.999999999999999,10.424242424242424
1704,151776,C,0.7417031,91.91843845697171,68.1761901120376,1,0.6714285714285714,0.333333333333333,8.10344827586207
1705,150767,C,0.9084663,75.04494875600508,68.17580539213765,1,0.5795454545454546,-2.666666666666666,13.666666666666666
1706,115379,C,0.79479784,85.77634822912489,68.17485610124616,1,0.4880952380952381,7.666666666666667,8.2
1707,121690,D,0.8038568,84.80836779060675,68.17378230287399,0,0.6538461538461539,12.666666666666668,9.666666666666666
1708,8105,C,0.67655736,100.75811668240893,68.16864563076116,0,0.4668435013262599,15.000000000000002,6.5
1709,26930,C,0.9090945,74.97986448213092,68.16378334589582,1,0.4057971014492754,-3.0,11.166666666666666
1710,131240,C,0.69817746,97.62710140057116,68.16104137605153,0,0.4148148148148148,5.333333333333334,8.0
1711,27582,C,0.68167603,99.98940896448345,68.16038336085346,0,0.6728395061728395,2.666666666666667,8.93939393939394
1712,116296,C,0.6331772,107.6480542697561,68.16029582935333,1,0.713527851458886,3.0,8.097560975609756
1713,196695,C,0.79485124,85.74313005686821,68.1530335469359,1,0.3473684210526316,2.6666666666666665,8.272727272727273
1714,111279,C,0.75657165,90.08069888483372,68.1525030339485,0,0.4402730375426621,0.6666666666666661,9.875
1715,68219,C,0.6729395,101.2741439167868,68.15136967908518,0,0.7557251908396947,1.9999999999999991,9.4
1716,26977,C,0.7816606,87.18714108350066,68.1507544412961,1,0.6239669421487604,1.333333333333334,11.318181818181818
1717,185608,C,0.76624525,88.94048176595669,68.15022132420236,0,0.636734693877551,-0.666666666666667,11.391304347826088
1718,188264,D,0.8398357,81.14540163581749,68.14880545829774,1,0.6042780748663101,14.0,10.142857142857142
1719,98478,D,0.5900402,115.49688632434668,68.14780670418352,0,0.8636363636363636,5.333333333333334,6.0588235294117645
1720,95399,C,0.6782377,100.4653543052716,68.13938848486109,0,0.4576923076923077,9.0,7.0
1721,203350,D,0.5836991,116.7340317011532,68.13755008032985,0,0.766,13.0,7.0
1722,50071,D,0.72144294,94.44144531983684,68.13411376643313,0,0.6894736842105263,7.666666666666666,10.96774193548387
1723,77779,C,0.6814054,99.98019933826238,68.1270502288436,1,0.7031963470319634,2.666666666666667,10.375
1724,17437,C,0.7259118,93.8498837972274,68.12673771036346,1,0.7665505226480837,2.0,12.2
1725,50848,D,0.78803176,86.44999349950722,68.12534025949964,1,0.6909492273730684,6.666666666666666,11.172413793103448
1726,36143,D,0.7388605,92.202503088765,68.12478642126317,1,0.5789473684210527,9.333333333333332,8.375
1727,62790,C,0.5395961,126.2499186144702,68.12396128316578,0,0.4732142857142857,5.0,5.415094339622642
1728,83588,D,0.74153554,91.86688646522911,68.12256166690837,1,0.7359154929577465,6.666666666666666,11.714285714285714
1729,66559,D,0.71345955,95.47778062391126,68.11953452633819,0,0.7168458781362007,5.333333333333333,10.0
1730,140816,C,0.91147906,74.72256485607166,68.10805286805636,1,0.5,0.0,12.571428571428571
1731,66329,B,0.7820186,87.09069693684611,68.10654505655944,0,0.6102941176470589,14.0,9.5
1732,161923,D,0.65947646,103.26545818720456,68.1011387050299,0,0.6178217821782178,14.333333333333336,7.5
1733,134712,C,0.9157055,74.3690519141541,68.1001500187861,1,0.4242424242424242,-2.0,10.8
1734,174101,C,0.9047312,75.26924045690815,68.09843129893481,0,0.5454545454545454,5.333333333333334,10.666666666666666
1735,127262,C,0.75836915,89.79395783065158,68.09696727560517,0,0.46875,0.666666666666667,9.571428571428571
1736,51263,D,0.5405673,125.96956161543008,68.09502314189201,0,0.7029702970297029,9.666666666666666,7.204081632653061
1737,72327,B,0.746076,91.27009937494368,68.09442954921253,0,0.8071428571428572,20.0,11.5
1738,138185,C,0.5121073,132.9678695029885,68.09381832386606,0,0.7647058823529411,2.0,5.846153846153846
1739,103718,C,0.90599084,75.1583158858146,68.09274566755566,1,0.4533333333333333,-2.333333333333333,10.727272727272728
1740,19745,D,0.5114803,133.12274658107816,68.0896586062161,0,0.8027027027027027,8.666666666666666,6.413043478260869
1741,60023,C,0.7671536,88.75261251076088,68.08688803598136,0,0.4642857142857143,2.0,9.22222222222222
1742,57733,C,0.72009647,94.54258829324093,68.07978399303784,1,0.5260416666666666,13.0,8.4
1743,78326,C,0.7857692,86.64039952745159,68.0793595181933,1,0.5818181818181818,2.999999999999999,11.714285714285714
1744,51605,C,0.50744706,134.15285084539855,68.07547027838181,0,0.7383177570093458,4.666666666666667,6.531914893617022
1745,44058,D,0.7110721,95.73139504597704,68.0719228943257,0,0.7052631578947368,10.333333333333332,9.655172413793103
1746,139986,C,0.775333,87.79609900801938,68.07121171792069,1,0.4285714285714285,-0.666666666666667,8.875
1747,73716,C,0.8591746,79.22681060307727,68.0696640368147,0,0.4696969696969697,6.666666666666667,8.928571428571429
1748,12444,C,0.76427186,89.06247900158877,68.06794606899844,0,0.6807511737089202,2.333333333333332,12.210526315789474
1749,44848,D,0.8285813,82.13169700564112,68.05278610422955,0,0.5705882352941176,9.333333333333334,8.481481481481481
1750,179474,D,0.7250554,93.8556928453226,68.0505765950837,0,0.7427055702917772,7.333333333333333,10.857142857142858
1751,41025,C,0.7799904,87.24457355897921,68.04992765064421,0,0.4117647058823529,11.666666666666668,7.666666666666667
1752,202441,D,0.69566345,97.81860579555962,68.04882899208616,0,0.75,6.666666666666666,10.264705882352942
1753,54993,C,0.94238,72.20776544952966,68.04715480451223,1,0.4193548387096774,0.0,12.0
1754,135079,C,0.5476051,124.26125583924788,68.04609709370779,0,0.5297805642633229,5.0,5.96078431372549
1755,74415,C,0.71434486,95.25371952784822,68.0440048570844,0,0.6538461538461539,-0.3333333333333339,7.5
1756,40053,C,0.6786093,100.2451551885715,68.02729575181273,1,0.3539325842696629,1.333333333333333,8.666666666666666
1757,201487,C,0.47098678,144.43010138688757,68.024668893437,0,0.5396825396825397,2.666666666666666,5.482758620689655
1758,96409,D,0.7599094,89.51667622629668,68.02456295156226,1,0.676829268292683,7.999999999999999,11.8
1759,189421,D,0.76007956,89.49401723202195,68.02257347876258,0,0.6048951048951049,13.666666666666668,10.1875
1760,85144,D,0.6627773,102.63124984821546,68.02166314719456,0,0.7559912854030502,11.333333333333336,7.6923076923076925
1761,199860,C,0.69120926,98.40606615221547,68.01918383482688,0,0.320754716981132,-5.333333333333333,6.285714285714286
1762,66427,D,0.76603407,88.7893965511503,68.01570251788277,1,0.624,15.999999999999998,10.52
1763,22379,D,0.7043279,96.56688895553164,68.01475230527888,0,0.7142857142857143,8.666666666666666,9.52777777777778
1764,33960,C,0.49918637,136.24381383950228,68.01105442903896,0,0.634020618556701,1.333333333333333,5.051724137931035
1765,143154,B,0.77356654,87.91858342084751,68.01087473515877,0,0.6595744680851063,13.000000000000002,11.0
1766,185739,D,0.5391243,126.14914434649792,68.01007040499422,0,0.6292682926829268,7.666666666666667,6.111111111111111
1767,180785,D,0.5905424,115.16472379839972,68.00964962805996,0,0.785234899328859,7.666666666666667,6.419354838709677
1768,104826,C,0.81352085,83.59829878886129,68.00895898485982,0,0.5714285714285714,2.333333333333333,9.333333333333334
1769,143307,C,0.8622433,78.87131626056969,68.00626359109187,1,0.4,10.0,8.571428571428571
1770,132187,D,0.79066753,86.01011650851596,68.00540670804774,1,0.55078125,12.666666666666666,7.962962962962963
1771,53415,C,0.6851641,99.24721436714472,68.00062771103538,0,0.5213675213675214,13.999999999999998,6.846153846153846
1772,52789,C,0.7490941,90.7757368659745,67.99957150643013,1,0.5212765957446809,3.6666666666666665,8.695652173913043
1773,29430,C,0.7684286,88.48976664925848,67.99806959572666,0,0.5027027027027027,4.0,8.642857142857142
1774,165758,B,0.8137308,83.56295833289728,67.99775095498593,0,0.6566265060240963,17.666666666666668,7.815789473684211
1775,195443,D,0.4612511,147.41491762327178,67.99529436048306,1,0.7246653919694073,10.333333333333334,4.56
1776,122235,C,0.555983,122.29492988926224,67.99390285508426,0,0.5786516853932584,3.333333333333333,7.576923076923077
1777,81726,C,0.55404866,122.71933721364702,67.99248402236171,1,0.6902286902286903,4.666666666666667,7.607142857142857
1778,39417,B,0.7540147,90.17321931040368,67.99193027771486,0,0.6098654708520179,16.666666666666668,11.571428571428571
1779,169321,C,0.68431455,99.3442014153124,67.98268238423171,0,0.5632183908045977,3.333333333333334,8.5
1780,150776,D,0.7372511,92.20720554184084,67.97986398329411,0,0.6553398058252428,7.333333333333333,10.538461538461538
1781,108197,C,0.70900077,95.88089527967104,67.9796282246416,0,0.7076923076923077,1.333333333333334,10.25
1782,187715,C,0.80785656,84.14539543417388,67.97740967454267,1,0.5625,-1.666666666666666,11.666666666666666
1783,93212,C,0.5885979,115.48687245257872,67.97532987730969,0,0.487518355359765,9.0,5.793103448275862
1784,18834,C,0.8396897,80.94725990714105,67.97057812018008,1,0.6666666666666666,0.6666666666666661,9.75
1785,25652,D,0.7342725,92.56277910438084,67.96630136968284,0,0.6654804270462633,7.666666666666666,10.71875
1786,69306,C,0.56916845,119.40915458980186,67.96392324838654,0,0.5492957746478874,10.0,6.266666666666667
1787,123497,D,0.71099216,95.5873763915982,67.96187496653265,1,0.6101694915254238,14.0,7.758620689655173
1788,133894,C,0.70841956,95.92226790759256,67.95321095825751,0,0.5045045045045045,4.999999999999999,7.791666666666667
1789,155772,D,0.7621375,89.15818191371207,67.95079142796192,0,0.5966386554621849,6.666666666666666,9.75
1790,144712,C,0.97851264,69.43839752380464,67.94635000945324,1,0.2758620689655172,0.0,10.0
1791,200459,C,0.91658413,74.12937841356381,67.94581212470607,1,0.3703703703703703,-1.333333333333333,10.4
1792,15595,D,0.7544561,90.05741292681265,67.94436478934094,1,0.5662650602409639,10.0,9.6
1793,163865,C,0.5111908,132.9117555671259,67.94326294375449,0,0.5806451612903226,3.999999999999999,6.5
1794,44005,D,0.78120273,86.97113176380698,67.9420858709265,0,0.6730769230769231,7.666666666666666,12.423076923076923
1795,180308,C,0.5438315,124.93102961009228,67.94143263166309,0,0.8084507042253521,3.666666666666666,7.0638297872340425
1796,167048,C,0.7813274,86.95413111286845,67.93964748018414,0,0.7565217391304347,3.0,10.19047619047619
1797,158007,C,0.70966923,95.73415731031724,67.93958592985511,0,0.5271317829457365,6.0,8.866666666666667
1798,80638,D,0.5139942,132.17869483161238,67.93908474334285,0,0.6753246753246753,8.666666666666668,7.04
1799,149193,C,0.74605185,91.06346223849044,67.93806428235965,1,0.5491329479768786,9.333333333333332,7.695652173913044
1800,66056,C,0.4809674,141.24012364983997,67.93189539473723,0,0.745398773006135,-1.6666666666666663,5.260869565217392
1801,132058,C,0.72165793,94.13282824193053,67.93170214399457,0,0.4025974025974026,8.666666666666666,6.8
1802,148130,C,0.7558417,89.87395989729241,67.9304841558226,0,0.7029702970297029,2.0,12.03448275862069
1803,166879,D,0.80143267,84.75926038658791,67.92884028788372,0,0.603515625,10.0,11.947368421052632
1804,125920,D,0.724303,93.7809508014041,67.9258246765788,0,0.6320754716981132,6.666666666666668,10.064516129032258
1805,6545,C,0.6789504,100.0430199643225,67.92425131950147,0,0.5211267605633803,3.666666666666667,8.631578947368421
1806,25540,D,0.56782717,119.61998066843256,67.92347451547874,0,0.6136363636363636,6.333333333333333,7.0
1807,201102,C,0.6587321,103.11180505821304,67.92305755350635,0,0.671957671957672,0.666666666666667,8.321428571428571
1808,90768,C,0.9776954,69.47045196879576,67.92094170673612,1,0.2622950819672131,0.0,9.25
1809,200659,D,0.7704177,88.16000402714502,67.92002667741286,0,0.7431192660550459,8.333333333333332,13.25
1810,90041,B,0.67624193,100.43623411332004,67.91919323054586,0,0.5875706214689266,20.33333333333333,7.069767441860465
1811,163185,C,0.7505221,90.49366635829703,67.91749443813826,0,0.5746268656716418,4.666666666666667,9.6
1812,135017,D,0.7274716,93.35099365066542,67.91019578306089,0,0.8038461538461539,9.333333333333332,9.393939393939394
1813,51916,C,0.683363,99.37326894546524,67.90801721558951,1,0.5079365079365079,0.9999999999999996,7.5
1814,89147,D,0.74846476,90.72684182816838,67.90584418158494,1,0.7058823529411765,6.666666666666667,11.666666666666666
1815,154873,C,0.8925522,76.07186412769224,67.89810945549945,1,0.3723404255319149,4.333333333333334,11.285714285714286
1816,187487,C,0.8019229,84.6687500950318,67.89781108594305,1,0.4602510460251046,4.333333333333333,11.285714285714286
1817,199639,C,0.7090028,95.76142035139436,67.89511447500757,1,0.5714285714285714,2.333333333333333,10.22222222222222
1818,202074,C,0.8505761,79.8217434830771,67.89446748523781,1,0.3983050847457627,10.333333333333334,9.090909090909092
1819,26478,C,0.6731632,100.84198742804026,67.88311248914901,1,0.3870967741935484,-1.0,6.538461538461538
1820,85837,D,0.6330781,107.2249659747658,67.88177754927804,0,0.58,8.666666666666666,7.416666666666667
1821,119461,C,0.5898245,115.08529664538771,67.8801272864911,1,0.4763406940063091,4.666666666666666,6.161290322580645
1822,30831,C,0.9053282,74.97840766834166,67.88006791558117,1,0.6078431372549019,4.666666666666667,12.875
1823,141643,C,0.74195826,91.48739454744404,67.87982811941005,0,0.5823754789272031,1.333333333333333,9.037037037037036
1824,7328,C,0.86486167,78.47558396730133,67.87052438101811,0,0.6987951807228916,0.666666666666667,10.571428571428571
1825,182320,D,0.7694675,88.19175269677226,67.86068508968,0,0.6255707762557078,10.0,11.733333333333333
1826,84933,D,0.6936336,97.83360919035208,67.86068010615958,0,0.56875,6.0,8.791666666666666
1827,115543,C,0.63008326,107.69840328123284,67.8589613507541,0,0.7637795275590551,5.0,8.45
1828,140448,C,0.7607322,89.1984055943155,67.85609699793278,0,0.4705882352941176,2.666666666666667,8.941176470588236
1829,54461,B,0.7575904,89.56136766175804,67.8508335240961,0,0.5491803278688525,21.33333333333333,9.785714285714286
1830,143719,B,0.7611087,89.14711200885787,67.85064221429997,0,0.6331521739130435,22.666666666666668,8.0
1831,182134,C,0.76989925,88.12636079360789,67.84841899887367,0,0.7302904564315352,3.333333333333332,12.272727272727272
1832,139614,D,0.61085767,111.06643052868822,67.84578047248044,0,0.7663551401869159,7.666666666666667,8.071428571428571
1833,22297,C,0.7798973,86.99118339578571,67.84418666947336,1,0.5119047619047619,10.333333333333332,10.384615384615383
1834,51363,C,0.66526,101.97132819820123,67.83744752230488,0,0.5714285714285714,1.6666666666666663,6.774193548387097
1835,114563,C,0.6455594,105.08288811772124,67.83724310546124,0,0.6600985221674877,1.0,8.85
1836,116520,D,0.7512838,90.29445503432768,67.83676350425996,1,0.7804878048780488,12.333333333333334,8.05
1837,178660,D,0.66870946,101.44175769761996,67.83506269904895,1,0.784070796460177,9.333333333333332,8.18421052631579
1838,55630,D,0.57140875,118.70639317503684,67.82987157813791,0,0.596529284164859,6.0,6.16
1839,99786,C,0.55985045,121.1523935606129,67.82722257812992,0,0.6976047904191617,0.333333333333333,6.0
1840,102211,D,0.5920884,114.55159156944612,67.82466872073962,1,0.6707566462167689,10.0,7.25
1841,145289,D,0.5868822,115.56643169073703,67.82387867382097,0,0.6561679790026247,11.0,7.0
1842,27136,C,0.8639714,78.49443445120154,67.81694738122059,1,0.4893617021276595,2.333333333333333,12.5
1843,195716,C,0.5517504,122.90509933337272,67.81294036464337,1,0.7297297297297297,3.666666666666666,7.204081632653061
1844,72643,C,0.86319476,78.56022342245176,67.81277349025389,0,0.3238095238095238,4.999999999999999,8.727272727272727
1845,67472,B,0.718717,94.35226748460649,67.81257665086441,1,0.5933734939759037,18.0,8.439024390243903
1846,128393,B,0.74455136,91.07728105332244,67.81171352865077,0,0.695906432748538,13.333333333333332,11.52
1847,144765,C,0.6934935,97.78246743165867,67.8115041551549,0,0.4868421052631579,3.666666666666667,9.666666666666666
1848,102886,D,0.71852714,94.37313740294292,67.80966034422372,0,0.6005221932114883,9.0,9.058823529411764
1849,120019,B,0.8160327,83.09595619264525,67.80901813007303,1,0.5568862275449101,17.666666666666668,10.25
1850,155495,C,0.79346025,85.4591099692617,67.80840675251187,0,0.4655172413793103,7.666666666666667,7.52
1851,63938,C,0.6746461,100.50598867632452,67.80597123079937,0,0.4609375,6.666666666666667,7.5
1852,158248,C,0.71364933,95.00824262205,67.8025689314421,0,0.5578231292517006,-1.333333333333333,10.266666666666667
1853,198636,D,0.7264075,93.33471107150896,67.7990367389168,0,0.56,12.0,8.5625
1854,110994,C,0.66499275,101.9499025010623,67.79594599491175,0,0.4788213627992633,6.333333333333334,6.159090909090909
1855,161699,C,0.72837126,93.07078628844124,67.79008611546611,0,0.3191489361702128,8.666666666666668,6.333333333333333
1856,52254,D,0.5563993,121.83423434652735,67.7884809755819,1,0.7008547008547008,8.0,7.12
1857,174893,C,0.7568848,89.55073744003973,67.7795931889623,0,0.5315315315315315,3.0,9.714285714285714
1858,174680,C,0.7463905,90.8090672774272,67.77902708451909,1,0.6666666666666666,4.0,11.2
1859,93875,C,0.91133696,74.37207318172479,67.77801896395671,1,0.3595505617977528,-1.0,11.0
1860,20818,C,0.7831645,86.5345576840481,67.77079370434086,0,0.6078431372549019,0.0,7.75
1861,76847,D,0.66949195,101.227106351085,67.77073248951595,1,0.5776699029126213,8.666666666666668,7.222222222222222
1862,14253,C,0.71124333,95.2836683773925,67.7698737278312,1,0.5875251509054326,5.0,9.21875
1863,87809,D,0.72855884,93.01219147440337,67.76485417460329,0,0.7714285714285715,11.0,9.5
1864,26593,C,0.7580793,89.38585633234892,67.76156653933087,0,0.5771428571428572,1.666666666666666,9.0
1865,96026,C,0.7150403,94.76277956852309,67.75920880656935,0,0.7275449101796407,3.0,10.419354838709678
1866,32110,D,0.5725341,118.34807375617252,67.75830603903415,1,0.760932944606414,7.666666666666667,7.586206896551724
1867,5416,D,0.6359129,106.5418252646167,67.75132056419584,0,0.6622807017543859,6.666666666666667,8.636363636363637
1868,189228,B,0.7741797,87.51111308904962,67.7493270186286,0,0.592255125284738,13.0,11.566666666666666
1869,15376,C,0.6365006,106.4345268426691,67.7456398767844,0,0.52,-2.666666666666666,7.166666666666667
1870,17590,C,0.9311912,72.74648350711998,67.74088570768237,1,0.3611111111111111,1.666666666666666,11.0
1871,93375,D,0.75217986,90.05806287003962,67.73986121770496,0,0.6727748691099477,6.666666666666666,9.941176470588236
1872,9185,D,0.63605607,106.49132234985198,67.7344515100633,0,0.6124031007751938,5.333333333333334,8.044444444444444
1873,126184,C,0.85204256,79.4920674947127,67.73062435473821,1,0.6818181818181818,-2.666666666666667,10.1
1874,35439,D,0.722413,93.74735537716386,67.72430856301193,0,0.7083333333333334,12.666666666666666,9.925925925925926
1875,174696,D,0.77195746,87.72727801377609,67.72172645079995,1,0.75,13.333333333333332,13.0
1876,120865,C,0.7816718,86.63584241102046,67.72079679408492,0,0.5681233933161953,3.6666666666666665,9.5
1877,191501,C,0.6933639,97.6589951729672,67.71322224691501,0,0.6978193146417445,2.333333333333333,7.73170731707317
1878,139972,C,0.74682975,90.66605762570929,67.71210898269608,0,0.6443594646271511,0.0,10.482758620689657
1879,64058,D,0.77839816,86.98876975659836,67.71189798569154,1,0.603448275862069,5.666666666666666,11.526315789473683
1880,54165,C,0.81828415,82.74321840579515,67.70746446731751,1,0.4117647058823529,7.666666666666667,9.88888888888889
1881,200073,C,0.54654324,123.88264611820752,67.7072228570047,0,0.7057142857142857,1.0,8.0
1882,64028,D,0.7660773,88.36205930526278,67.69216605171142,0,0.5905511811023622,12.0,10.884615384615383
1883,37280,C,0.7639631,88.6032652790907,67.68962550462867,0,0.640625,2.666666666666667,11.473684210526317
1884,176185,D,0.72258353,93.6764117462988,67.68903249595616,0,0.7208029197080292,13.333333333333332,12.357142857142858
1885,39283,C,0.9502663,71.23145726202489,67.6888534522371,1,0.5,4.0,11.4
1886,203033,C,0.6875588,98.4420819462588,67.68472266450905,0,0.5384615384615384,-1.333333333333334,8.416666666666666
1887,158801,C,0.77999955,86.77344175977156,67.68324588531253,1,0.6216814159292036,2.666666666666666,12.0
1888,7325,D,0.74876076,90.3917787975623,67.68181697489095,1,0.5916666666666667,9.666666666666668,9.5625
1889,101471,C,0.7901947,85.6510658808317,67.68101747135972,1,0.4615384615384615,-2.0000000000000004,6.444444444444445
1890,30699,B,0.6615039,102.3072598370236,67.67665250776389,0,0.74,14.0,8.894736842105264
1891,75743,C,0.71703523,94.38293414264048,67.67588926616395,0,0.5185185185185185,8.666666666666668,8.933333333333334
1892,138619,C,0.8307503,81.45308733783253,67.66717564865945,1,0.34375,-4.666666666666666,8.285714285714286
1893,120251,C,0.80329585,84.23605815374714,67.66647599875955,1,0.5,-1.0000000000000004,7.25
1894,115275,D,0.71878695,94.13775127394932,67.66498757743035,0,0.667953667953668,8.666666666666666,10.25
1895,155314,D,0.7948946,85.11700095287674,67.65904238901595,0,0.6323529411764706,12.0,10.565217391304348
1896,68724,D,0.77071303,87.77588295854306,67.65001682930716,1,0.5593869731800766,6.333333333333334,8.484848484848484
1897,32592,D,0.7789975,86.84203116945947,67.64972351458157,0,0.5955056179775281,8.333333333333332,11.766666666666667
1898,61484,C,0.90137416,75.04880809858243,67.64705645217953,1,0.3333333333333333,0.0,11.6
1899,197608,B,0.67285496,100.5289785954803,67.64142186815933,0,0.6941176470588235,16.333333333333336,8.435897435897436
1900,106071,C,0.48487404,139.4980532469811,67.63898463442834,0,0.6637168141592921,4.0,6.074074074074074
1901,120126,C,0.97851264,69.12235290977702,67.63709635831647,1,0.3454545454545454,0.0,10.25
1902,102582,C,0.6330725,106.8377146366132,67.6360186142986,1,0.6755555555555556,0.666666666666667,8.6
1903,65535,C,0.90546274,74.69625792411694,67.63467850604066,1,0.4647887323943662,1.666666666666666,11.2
1904,196716,C,0.61019635,110.83609511359576,67.63178090879589,0,0.519650655021834,6.0,6.241379310344827
1905,171752,C,0.70406055,96.05215115180847,67.6265308012822,0,0.5507246376811594,1.333333333333333,10.3
1906,77643,C,0.8038616,84.11909055433942,67.62010824123215,1,0.5476190476190477,6.0,9.4
1907,32867,C,0.7671951,88.12699808904148,67.61060160096243,0,0.6473988439306358,2.000000000000001,10.25
1908,170426,D,0.7843152,86.19616471567521,67.60496462154188,0,0.5674300254452926,14.666666666666664,8.11111111111111
1909,118159,C,0.7590833,89.0601254154488,67.60405131839912,0,0.6054421768707483,1.333333333333333,10.636363636363637
1910,157981,D,0.68195325,99.13248033967989,67.60371728320906,0,0.6932515337423313,15.333333333333336,9.346153846153848
1911,141634,D,0.6617822,102.15142113143658,67.60199273095401,1,0.5574712643678161,6.0,7.590909090909091
1912,22922,D,0.7455463,90.67065061231358,67.59916639048369,1,0.7391304347826086,12.0,9.933333333333334
1913,136553,C,0.90198416,74.94069271685736,67.59531740867394,1,0.4864864864864865,-1.333333333333334,12.5
1914,178810,B,0.72217727,93.59840040980154,67.59463701050319,1,0.6861702127659575,18.0,11.052631578947368
1915,135888,C,0.89551836,75.4760734925331,67.59020974363283,1,0.5116279069767442,1.0,11.2
1916,93467,C,0.7641135,88.44949768304618,67.58545399301374,0,0.6013071895424836,-3.666666666666666,11.5
1917,95404,B,0.76311564,88.56207838777165,67.5831075231547,0,0.6264150943396226,17.333333333333336,9.76923076923077
1918,67100,D,0.7513862,89.94021316418244,67.5798372652357,0,0.6938775510204082,16.333333333333332,11.857142857142858
1919,120128,C,0.8394691,80.49900321984626,67.57642378772299,0,0.6460176991150443,0.3333333333333321,12.625
1920,190724,C,0.7354909,91.8773757753802,67.57497546711839,1,0.6683417085427136,5.0,10.0
1921,45572,C,0.68222815,99.0499083928276,67.57463556077916,1,0.4333333333333333,-1.0,8.444444444444445
1922,98228,C,0.80279016,84.17099305244953,67.57164539637166,1,0.4285714285714285,7.666666666666667,9.785714285714286
1923,123027,C,0.8638269,78.22231779525568,67.57054001705053,1,0.4761904761904761,-0.666666666666667,11.5
1924,76145,B,0.73299533,92.18200951033523,67.56898259976496,0,0.6275659824046921,20.0,9.17142857142857
1925,170519,C,0.7025521,96.16471136481294,67.56071800679862,0,0.5196850393700787,2.6666666666666665,7.32
1926,74895,D,0.8389407,80.52919068448254,67.5592139948644,1,0.6195652173913043,6.333333333333333,9.0
1927,126831,C,0.8462604,79.83188331683724,67.55856377797267,0,0.5495495495495496,6.000000000000001,10.77777777777778
1928,3455,D,0.8304569,81.34670083752306,67.55493002101801,1,0.6145833333333334,12.666666666666666,8.714285714285714
1929,137160,C,0.6471053,104.38920549918213,67.55080569699753,0,0.6808510638297872,2.333333333333334,8.325
1930,26760,C,0.52322847,129.1030111242702,67.55037053247513,0,0.6677018633540373,4.666666666666666,7.081632653061225
1931,48112,C,0.87391347,77.29466525368576,67.54884888707244,1,0.4285714285714285,-0.3333333333333339,12.0
1932,173980,C,0.918824,73.513789742171,67.54623559931494,1,0.4222222222222222,5.666666666666667,11.333333333333334
1933,84927,B,0.72712547,92.8946547120836,67.54606908434762,0,0.7644376899696048,13.0,9.833333333333334
1934,142785,C,0.73023945,92.49298182056488,67.54202425967105,1,0.6493506493506493,4.999999999999999,9.8
1935,13700,D,0.6637414,101.75950898174116,67.54199994991848,0,0.5683060109289617,14.0,7.157894736842105
1936,69398,C,0.7724722,87.43476576335186,67.54092610858285,0,0.4655172413793103,6.0,8.076923076923077
1937,84996,D,0.69412035,97.30123326314994,67.53876584478135,0,0.6452905811623246,10.0,9.088235294117649
1938,176293,C,0.8866555,76.17083446154541,67.53729003640079,1,0.4677419354838709,3.333333333333333,12.0
1939,122193,C,0.72020674,93.7725958608346,67.53565533355471,0,0.5707547169811321,4.999999999999999,9.785714285714286
1940,10322,C,0.7596211,88.90649828057015,67.53525057509682,0,0.4174757281553398,7.333333333333334,9.555555555555555
1941,7725,C,0.71437514,94.5374942165493,67.53523550385454,0,0.5390946502057613,5.666666666666667,9.6
1942,133479,D,0.7732676,87.33453636343958,67.53296966815059,0,0.5924528301886792,5.666666666666666,9.565217391304348
1943,31964,C,0.885506,76.2578638492419,67.52679402530723,1,0.3884297520661157,5.999999999999999,10.857142857142858
1944,107698,D,0.5824714,115.928983608873,67.5253139861728,1,0.812051649928264,12.0,7.466666666666667
1945,122026,C,0.64686537,104.38734368185348,67.52455747375983,1,0.5517241379310345,-1.3333333333333337,8.4
1946,184327,C,0.65352106,103.32300131970707,67.52375744233233,1,0.7099697885196374,1.333333333333332,9.357142857142858
1947,111691,C,0.7529782,89.67275889088143,67.52163308810714,1,0.7553956834532374,0.0,10.666666666666666
1948,186157,D,0.65117466,103.68484139541874,67.51694180912538,0,0.7078651685393258,12.666666666666668,8.916666666666666
1949,16661,C,0.68868977,98.0352894357404,67.51590076813144,0,0.5882352941176471,-0.666666666666667,9.294117647058824
1950,50836,D,0.5778959,116.82238204510496,67.5111732459189,1,0.6384180790960452,12.666666666666666,5.9375
1951,168043,D,0.72859305,92.65706374778944,67.5092928128761,1,0.6323529411764706,11.333333333333334,9.615384615384617
1952,37901,D,0.7118626,94.83298838115483,67.50805992152,0,0.5844155844155844,6.666666666666668,9.666666666666666
1953,60145,D,0.7479851,90.24173668989062,67.49947666102646,1,0.5737704918032787,7.666666666666667,10.066666666666666
1954,47230,D,0.7842357,86.06968529803409,67.49892126407275,0,0.6852791878172588,13.0,11.090909090909092
1955,102494,B,0.6679792,101.04631528286356,67.49683490680272,1,0.5059952038369304,24.666666666666668,6.82051282051282
1956,64389,C,0.73174906,92.23960309803492,67.49624265604511,0,0.5051546391752577,-4.333333333333333,9.571428571428571
1957,45477,C,0.8689542,77.67498478005483,67.496002835871,0,0.5263157894736842,7.0,10.538461538461538
1958,109690,C,0.8449405,79.8823319744592,67.49581620720673,1,0.4032258064516129,6.666666666666666,8.583333333333334
1959,33447,D,0.555124,121.57985477609397,67.49189345637504,0,0.7136563876651982,9.0,7.15
1960,94684,C,0.78295535,86.1976851091683,67.488938583824,0,0.6296296296296297,2.666666666666667,10.0
1961,55794,D,0.57708526,116.94136714191995,67.48513886150603,0,0.5747663551401869,10.333333333333332,6.076923076923077
1962,138435,C,0.76631504,88.06211157970294,67.48332081945485,0,0.6078431372549019,3.333333333333334,9.894736842105264
1963,200706,C,0.7553606,89.33916366958736,67.48328457068222,0,0.5427350427350427,1.0,9.2
1964,53487,D,0.6526121,103.4043480398554,67.48292770083245,0,0.7202572347266881,6.666666666666666,8.871794871794872
1965,101672,C,0.7734982,87.2404896747497,67.48035977010247,1,0.564748201438849,3.333333333333334,11.571428571428571
1966,160726,C,0.77775276,86.76217583121029,67.47952146232838,0,0.4222222222222222,10.0,8.6
1967,21656,C,0.8690168,77.64616823204118,67.47582667993491,0,0.4184782608695652,4.0,10.538461538461538
1968,51932,D,0.7410853,91.0441927831534,67.47151209426133,0,0.5804347826086956,7.000000000000001,9.61904761904762
1969,100752,C,0.60054994,112.34861344449504,67.47095264687316,0,0.6275862068965518,0.3333333333333339,8.545454545454545
1970,98901,C,0.806685,83.63684011735744,67.4685819325344,1,0.5813953488372093,-0.333333333333333,9.375
1971,169159,C,0.7907227,85.32495759327227,67.4683832154874,1,0.6084656084656085,-0.3333333333333321,12.428571428571429
1972,9965,C,0.7196467,93.74084115820324,67.46028627067098,1,0.5652173913043478,3.333333333333333,9.22222222222222
1973,2235,C,0.5970068,112.99295907009538,67.45756466731376,0,0.4674556213017751,10.0,6.5
1974,184974,C,0.60339445,111.79534968242211,67.45669339524034,0,0.7209302325581395,-3.0,6.8
1975,118679,C,0.61698914,109.32622222352003,67.45309136364797,0,0.3644859813084112,5.666666666666667,5.476190476190476
1976,194653,C,0.56494606,119.39506485835648,67.45177092742333,1,0.4605263157894737,9.666666666666668,5.52542372881356
1977,169735,C,0.66821724,100.94144963804187,67.450817056799,0,0.6412698412698413,2.333333333333333,8.6875
1978,130444,C,0.78096586,86.36394888119423,67.44729601331188,1,0.5047318611987381,12.333333333333332,11.285714285714286
1979,115818,D,0.6532394,103.24942971485734,67.4465985112034,0,0.5701357466063348,13.0,6.51063829787234
1980,178082,C,0.7187146,93.84328915676387,67.44654154485067,0,0.4848484848484848,12.333333333333332,8.4
1981,113265,C,0.83968925,80.32282522591328,67.44621325422446,0,0.2941176470588235,5.666666666666667,8.625
1982,107120,C,0.79401493,84.94101864311729,67.444437033634,0,0.4602272727272727,11.0,8.346153846153847
1983,101453,C,0.8656256,77.91163698738954,67.44230906372172,0,0.2641509433962264,7.666666666666666,8.285714285714286
1984,173666,C,0.8184479,82.39400513730624,67.43519948004335,1,0.7333333333333333,-1.666666666666667,12.5
1985,174920,D,0.60204947,112.00812720685369,67.43443361473369,0,0.7207792207792207,8.333333333333334,7.891891891891892
1986,19842,C,0.90217596,74.74148480937384,67.42997102833792,1,0.2558139534883721,-1.333333333333333,10.0
1987,44536,D,0.78859746,85.50388750964393,67.4281489002537,0,0.7469879518072289,7.0,12.904761904761903
1988,157481,D,0.57901484,116.4488475330653,67.42561055958345,1,0.722707423580786,8.333333333333332,7.372093023255814
1989,143185,D,0.67822456,99.41379100505546,67.42487502008943,1,0.6852791878172588,13.666666666666668,8.96774193548387
1990,205753,B,0.7706923,87.48303716391888,67.42250214964805,1,0.5838150289017341,17.333333333333336,11.15
1991,28350,C,0.7475095,90.19582194754692,67.42223191913338,1,0.5984251968503937,0.3333333333333339,8.62962962962963
1992,199341,D,0.5583896,120.7391404912785,67.41948085729042,0,0.6120092378752887,10.0,6.5
1993,190451,C,0.86022675,78.36761246501608,67.41391660533725,1,0.3360655737704918,2.0,8.933333333333334
1994,180616,C,0.54048884,124.71402045597962,67.40653614191632,0,0.6351875808538163,4.333333333333333,6.735849056603773
1995,35642,D,0.53489876,126.01414403444518,67.40480912621277,0,0.7479224376731302,5.666666666666666,6.833333333333333
1996,115247,C,0.68376875,98.57742878154556,67.40416518096282,0,0.4774193548387097,7.333333333333333,7.411764705882353
1997,132865,C,0.74849343,90.04967291089791,67.40158881748417,0,0.5454545454545454,10.666666666666668,8.333333333333334
1998,84051,C,0.658609,102.33005201810025,67.39549046936637,0,0.5793650793650794,4.333333333333333,7.0
1999,40701,C,0.81837434,82.35096245045855,67.39391419507153,0,0.4457831325301205,4.0,9.75
2000,57951,D,0.71318257,94.49702241907778,67.39362916917521,0,0.711764705882353,5.000000000000001,10.875
2001,137977,B,0.75035614,89.81399731974986,67.39248414496384,0,0.6162790697674418,15.0,10.764705882352942
2002,90649,D,0.62176776,108.3847172021438,67.39012275964699,0,0.6934156378600823,13.000000000000002,7.733333333333333
2003,91159,C,0.7187642,93.75823236958688,67.39005956106074,1,0.6857638888888888,3.666666666666667,10.655172413793103
2004,58914,C,0.71107286,94.7686488251916,67.3874143620547,0,0.4054054054054054,9.0,8.1
2005,48889,C,0.8090574,83.29031756576134,67.38664898527975,1,0.6271186440677966,-0.6666666666666661,12.0
2006,44038,C,0.83504146,80.69745578421194,67.38572156869509,1,0.5333333333333333,1.333333333333334,11.166666666666666
2007,186579,D,0.73101246,92.17191481052026,67.37881851756951,1,0.6387959866220736,5.666666666666667,10.642857142857142
2008,106048,C,0.49028283,137.41872226350014,67.37404053777001,1,0.7439024390243902,-1.333333333333333,6.041666666666667
2009,5303,C,0.6912558,97.4643806787404,67.37281920527391,0,0.6587473002159827,0.666666666666667,9.290322580645162
2010,110022,C,0.57640576,116.88388897862023,67.37254728230972,0,0.7804878048780488,1.333333333333333,4.885714285714286
2011,12220,C,0.81191236,82.97801896760603,67.37087902615622,1,0.4814814814814814,0.6666666666666661,12.0
2012,194841,B,0.558789,120.56508562503252,67.37044541765286,1,0.7480314960629921,16.666666666666664,6.36
2013,167067,C,0.79092205,85.1777750391688,67.36898008280987,1,0.5317073170731708,12.666666666666666,10.6875
2014,48598,C,0.48529908,138.81235512796408,67.365508320948,0,0.80875,4.666666666666667,5.754716981132075
2015,6208,C,0.76065797,88.55938967638693,67.36340523356853,0,0.4264705882352941,11.666666666666666,6.758620689655173
2016,176780,C,0.93442076,72.08341674218696,67.35624137613257,1,0.3333333333333333,2.0,11.0
2017,172050,C,0.8009037,84.0899701368524,67.34796636050085,1,0.5191256830601093,6.666666666666666,9.071428571428571
2018,38511,C,0.72606313,92.75722540835444,67.34760162215503,0,0.5287958115183246,3.333333333333333,9.6875
2019,94203,C,0.54584664,123.3805201634574,67.34684250391412,0,0.7833140208574739,4.666666666666666,6.58
2020,162631,D,0.7427415,90.67045054395064,67.34470872515394,0,0.6707317073170732,6.666666666666667,10.478260869565217
2021,87677,C,0.6642992,101.37456550568687,67.34304175653108,0,0.5470588235294118,3.333333333333334,7.818181818181818
2022,115118,C,0.74336046,90.5846637412262,67.3370572899171,1,0.5769230769230769,4.333333333333333,10.1
2023,45497,C,0.7787419,86.46183263091146,67.33145148781577,0,0.3851851851851852,2.999999999999999,9.5
2024,79615,C,0.80721164,83.41149335294067,67.33072813549305,1,0.3977272727272727,0.0,10.833333333333334
2025,2031,D,0.71945155,93.57977740132964,67.32611558832795,0,0.5630630630630631,11.0,8.11111111111111
2026,8761,D,0.6460019,104.2114473714198,67.3207904401422,0,0.6031746031746031,13.0,6.78125
2027,75500,C,0.79495674,84.68464831475615,67.32063226713427,0,0.6149068322981367,-0.3333333333333321,12.416666666666666
2028,166942,C,0.5390388,124.88950137808554,67.32028412686664,0,0.6928327645051194,1.0,8.192307692307692
2029,196959,D,0.69928044,96.26586039356768,67.31683329071211,0,0.7083333333333334,16.333333333333332,10.515151515151516
2030,193988,B,0.7495633,89.80725235708832,67.31621835428562,0,0.6480446927374302,16.333333333333332,11.363636363636363
2031,152946,C,0.6823574,98.6477551029104,67.31302281261439,1,0.697428139183056,0.3333333333333339,9.028571428571428
2032,97215,C,0.7622084,88.31159225839413,67.31183762719606,0,0.5,14.000000000000002,7.470588235294118
2033,798,C,0.75779545,88.82209773778239,67.30898179797222,0,0.7611940298507462,3.333333333333333,11.818181818181818
2034,151663,C,0.5214164,129.08764224234156,67.30841702068183,0,0.6675257731958762,4.666666666666668,6.392857142857143
2035,201861,C,0.70399106,95.60824206215256,67.30734724274305,0,0.4644351464435146,12.0,8.078947368421053
2036,58208,C,0.74464744,90.38433989455976,67.30446761634728,0,0.6766169154228856,4.0,11.473684210526317
2037,35700,C,0.80391216,83.72091390719693,67.30426096911664,0,0.5813953488372093,5.0,10.1875
2038,198220,C,0.68932873,97.63153014512602,67.30021869327992,1,0.4616788321167883,7.999999999999999,8.023255813953488
2039,14814,C,0.7471532,90.06869653667864,67.29511686923765,0,0.6476683937823834,-1.3333333333333337,8.964285714285714
2040,14443,C,0.7941151,84.73984919100731,67.29319602880521,1,0.4112903225806452,5.0,9.625
2041,202696,B,0.7482024,89.93938484782849,67.29286211530767,0,0.5508982035928144,17.333333333333336,9.9375
2042,110773,C,0.50635636,132.89528833760244,67.2923742681752,1,0.5674740484429066,0.0,5.424242424242424
2043,71293,C,0.82765,81.30526096708405,67.29230010008712,0,0.4754098360655737,1.666666666666667,11.0
2044,195307,C,0.82787246,81.28329966274788,67.2922048520608,1,0.4324324324324324,3.333333333333334,12.0
2045,20429,D,0.7317357,91.95695684368832,67.28818876791343,1,0.7843601895734598,6.666666666666666,11.592592592592592
2046,8906,C,0.6938141,96.97914388162556,67.28549731801901,1,0.4050632911392405,2.0,7.727272727272727
2047,171573,C,0.7879019,85.39771698135353,67.28502161700224,0,0.6190476190476191,0.666666666666667,12.157894736842104
2048,117906,C,0.83943206,80.14651613330933,67.27755519719527,0,0.4367816091954023,10.0,9.153846153846152
2049,29145,C,0.7756342,86.73652681679978,67.2758191195762,1,0.4782608695652174,9.333333333333332,9.416666666666666
2050,183781,C,0.7679059,87.60824858364147,67.2748901824561,0,0.5714285714285714,3.0,10.625
2051,166580,C,0.8838291,76.11673704412344,67.27418847702592,1,0.5932203389830508,1.0,12.1
2052,142418,C,0.7239658,92.9209385074473,67.27158378090856,0,0.52,10.333333333333332,8.675
2053,2779,D,0.715202,94.05284640158672,67.26678139874853,0,0.6730310262529833,8.333333333333334,10.724137931034482
2054,102034,C,0.7243367,92.86623588082526,67.2664213302764,0,0.4907407407407407,5.666666666666666,9.23076923076923
2055,141539,C,0.65305513,103.00117813228272,67.26544792317836,0,0.6712707182320442,3.999999999999999,8.763157894736842
2056,205333,C,0.8362402,80.43699838391872,67.26464939479422,1,0.5294117647058824,5.0,12.428571428571429
2057,82586,D,0.6635963,101.36124801967452,67.26294635861792,1,0.6071428571428571,12.0,8.454545454545455
2058,73654,C,0.52421725,128.3068837482197,67.2606814931941,0,0.5119453924914675,6.333333333333334,5.67741935483871
2059,199664,B,0.664683,101.18726084960974,67.25745051993421,1,0.6478260869565218,15.666666666666668,6.888888888888889
2060,51424,C,0.7153438,94.02081321114784,67.2572032973103,0,0.5019762845849802,6.0,9.2
2061,10649,C,0.6994622,96.15484487691208,67.25667696989893,0,0.7536764705882353,4.666666666666667,10.529411764705882
2062,133563,C,0.7154012,94.00110767333416,67.24850265876846,1,0.4047619047619047,2.0,9.125
2063,149568,C,0.6858514,98.05038429381852,67.2479928609635,1,0.4469696969696969,-2.666666666666667,8.727272727272727
2064,82866,D,0.7247498,92.77766553339406,67.24059486851394,0,0.680365296803653,6.666666666666667,10.333333333333334
2065,10741,C,0.7068113,95.13128013424256,67.23986462528539,0,0.4900990099009901,5.666666666666666,8.625
2066,166276,C,0.9214328,72.95658504057775,67.22458993192551,1,0.3780487804878049,2.333333333333333,12.0
2067,58446,C,0.5797267,115.95802044139758,67.22396006686218,0,0.5,0.0,6.285714285714286
2068,117279,D,0.8428374,79.75798189331884,67.22300955254488,0,0.5714285714285714,14.666666666666668,10.357142857142858
2069,140836,C,0.6859924,97.98753596658372,67.21870690008751,0,0.5348837209302325,3.999999999999999,8.88888888888889
2070,64110,C,0.72836214,92.28708300634872,67.21841755338714,0,0.4785992217898833,8.0,7.925
2071,21700,C,0.671989,100.0267452691586,67.21687489585563,0,0.4827586206896552,-1.6666666666666663,6.722222222222222
2072,111962,D,0.65474516,102.65190337881144,67.21083705946631,0,0.6954732510288066,7.333333333333334,8.81081081081081
2073,147141,D,0.5783224,116.21633718383842,67.21051226934182,1,0.6767241379310345,12.666666666666666,6.884615384615385
2074,142030,C,0.7458687,90.11024041335402,67.21040632942598,0,0.6218487394957983,-1.0,10.74074074074074
2075,174810,B,0.73503834,91.43419758483756,67.20764082037601,0,0.6453333333333333,16.0,9.296296296296296
2076,40009,D,0.7668361,87.63669814997857,67.20298442013744,1,0.6046511627906976,11.0,10.571428571428571
2077,139116,C,0.70198447,95.73197294062552,67.20235781982012,0,0.75,3.0,9.588235294117649
2078,176289,C,0.8038665,83.59699817070799,67.20082680004796,0,0.3,7.666666666666666,7.666666666666667
2079,201657,C,0.8936689,75.1957070989302,67.20006409582018,1,0.4285714285714285,-3.666666666666667,11.166666666666666
2080,103178,C,0.92340934,72.77326970277868,67.19951714716176,1,0.1904761904761904,-0.666666666666667,10.0
2081,55615,C,0.4862855,138.17452880352914,67.19227088752879,0,0.830739299610895,-1.333333333333333,5.423728813559322
2082,111885,C,0.798438,84.1529542242237,67.19091752520333,0,0.6052631578947368,2.333333333333332,8.142857142857142
2083,121767,C,0.86327857,77.82286400023331,67.18281057551403,1,0.5153374233128835,5.333333333333334,12.571428571428571
2084,128175,B,0.81401,82.53237170581855,67.1821778788686,0,0.4594594594594595,17.0,8.11111111111111
2085,167547,C,0.89524114,75.03838414506873,67.17744866478552,1,0.4719101123595505,0.0,10.0
2086,24363,C,0.7754973,86.62358569739693,67.17635832446352,1,0.4015151515151515,-1.6666666666666663,9.0
2087,15212,C,0.73587507,91.2820973724346,67.17221980236461,0,0.6978653530377669,0.0,12.071428571428571
2088,147411,D,0.7973612,84.24043329444495,67.1700525663418,0,0.5906040268456376,11.666666666666668,12.0
2089,157630,C,0.95605725,70.25561842285809,67.16839338151556,1,0.28125,1.666666666666666,10.6
2090,70719,D,0.73336625,91.58862000825856,67.1680028889711,0,0.7098445595854922,8.333333333333332,11.05
2091,105503,C,0.75111103,89.42470153530645,67.16787972936893,1,0.4782608695652174,0.333333333333333,8.066666666666666
2092,64423,D,0.7393141,90.84384528411204,67.16213383490212,1,0.5567010309278351,6.333333333333333,10.181818181818182
2093,57506,D,0.7102937,94.55213984226287,67.1597902189151,0,0.5965909090909091,12.0,9.16
2094,152454,C,0.77277267,86.90472286012361,67.15759470216682,0,0.4848484848484848,6.666666666666667,9.77777777777778
2095,46607,C,0.5138843,130.68590510287092,67.15743564175645,0,0.6188524590163934,4.666666666666667,6.518518518518518
2096,108227,C,0.797588,84.19830587204072,67.1555576059445,1,0.5882352941176471,0.3333333333333339,9.0
2097,28875,D,0.49754825,134.967164408445,67.15267677526488,1,0.6933333333333334,11.0,6.46
2098,79188,C,0.91712654,73.219106230023,67.15118529279857,1,0.2612612612612612,0.666666666666667,11.4
2099,71077,C,0.6324621,106.16512399911068,67.14541560374114,0,0.6711111111111111,0.666666666666667,7.225
2100,2880,D,0.8069426,83.20701742761649,67.14328549441272,0,0.58,7.333333333333333,8.866666666666667
2101,137640,C,0.8563158,78.40895943693768,67.14283016931485,1,0.4868421052631579,2.999999999999999,10.875
2102,104202,C,0.7624023,88.06732125222491,67.14272793110334,0,0.5,5.000000000000001,10.2
2103,5148,C,0.74397117,90.24786916511712,67.1418127220713,0,0.5337078651685393,17.0,8.268292682926829
2104,77507,D,0.785309,85.49703246905979,67.14159049943513,0,0.5692307692307692,6.666666666666666,10.523809523809524
2105,104372,C,0.74760836,89.80729884503731,67.14068773142391,1,0.4782608695652174,10.666666666666666,8.0
2106,5595,C,0.77118474,87.05479904930813,67.13533278393936,1,0.6451612903225806,0.0,7.0
2107,55093,D,0.81162673,82.71661984829286,67.13501987845711,1,0.6617647058823529,12.666666666666668,7.538461538461538
2108,5270,C,0.7540757,89.02743687590934,67.13342731602549,1,0.5045045045045045,10.666666666666668,9.857142857142858
2109,83882,D,0.6991662,96.0166104543594,67.13156662341858,0,0.5706521739130435,12.0,8.652173913043478
2110,161672,C,0.71999216,93.23490135445772,67.12839808790227,1,0.4810126582278481,4.999999999999999,8.933333333333334
2111,583,D,0.6741358,99.56957840326184,67.12341780838112,0,0.6870554765291608,7.333333333333334,9.212121212121213
2112,120680,C,0.83216894,80.65267387738932,67.11664986493264,0,0.358695652173913,2.333333333333332,10.0
2113,44435,B,0.7498984,89.49826511324314,67.1146034914607,0,0.7551020408163265,19.666666666666664,9.444444444444445
2114,195791,D,0.74162346,90.49408869700332,67.11253928181851,1,0.7377049180327869,10.666666666666664,11.782608695652174
2115,188775,D,0.7924476,84.68839948899985,67.11112117482541,1,0.7283142389525368,6.333333333333333,10.310344827586206
2116,36678,D,0.7687879,87.29366463609728,67.1103149062278,1,0.5821428571428572,9.333333333333334,11.5
2117,143647,D,0.75403434,89.00149449713516,67.11018319612589,0,0.6481481481481481,12.333333333333336,11.44
2118,116471,D,0.7189838,93.33637378533776,67.10734341115979,0,0.711038961038961,9.333333333333334,10.185185185185183
2119,120187,C,0.6808072,98.56853220980182,67.1061637853643,0,0.4576271186440678,3.666666666666667,7.769230769230769
2120,83253,D,0.7440233,90.19113892446724,67.10431089306545,0,0.5910652920962199,6.0,10.766666666666667
2121,55184,D,0.63406694,105.82237056260314,67.09846661780855,0,0.630057803468208,5.666666666666667,7.815789473684211
2122,30952,D,0.609199,110.14210263618142,67.09845740531813,0,0.6609195402298851,5.000000000000001,7.65
2123,97264,D,0.5929916,113.1521472215569,67.09827174938737,1,0.5702702702702702,10.0,6.727272727272728
2124,112113,C,0.6602524,101.62382330032868,67.0973724479038,0,0.326797385620915,-3.333333333333334,6.0
2125,63107,C,0.704209,95.27349209849775,67.09245342438712,0,0.582010582010582,1.333333333333334,10.375
2126,59887,D,0.8457532,79.32771866990781,67.0916713506753,1,0.5980392156862745,8.666666666666666,9.307692307692308
2127,142986,C,0.739293,90.7410608558158,67.08422921953208,0,0.4833333333333333,0.3333333333333339,9.0
2128,123216,B,0.64384097,104.19063647616154,67.08220030878508,0,0.6713615023474179,13.666666666666668,8.636363636363637
2129,153218,C,0.78229153,85.75041182864234,67.0818210015699,1,0.7530864197530864,4.000000000000001,10.625
2130,159383,D,0.7542776,88.93417592596197,67.08105561366084,1,0.5555555555555556,13.000000000000002,9.0
2131,104497,D,0.72985846,91.90704777136312,67.07913616961282,0,0.5970149253731343,7.666666666666667,10.125
2132,181644,C,0.8770458,76.48163249013272,67.07789533445755,1,0.6707317073170732,1.9999999999999991,12.7
2133,203445,D,0.5777659,116.08729528516191,67.07127855119383,0,0.8041666666666667,6.333333333333334,7.040816326530612
2134,129,C,0.7393367,90.7147721001284,67.06876288099635,0,0.484375,-1.666666666666667,7.5
2135,90527,C,0.74382806,90.15718184712418,67.0614415099892,0,0.4745762711864407,5.333333333333333,10.0
2136,206155,C,0.5092596,131.67001639864347,67.05421745594269,0,0.4195402298850574,2.666666666666666,5.142857142857143
2137,39550,D,0.717173,93.49521674909316,67.05224324053938,0,0.6666666666666666,11.666666666666664,10.59375
2138,184612,C,0.67030305,100.03258927864896,67.05214936310213,0,0.6088082901554405,0.6666666666666665,7.34375
2139,204563,C,0.8311279,80.67508745522312,67.05131456712965,0,0.373015873015873,1.666666666666666,11.2
2140,32073,C,0.5288168,126.79255589568416,67.0500361058501,0,0.7275747508305648,1.333333333333333,5.483870967741935
2141,78428,C,0.7023848,95.45809601404866,67.04831849524393,0,0.4909090909090909,12.333333333333332,7.785714285714286
2142,137942,C,0.72272277,92.77084939254286,67.04760513538208,0,0.5208333333333334,0.0,9.4375
2143,118644,B,0.6738576,99.49806233008128,67.04752840160901,0,0.773972602739726,17.0,6.137931034482759
2144,189829,D,0.67156106,99.83724651549645,67.04680733064471,0,0.5732323232323232,14.0,7.682926829268292
2145,82330,D,0.5469697,122.57836658268768,67.04665384026305,0,0.5886792452830188,13.0,6.523809523809524
2146,101510,C,0.6909264,97.03341567488133,67.04294595252385,0,0.6601307189542484,-2.0,10.428571428571429
2147,137872,B,0.72986156,91.85663791470438,67.04262881363995,0,0.6666666666666666,12.999999999999998,11.185185185185183
2148,38743,C,0.7442877,90.07503897188828,67.0417462196905,0,0.5340501792114696,5.333333333333333,7.761904761904762
2149,143940,C,0.65961325,101.6312413876337,67.03731360459162,1,0.582089552238806,-1.0,9.1
2150,30864,C,0.76963437,87.09577734883847,67.031903384239,1,0.6306818181818182,1.0,12.0
2151,14053,D,0.73054755,91.75190010681834,67.02912558685689,1,0.6241379310344828,5.000000000000001,10.115384615384617
2152,51138,C,0.7221339,92.82048526640342,67.02881669489402,1,0.5386666666666666,8.333333333333332,8.969696969696969
2153,189497,C,0.83744913,80.03844462432785,67.028126089019,1,0.5,-0.3333333333333339,12.166666666666666
2154,205083,C,0.6521347,102.78231407197302,67.02791524964734,0,0.7232524964336662,4.999999999999999,8.31578947368421
2155,37973,C,0.8318184,80.57992407575115,67.02786366294507,0,0.4728260869565217,-0.6666666666666661,12.0
2156,99722,C,0.7246837,92.4788054516564,67.01788309050755,0,0.46875,4.333333333333333,7.375
2157,31792,C,0.7260498,92.29981610809917,67.01426125737846,0,0.6443514644351465,2.0000000000000004,9.272727272727272
2158,156829,C,0.7558409,88.65843600291733,67.01167184472146,0,0.5238095238095238,12.333333333333332,8.266666666666667
2159,108440,C,0.7052902,95.00791672391904,67.0081524287635,1,0.5337423312883436,9.666666666666666,9.136363636363637
2160,114455,D,0.5783828,115.85166599330316,67.00660981362546,0,0.69377990430622,6.0,8.037037037037036
2161,152199,C,0.9093762,73.67956959360737,67.00244731040708,0,0.3157894736842105,0.0,10.5
2162,64694,D,0.6542033,102.41763136845516,67.00195197981995,0,0.5793650793650794,5.666666666666666,7.055555555555555
2163,182799,C,0.743241,90.14405008867446,66.99875502237543,0,0.623574144486692,2.0,10.238095238095235
2164,150591,C,0.6781981,98.78903631398764,66.99853664365853,0,0.5288461538461539,1.333333333333334,9.666666666666666
2165,80332,D,0.76082027,88.06037976302308,66.99812187103038,1,0.5614035087719298,13.0,9.35
2166,43178,C,0.588031,113.93055992695682,66.99470039381211,0,0.6868686868686869,2.333333333333333,7.148148148148148
2167,127239,C,0.8962478,74.74946429052912,66.99404323288832,1,0.21875,3.6666666666666665,8.142857142857142
2168,102329,C,0.69431794,96.4886215286278,66.99378063381913,1,0.4545454545454545,2.333333333333334,8.181818181818182
2169,18014,D,0.76126355,87.99960940730203,66.99089499686723,0,0.6682464454976303,11.666666666666668,11.958333333333334
2170,129331,C,0.7705074,86.94271227680913,66.99000277389473,0,0.4523809523809524,0.0,9.0
2171,155345,D,0.7697013,87.02957335992723,66.98677593212636,1,0.6491228070175439,8.666666666666668,11.863636363636363
2172,124700,D,0.6219682,107.70002356461934,66.98599084581903,0,0.6510416666666666,11.333333333333336,7.777777777777778
2173,43493,C,0.7375748,90.8173655587806,66.98460166892907,1,0.4095238095238095,-1.666666666666667,9.571428571428571
2174,134098,C,0.79164755,84.60967548218805,66.98104259315724,1,0.375,0.666666666666667,8.416666666666666
2175,197182,D,0.60067433,111.5089946347317,66.98059077368626,0,0.8214285714285714,11.333333333333332,7.840909090909091
2176,57400,C,0.5154616,129.93378814867984,66.97588140853959,0,0.6704288939051919,-0.666666666666667,7.689655172413793
2177,51343,C,0.71865255,93.1915953260876,66.97237728471099,1,0.6077348066298343,4.333333333333333,8.538461538461538
2178,192232,C,0.7621559,87.86677740341482,66.96818197417046,1,0.6666666666666666,3.333333333333334,11.962962962962964
2179,67999,C,0.5102037,131.25737435712622,66.96800056143881,0,0.6561679790026247,0.0,7.344827586206897
2180,27897,D,0.76058704,88.04776601685727,66.96798943486128,0,0.5951219512195122,5.333333333333333,10.27777777777778
2181,12714,D,0.7622225,87.85756204001,66.96701308226054,0,0.6363636363636364,9.0,11.75
2182,142587,D,0.75206757,89.04181302384089,66.9654595857629,1,0.75,13.333333333333332,9.115384615384617
2183,121627,C,0.9079153,73.75730910995888,66.96538899778395,0,0.6455696202531646,1.333333333333334,10.0
2184,173479,D,0.8848283,75.68140793323323,66.9650537244617,0,0.5862068965517241,7.0,11.333333333333334
2185,26361,B,0.67871785,98.65944784838406,66.96192848752486,0,0.7161716171617162,20.0,9.36842105263158
2186,183601,D,0.6521613,102.67493889020255,66.96062164277706,0,0.6674757281553398,10.333333333333332,8.54054054054054
2187,160299,C,0.7867302,85.10694821900563,66.95620386179104,0,0.6071428571428571,1.666666666666666,11.8
2188,65944,C,0.74225813,90.20566598040882,66.9558890816975,1,0.6851851851851852,0.6666666666666661,11.058823529411764
2189,184334,C,0.5863038,114.19903428942094,66.95532439615917,0,0.805,4.333333333333333,7.185185185185185
2190,191336,C,0.7861808,85.16428633670787,66.95452627299437,1,0.5306122448979592,10.0,10.461538461538462
2191,132787,C,0.70321923,95.2108050846766,66.9540695099905,0,0.618421052631579,5.0,10.0
2192,115748,B,0.7011588,95.4877142691573,66.9520532125969,1,0.5523255813953488,16.0,8.695652173913043
2193,18518,D,0.69902676,95.77876819680526,66.9519223388041,0,0.7272727272727273,8.333333333333332,10.0
2194,36090,C,0.7799105,85.84537256819677,66.95170785594843,0,0.4952978056426332,12.666666666666666,9.172413793103448
2195,155658,D,0.7513567,89.10207121578516,66.94744005626269,1,0.6570605187319885,6.999999999999999,11.9
2196,108142,C,0.77497065,86.38507592459844,66.945898497715,0,0.461864406779661,11.333333333333332,8.23076923076923
2197,117627,C,0.8134472,82.29323467190737,66.94119946381214,1,0.4615384615384615,2.333333333333334,12.142857142857142
2198,5461,C,0.76394796,87.6234956502599,66.93979107557112,1,0.6646341463414634,-0.6666666666666661,10.458333333333334
2199,164988,D,0.69859624,95.819817171367,66.93936390620512,0,0.6798561151079137,6.666666666666667,9.971428571428572
2200,195178,C,0.6484725,103.22283987809928,66.93717178658804,1,0.6619718309859155,2.666666666666667,8.482758620689655
2201,198663,C,0.7577493,88.33380208607103,66.934878382162,1,0.6607142857142857,4.0,10.954545454545457
2202,49695,C,0.5237148,127.8015992842664,66.93158655600689,0,0.8086206896551724,0.666666666666667,5.5
2203,158612,C,0.7870011,85.04587909579799,66.93119813327549,0,0.5549738219895288,1.666666666666666,11.3125
2204,199780,D,0.49130544,136.227573749432,66.92934815159194,0,0.7302504816955684,7.333333333333334,6.903846153846154
2205,198330,B,0.6985406,95.8118018693161,66.92843624342532,0,0.5625,16.0,8.0
2206,46081,B,0.8115904,82.45367365542762,66.9186077997817,1,0.5718701700154559,18.33333333333333,10.538461538461538
2207,205991,D,0.5667707,118.06068269571102,66.91333256245784,0,0.7266187050359713,11.333333333333334,6.857142857142857
2208,152474,C,0.76365477,87.61629418397939,66.90860084899892,1,0.5573770491803278,-2.0000000000000004,8.473684210526315
2209,62759,C,0.97703254,68.47949316633566,66.90669329883772,1,0.2432432432432432,0.0,9.5
2210,52928,C,0.7465111,89.62427414791046,66.90551563525548,0,0.4461538461538462,-0.333333333333333,10.77777777777778
2211,122546,D,0.59545344,112.3578332150571,66.90385842728105,1,0.6678571428571428,5.333333333333333,7.818181818181818
2212,123968,C,0.7077483,94.52973543080992,66.90325897176665,0,0.4285714285714285,6.666666666666666,7.095238095238095
2213,52611,C,0.83439636,80.17936454405665,66.90137010746231,0,0.5714285714285714,-4.333333333333333,10.909090909090908
2214,105244,D,0.769839,86.90033774137024,66.89926813154169,0,0.5704225352112676,9.666666666666664,9.947368421052632
2215,63709,C,0.8468023,79.00202736094096,66.89909801998601,0,0.3251231527093596,1.3333333333333337,8.866666666666667
2216,26571,C,0.7126853,93.8625724139326,66.89447435926441,0,0.6554621848739496,2.333333333333334,10.0
2217,35223,C,0.76113194,87.8860988512381,66.89291711736821,1,0.4814814814814814,10.666666666666668,9.384615384615383
2218,155844,B,0.7176353,93.20755712314188,66.88903078872994,0,0.6876574307304786,17.666666666666668,10.1
2219,166164,C,0.7945159,84.17368328535302,66.87733038533828,1,0.3225806451612903,0.0,8.285714285714286
2220,183512,D,0.5211248,128.33081361038242,66.87636703278342,0,0.7967257844474761,5.333333333333334,6.829787234042553
2221,136250,D,0.5658471,118.18124463276652,66.87251441125768,1,0.7307692307692307,6.333333333333332,5.872340425531915
2222,16006,D,0.6880141,97.1949632775638,66.87150421794361,1,0.5528846153846154,6.666666666666667,9.25
2223,61752,C,0.81171227,82.3781581378506,66.86736132980961,1,0.5037037037037037,4.0,11.545454545454543
2224,187077,C,0.7574304,88.27926997803705,66.86540053085173,1,0.3608247422680412,2.666666666666667,8.11111111111111
2225,20801,C,0.6913485,96.71691867253996,66.8650959814596,0,0.503030303030303,2.0,8.764705882352942
2226,49953,D,0.6568273,101.79929360928398,66.86455220955108,0,0.7735537190082644,5.666666666666667,8.615384615384615
2227,195048,C,0.64323425,103.94601236029972,66.86163560559746,0,0.5079365079365079,-1.666666666666667,7.133333333333334
2228,58264,B,0.6832891,97.84604413877582,66.85713648123735,0,0.6540880503144654,18.0,8.54054054054054
2229,127173,D,0.60463077,110.5715671396623,66.85497159168985,1,0.7377690802348337,7.999999999999999,7.944444444444445
2230,54839,B,0.7335768,91.13060678133664,66.85129658973574,0,0.7917675544794189,20.33333333333333,8.675
2231,72050,C,0.6736195,99.2395264423916,66.84968105004018,0,0.5433070866141733,10.333333333333334,7.9
2232,65989,C,0.88339037,75.67294158848802,66.84874764417722,1,0.59375,3.0,11.666666666666666
2233,204942,C,0.68225455,97.9790550175689,66.84665636881348,0,0.5315315315315315,5.0,8.772727272727273
2234,32146,C,0.7775966,85.96240910382524,66.84407643688013,0,0.5147058823529411,13.0,8.466666666666667
2235,41894,D,0.7450226,89.71946080973687,66.84302550807769,0,0.6712962962962963,10.0,11.166666666666666
2236,2772,C,0.8635691,77.4002579059577,66.84046957582345,1,0.3571428571428571,3.333333333333334,9.8
2237,187820,C,0.64756155,103.21749709056812,66.83968241757854,0,0.7311827956989247,2.999999999999999,8.75
2238,149045,C,0.5536042,120.73512253253736,66.83946918067261,1,0.5416666666666666,0.333333333333333,6.1
2239,166000,C,0.92777073,72.04174505382473,66.83822267521941,1,0.2459016393442623,1.3333333333333337,10.4
2240,164306,C,0.6454842,103.54250398296826,66.83505128760743,0,0.5251798561151079,-1.666666666666667,7.916666666666667
2241,85609,C,0.70679307,94.55790777549043,66.83287391423708,0,0.5748031496062992,-1.333333333333334,9.0
2242,84854,B,0.67210084,99.4321831188965,66.82845399601446,0,0.4741379310344827,24.666666666666668,6.92
2243,148588,C,0.67545563,98.93553556789855,66.82656448914719,0,0.7818181818181819,5.0,8.538461538461538
2244,76913,C,0.6941039,96.27480069206784,66.82471430647496,0,0.5230769230769231,3.666666666666666,9.041666666666666
2245,165750,B,0.7363738,90.748311413411,66.8246772999362,0,0.718475073313783,13.666666666666668,11.785714285714286
2246,81372,C,0.778357,85.85236383500305,66.82379084390737,1,0.4375,8.333333333333334,9.4
2247,76199,C,0.8654643,77.20942527118565,66.82200349035787,1,0.5036496350364964,-1.0,12.625
2248,74853,C,0.6883472,97.0759922770607,66.82198945350942,0,0.5209302325581395,0.0,6.6923076923076925
2249,63615,D,0.72648466,91.97429086229089,66.8179110886477,0,0.7270029673590505,7.333333333333334,11.1
2250,200332,C,0.8204231,81.441711663595,66.81666368781171,0,0.5,-4.333333333333333,9.583333333333334
2251,162729,B,0.76221794,87.65686492020845,66.81363490991646,0,0.5975232198142415,23.0,9.307692307692308
2252,82581,C,0.61653113,108.3618063463437,66.80842731126089,0,0.7407407407407407,2.333333333333333,7.64
2253,106405,B,0.7324276,91.207638907948,66.80299179757834,0,0.7384615384615385,16.333333333333332,7.896551724137931
2254,121609,D,0.77137303,86.60266734783642,66.8029622233323,0,0.5673758865248227,8.333333333333334,10.193548387096774
2255,161052,C,0.7659998,87.20667615059071,66.80029596733075,0,0.6083086053412463,4.333333333333333,11.5
2256,100174,D,0.7321681,91.23488239498135,66.79926852824052,0,0.7111111111111111,8.333333333333334,11.285714285714286
2257,122356,C,0.75047266,88.9983639288616,66.79083934347604,0,0.623015873015873,1.0,10.0
2258,180229,C,0.96191835,69.43460449595992,66.79042046978496,1,0.3333333333333333,-8.333333333333332,9.5
2259,118742,C,0.8914747,74.9207765338004,66.78997856854383,1,0.4630872483221476,-3.0,13.4
2260,7256,D,0.6082773,109.79185792162498,66.78389718900723,0,0.6304347826086957,15.0,8.052631578947368
2261,76434,C,0.5403586,123.58348265939505,66.77939804378464,0,0.6171875,2.333333333333333,6.216216216216216
2262,70108,C,0.68052554,98.1266149924876,66.77766778424314,1,0.4266666666666667,1.0,9.333333333333334
2263,74067,B,0.7290712,91.59180005560964,66.77694356699021,0,0.7,25.666666666666668,9.575757575757576
2264,51083,C,0.8973634,74.41402629052037,66.77642544809697,1,0.3603603603603603,-3.666666666666667,10.714285714285714
2265,161788,B,0.724116,92.21330348008668,66.77313098529926,0,0.7014925373134329,22.0,10.590909090909092
2266,36509,C,0.6840024,97.6209980374323,66.77299689377834,0,0.6027397260273972,2.333333333333333,8.75
2267,198265,D,0.43447083,153.68782435028714,66.77287696720248,0,0.6983606557377049,5.666666666666668,6.346153846153846
2268,87472,C,0.91993624,72.58200020368558,66.77081233869058,1,0.4423076923076923,-2.333333333333333,12.555555555555555
2269,61925,C,0.8565508,77.95217881006423,66.7700021131529,0,0.3095238095238095,9.333333333333332,8.461538461538462
2270,138153,D,0.788474,84.67931701926686,66.76744178404526,0,0.6931818181818182,7.999999999999999,10.903225806451612
2271,175968,C,0.47469607,140.65016923150364,66.76608257281659,0,0.5989847715736041,-2.6666666666666665,4.410256410256411
2272,9743,C,0.747786,89.28328082955488,66.76478614110722,0,0.6728971962616822,3.666666666666666,12.407407407407408
2273,5547,D,0.52569956,127.00082872498172,66.76427925633642,0,0.7417582417582418,6.0,6.853658536585366
2274,112604,D,0.63465995,105.19014966668476,66.75997470348878,0,0.563076923076923,10.0,6.6
2275,40102,C,0.89651114,74.4654126598604,66.75907180701891,0,0.5490196078431373,-1.666666666666667,13.4
2276,8224,D,0.7398969,90.2273291237262,66.75892052756275,1,0.5974304068522484,10.333333333333334,10.62962962962963
2277,174100,C,0.725809,91.97775405573572,66.75827967735606,0,0.5266666666666666,-1.666666666666666,8.61111111111111
2278,52498,C,0.74913764,89.11136170526132,66.75667520501145,0,0.6074766355140186,3.666666666666667,11.0
2279,95669,C,0.7897644,84.51262725176197,66.74506471705163,1,0.5205479452054794,2.0,12.285714285714286
2280,4557,C,0.5559559,120.05334495972885,66.74436386529297,0,0.507177033492823,4.333333333333334,6.052631578947368
2281,182437,D,0.72149813,92.50647323262164,66.74324761230422,1,0.573394495412844,13.333333333333334,7.166666666666667
2282,8727,D,0.768669,86.8264350507413,66.74078980357504,1,0.7524038461538461,9.333333333333334,12.038461538461538
2283,170472,C,0.9538529,69.96581712190573,66.73709699741536,1,0.3333333333333333,2.666666666666667,11.4
2284,159620,C,0.46442348,143.68513503508711,66.73075009956028,0,0.7704280155642024,0.0,5.642857142857143
2285,137614,C,0.763743,87.37224476957373,66.72993888153329,0,0.4384615384615384,3.333333333333333,9.63157894736842
2286,78198,C,0.58176273,114.7008731802437,66.7286932380587,0,0.5641025641025641,2.0,7.5
2287,176422,D,0.7233111,92.2534400819861,66.72793964449127,0,0.6647058823529411,10.0,10.433333333333334
2288,156484,C,0.7487772,89.11314644489889,66.72589323281994,0,0.5238095238095238,4.0,8.642857142857142
2289,111329,C,0.9405693,70.94162440367148,66.72551269934213,0,0.5,0.0,11.5
2290,7269,C,0.68903303,96.83838788678028,66.72484796767841,0,0.4989690721649484,6.333333333333334,8.666666666666666
2291,153084,D,0.71375394,93.48242480982472,66.72344890489508,0,0.6847826086956522,6.333333333333334,11.290322580645162
2292,142780,D,0.5179447,128.82297326401664,66.72317541141078,0,0.5880893300248139,5.999999999999999,6.224137931034483
2293,170854,B,0.70967126,94.0195162635275,66.72294847038792,0,0.7204724409448819,13.333333333333332,11.758620689655173
2294,83926,C,0.7500259,88.94956315844505,66.7144786549288,0,0.5922619047619048,2.666666666666667,10.384615384615383
2295,133442,C,0.91617006,72.81866889770423,66.7142842993415,1,0.25,-1.666666666666667,9.8
2296,163371,C,0.6173951,108.05364189746486,66.71178936640652,0,0.5212765957446809,7.0,7.888888888888889
2297,54067,D,0.5131879,129.9884983799516,66.70852259490512,0,0.6082474226804123,6.333333333333334,6.019607843137255
2298,22112,C,0.5147522,129.5906387236551,66.70706757289805,0,0.5371900826446281,3.999999999999999,6.25925925925926
2299,9465,C,0.6835235,97.59078123524549,66.70559002755327,0,0.5369649805447471,6.0,8.321428571428571
2300,24785,B,0.68542576,97.31770421388694,66.70406121283439,0,0.543046357615894,20.666666666666664,7.2592592592592595
2301,16261,C,0.6920214,96.38672347900948,66.7016781704981,0,0.4767441860465116,1.333333333333333,9.75
2302,62393,D,0.80479103,82.87871569680935,66.70004724155793,0,0.6590909090909091,5.666666666666667,8.285714285714286
2303,8339,C,0.4483999,148.7418594742655,66.69583512083715,0,0.2765957446808511,4.666666666666666,4.333333333333333
2304,191190,C,0.67712545,98.49767258959548,66.6952812651473,0,0.514018691588785,-0.333333333333333,8.833333333333334
2305,196615,D,0.7344485,90.80695640367723,66.69303224164649,0,0.7663316582914573,9.666666666666666,9.4
2306,147511,C,0.77554286,85.99493693947257,66.69275893217923,0,0.5791666666666667,2.666666666666666,9.88888888888889
2307,203390,C,0.6969752,95.6848272058602,66.68994885806839,1,0.3390557939914163,-1.333333333333334,9.625
2308,63355,D,0.71245354,93.60466937416795,66.68897844366596,1,0.7233502538071066,14.0,11.192307692307692
2309,159972,C,0.6382269,104.49052898998865,66.68866914753679,1,0.6623376623376623,4.666666666666666,7.484848484848484
2310,179395,C,0.696353,95.76687261572027,66.68755079756123,1,0.5169491525423728,16.666666666666664,7.0
2311,5826,C,0.6290676,106.00014309822116,66.68125559443567,0,0.6358974358974359,-1.0,8.238095238095237
2312,63291,C,0.8010574,83.23984009849582,66.67988974581098,0,0.5596330275229358,6.666666666666666,9.0
2313,160323,C,0.7763171,85.89252733218972,66.67983941355139,0,0.5185185185185185,1.333333333333334,9.941176470588236
2314,181195,C,0.52434945,127.16166440895796,66.67714892935693,0,0.5575221238938053,0.333333333333333,6.708333333333333
2315,115293,D,0.760713,87.64765521792452,66.6747090981259,0,0.6526315789473685,5.666666666666667,11.88888888888889
2316,170100,D,0.5994587,111.22371830186584,66.67402496600172,0,0.651031894934334,12.666666666666668,7.866666666666666
2317,162804,C,0.7764595,85.86455752634438,66.67035270073123,0,0.5555555555555556,3.333333333333332,11.333333333333334
2318,47384,C,0.6766887,98.52042981747022,66.66765873057295,0,0.5428571428571428,3.0,8.0
2319,145074,D,0.58972174,113.04507320684613,66.66513718994912,0,0.641860465116279,9.666666666666666,7.888888888888889
2320,107527,D,0.7698943,86.58848562889118,66.66398169508237,1,0.6274900398406374,5.666666666666666,12.318181818181818
2321,76335,C,0.8018957,83.13269469056993,66.66374857646667,1,0.4418604651162791,6.0,9.375
2322,203505,C,0.77436185,86.08078693243355,66.65767731784184,1,0.3684210526315789,-1.333333333333334,8.11111111111111
2323,196149,B,0.5275539,126.34863222471908,66.65571570854873,1,0.7534246575342466,16.0,5.408163265306122
2324,65645,D,0.79041815,84.32927667438362,66.65539069458413,0,0.6560509554140127,11.666666666666668,7.764705882352941
2325,18052,D,0.6812914,97.83528529810052,66.65433862576755,0,0.5813953488372093,6.666666666666666,8.375
2326,162779,D,0.7091625,93.98891488403754,66.6534113775304,0,0.65,6.333333333333332,9.96875
2327,13120,C,0.7291679,91.40311181749476,66.64821314394015,0,0.7262443438914027,-2.333333333333333,11.23076923076923
2328,41278,B,0.6964155,95.69867444126992,66.6460386745406,0,0.5985401459854015,15.333333333333332,9.095238095238097
2329,116242,D,0.70867026,94.04022528819507,66.6435107664555,0,0.5506607929515418,11.333333333333334,8.046511627906977
2330,182757,D,0.72147804,92.37067902822348,66.64341691937895,0,0.5858267716535434,9.333333333333332,10.090909090909092
2331,104465,C,0.7917629,84.16887868682427,66.64179450512464,1,0.6754098360655738,2.333333333333333,13.0
2332,206062,C,0.7929001,84.0467903487476,66.64070724925455,1,0.4245810055865922,10.666666666666668,9.0
2333,79251,B,0.73705274,90.4149499134688,66.64058645011971,0,0.5942857142857143,14.666666666666668,10.21875
2334,14850,D,0.6355819,104.8399553161935,66.63437910815415,0,0.8076923076923077,9.0,8.777777777777779
2335,133355,C,0.67055476,99.37167949557114,66.63415240858282,0,0.6677018633540373,0.333333333333333,10.75
2336,94979,D,0.83423424,79.87286244829293,66.63267651514418,0,0.6526946107784432,9.333333333333332,9.464285714285714
2337,129496,D,0.5051493,131.9007267181573,66.6295604131017,0,0.7218543046357616,6.333333333333334,6.794871794871795
2338,161264,D,0.8094088,82.31778597173982,66.62873903776844,1,0.7704918032786885,14.333333333333332,10.655172413793103
2339,5297,C,0.7829119,85.09765473038188,66.62396627016389,1,0.5467289719626168,7.666666666666666,10.875
2340,156184,B,0.64010113,104.08203537379474,66.62302895267305,0,0.6062717770034843,24.33333333333333,7.361702127659575
2341,203072,C,0.5332292,124.9401965223198,66.62175756982099,0,0.5972222222222222,4.333333333333333,6.5
2342,64639,C,0.8866558,75.13068858672105,66.61506135652334,1,0.6679841897233202,0.6666666666666661,13.583333333333334
2343,162675,D,0.6180586,107.7801268531912,66.61443666930056,1,0.6966580976863753,5.000000000000001,8.162790697674419
2344,106607,C,0.88714564,75.08801097417202,66.61400143681495,0,0.6296296296296297,2.333333333333333,11.846153846153848
2345,127772,D,0.89998275,74.01389512323038,66.6112289019916,0,0.6274509803921569,6.666666666666667,13.333333333333334
2346,186903,C,0.8323051,80.02992071595563,66.6093090627476,1,0.5247524752475248,-2.6666666666666665,11.23076923076923
2347,90737,D,0.6625472,100.53027925662184,66.60605213296377,0,0.5822784810126582,5.666666666666668,8.291666666666666
2348,14640,C,0.7391936,90.1044565697786,66.60463927655152,0,0.5878378378378378,0.0,10.16
2349,16704,C,0.8676953,76.75468325151651,66.59967575880691,1,0.53,-0.6666666666666661,13.6
2350,178069,D,0.6032656,110.3970307529315,66.59872917550908,0,0.8608695652173913,5.000000000000001,6.32258064516129
2351,122947,C,0.82757556,80.47226380921686,66.59687913920783,0,0.44,9.0,8.583333333333334
2352,183170,C,0.6945586,95.8792396166173,66.59375239818891,1,0.7079646017699115,4.666666666666667,9.633333333333333
2353,16511,C,0.7003428,95.08501763919595,66.59210505646824,0,0.5789473684210527,4.0,9.133333333333333
2354,192629,C,0.56044346,118.81953999627116,66.59163422296517,0,0.6556603773584906,3.0,7.162790697674419
2355,132800,C,0.70132285,94.95047259840656,66.59093639008034,0,0.6637168141592921,0.9999999999999992,10.363636363636363
2356,135061,C,0.839804,79.2925869950353,66.59023122938873,1,0.4767441860465116,4.000000000000001,12.285714285714286
2357,194514,C,0.561798,118.527012078022,66.58823554529316,0,0.5058823529411764,5.666666666666667,6.681818181818182
2358,164994,B,0.7287931,91.3668880663108,66.58755618610752,0,0.7407407407407407,12.666666666666666,10.428571428571429
2359,61412,C,0.7461645,89.23955681544345,66.58738935507584,0,0.6024096385542169,-0.3333333333333339,10.352941176470589
2360,129987,D,0.7565853,88.00852361708517,66.58595524063652,0,0.5619047619047619,16.0,9.157894736842104
2361,197160,C,0.97851264,68.04520194220656,66.58309051622494,1,0.2631578947368421,0.0,10.0
2362,111417,C,0.67800564,98.20289362381448,66.58211532276214,1,0.4571428571428571,2.0,8.9
2363,40194,D,0.6989838,95.24666138817886,66.5758722181616,0,0.7219251336898396,12.333333333333334,9.892857142857142
2364,52342,C,0.69861907,95.28886908876255,66.57062088201657,0,0.6957494407158836,4.666666666666666,10.212121212121213
2365,104823,D,0.83964175,79.28200900501415,66.56848477329567,0,0.655367231638418,7.666666666666667,10.571428571428571
2366,162252,D,0.7515486,88.57266673419569,66.56666264391738,0,0.5865384615384616,7.999999999999998,9.925925925925926
2367,155452,C,0.78544146,84.74851687875541,66.56499867967688,0,0.5153846153846153,10.666666666666666,8.0
2368,83748,B,0.7585814,87.74669988963235,66.56301444042705,0,0.7610294117647058,18.666666666666668,12.647058823529411
2369,197218,D,0.7450055,89.34227798206402,66.56048744241119,0,0.6428571428571429,11.333333333333332,9.166666666666666
2370,78503,C,0.8360507,79.60786690069305,66.55621198969256,1,0.709375,1.666666666666668,13.1
2371,138671,C,0.654981,101.61325335279123,66.55475203314492,0,0.5420875420875421,7.666666666666668,7.476190476190476
2372,35067,D,0.80145043,83.03646679094224,66.54961212712264,1,0.776595744680851,8.333333333333334,14.272727272727272
2373,38339,C,0.7257808,91.6910392927631,66.54759448304847,0,0.6297297297297297,0.0,10.633333333333333
2374,116109,C,0.66957253,99.38654972581745,66.54650376424806,0,0.5655526992287918,3.666666666666667,8.296296296296296
2375,6794,C,0.7954409,83.65986883744436,66.54648238649635,0,0.5421686746987951,1.333333333333334,11.75
2376,161816,C,0.8708914,76.41148593872967,66.54610537161881,1,0.2456140350877192,-0.6666666666666661,8.571428571428571
2377,150013,D,0.56140804,118.52586295747668,66.541372756905,0,0.5540540540540541,8.333333333333334,6.482758620689655
2378,22930,C,0.7867126,84.58098673908857,66.54092687834853,0,0.6236559139784946,2.999999999999999,12.5
2379,30819,C,0.9223525,72.13748854983952,66.5361923889465,0,0.4081632653061224,-1.666666666666667,13.11111111111111
2380,156247,D,0.7352572,90.4927712748444,66.53546238315468,0,0.5700325732899023,8.333333333333332,8.16
2381,154848,C,0.47081664,141.31518563101338,66.5335411688973,1,0.6024390243902439,3.333333333333333,9.45
2382,4885,B,0.7445018,89.35948647301969,66.52830113083004,1,0.6676136363636364,20.0,12.36842105263158
2383,160422,C,0.9644024,68.98375373456007,66.52809611775776,1,0.0476190476190476,-1.0,7.0
2384,57779,C,0.9297403,71.55495052629038,66.52752186397412,1,0.3076923076923077,-1.666666666666667,10.8
2385,176974,D,0.6978369,95.33005387424171,66.52482697645976,0,0.7137681159420289,5.333333333333332,10.363636363636363
2386,183145,C,0.8189207,81.23080750947294,66.52158746787418,0,0.3488372093023256,2.333333333333334,9.571428571428571
2387,56510,C,0.7082833,93.91882098492232,66.52113294469676,0,0.4978813559322034,12.0,8.552631578947368
2388,119802,C,0.59251636,112.26215369841924,66.51716297456046,1,0.4333333333333333,4.333333333333333,7.761904761904762
2389,44440,D,0.82502615,80.6231966165247,66.51624586949028,1,0.5833333333333334,5.666666666666667,9.5
2390,111295,C,0.6212677,107.060671037655,66.51333432440552,0,0.6691542288557214,3.333333333333333,8.15
2391,86327,D,0.7856476,84.65658726086178,66.51024215800086,0,0.6926470588235294,11.0,12.652173913043478
2392,146909,C,0.7237206,91.89648600435407,66.50738092095432,0,0.6376146788990825,1.666666666666666,11.125
2393,41067,D,0.5964488,111.50370245470954,66.50624719492582,0,0.8571428571428571,10.333333333333332,5.645161290322581
2394,197585,D,0.74331856,89.46875451522305,66.50378556898332,0,0.5887850467289719,8.666666666666666,10.5625
2395,118556,D,0.70319754,94.57152619110964,66.50246446313116,0,0.6696428571428571,13.666666666666664,10.87878787878788
2396,5857,C,0.75088036,88.56344032702081,66.50054800902511,0,0.6813186813186813,0.3333333333333339,12.11111111111111
2397,200090,C,0.5951596,111.73487450392231,66.50008212575193,1,0.6744186046511628,3.0,7.613636363636363
2398,22496,C,0.7082318,93.89238589241168,66.49757410112659,0,0.5350877192982456,12.0,9.27777777777778
2399,180247,C,0.7213939,92.17574360819684,66.49501762097347,0,0.5058139534883721,3.333333333333332,9.307692307692308
2400,92774,C,0.9093762,73.11737804274345,66.4912036919538,0,0.3076923076923077,0.0,10.75
2401,36883,C,0.74838924,88.83708974611315,66.48472244132431,1,0.4580152671755725,6.666666666666668,8.076923076923077
2402,194618,D,0.7324798,90.76401027036728,66.48280506254767,0,0.6809815950920245,10.0,10.5
2403,11176,C,0.515734,128.90183394377257,66.47906060499201,0,0.6607142857142857,4.333333333333334,6.787234042553192
2404,146521,D,0.78088695,85.12440482973544,66.4725366970593,0,0.5696594427244582,6.0,10.692307692307692
2405,137101,C,0.5426235,122.49558950904486,66.46898795131241,1,0.7727272727272727,4.666666666666667,6.369565217391305
2406,41833,C,0.65234923,101.890695800054,66.46831731891955,0,0.5161290322580645,6.333333333333334,7.5
2407,188318,D,0.7090498,93.74093810742538,66.46699537606452,0,0.6711798839458414,5.333333333333334,10.241379310344827
2408,96290,B,0.732294,90.7642770015456,66.46613755350256,0,0.7648648648648648,14.666666666666664,10.428571428571429
2409,151310,D,0.72076774,92.21365043248944,66.46462409062792,0,0.6507352941176471,9.0,10.275862068965518
2410,14413,C,0.7391863,89.9128406179419,66.46233880336995,0,0.6434540389972145,-2.666666666666667,9.1
2411,159836,D,0.7900968,84.11327050582629,66.45762749605142,0,0.6107784431137725,9.0,12.421052631578949
2412,151304,C,0.49918637,133.130892644921,66.45712660779213,0,0.6738768718801996,0.666666666666667,5.714285714285714
2413,89340,C,0.72454417,91.7187914265824,66.45431537998671,1,0.4640718562874251,6.999999999999999,8.4375
2414,143679,D,0.7629532,87.09953566069964,66.45287134943563,1,0.5533333333333333,16.333333333333332,8.357142857142858
2415,106682,C,0.9245383,71.87488248066443,66.45108269223869,1,0.4042553191489361,0.3333333333333321,13.0
2416,105744,D,0.60727966,109.42096266839296,66.44912482204082,1,0.6782006920415224,9.333333333333334,8.214285714285714
2417,25369,B,0.5191578,127.99038739444472,66.44721138385079,0,0.6666666666666666,19.333333333333336,4.5
2418,175503,C,0.88244903,75.29776862495689,66.4464429502305,0,0.3061224489795918,0.0,11.5
2419,138964,D,0.6653995,99.84668356864758,66.43793250319119,1,0.5901639344262295,7.000000000000001,8.133333333333333
2420,38900,C,0.7060832,94.08826631159728,66.4341421387479,1,0.5130208333333334,6.666666666666666,8.137931034482758
2421,120963,C,0.7162042,92.75432567745524,66.43104003155041,0,0.4509803921568627,1.333333333333334,8.88
2422,120756,D,0.55420816,119.86352766730272,66.42934505328641,0,0.7043918918918919,5.666666666666666,7.181818181818182
2423,170131,C,0.7226607,91.91929773533862,66.42646591533502,0,0.6721311475409836,0.0,11.0
2424,85894,C,0.63067067,105.32286186712946,66.42403951193013,0,0.7142857142857143,1.0000000000000004,7.708333333333333
2425,37455,D,0.77169156,86.07191534187466,66.42097068650335,0,0.68,7.0,12.166666666666666
2426,77663,C,0.6080092,109.24298304500935,66.42074082095583,0,0.6711409395973155,4.333333333333333,8.241379310344827
2427,196717,C,0.7656999,86.74417431638244,66.42000759809076,0,0.5671641791044776,4.0,10.423076923076923
2428,97247,C,0.79300886,83.75611905106564,66.41934481553082,0,0.6470588235294118,3.666666666666666,11.869565217391305
2429,53757,C,0.5869936,113.15004393058868,66.41834880910045,1,0.6223175965665236,0.0,7.888888888888889
2430,137606,C,0.76695955,86.59900917774797,66.41793693591215,1,0.5707070707070707,0.0,12.285714285714286
2431,111654,D,0.7659545,86.71199858784473,66.41744504338385,0,0.7619047619047619,7.0,12.954545454545457
2432,83138,C,0.5372716,123.6114880950785,66.41294431644477,0,0.567219152854512,4.0,6.469387755102041
2433,6661,C,0.6946053,95.61095894928673,66.41187795321629,0,0.7142857142857143,3.0,10.090909090909092
2434,45317,C,0.76363117,86.96740939783439,66.41102415790212,0,0.575,3.333333333333334,10.333333333333334
2435,146837,C,0.74380374,89.28430382691238,66.40999906937309,1,0.5202312138728323,5.666666666666667,7.608695652173913
2436,195136,D,0.57661474,115.16817975466634,66.40766973881988,0,0.6011904761904762,5.333333333333334,7.15
2437,27171,D,0.72784156,91.238430706044,66.40712137867585,0,0.7228915662650602,11.666666666666664,11.2
2438,169262,D,0.7091625,93.63898609724824,66.40525501347955,0,0.6500956022944551,6.333333333333334,10.333333333333334
2439,34722,D,0.7537059,88.10249548782932,66.40337230925019,0,0.6222222222222222,10.333333333333334,11.470588235294118
2440,110452,B,0.7393276,89.81515327045683,66.40282256782862,0,0.5121951219512195,16.333333333333332,8.275862068965518
2441,121846,C,0.50294626,132.02264348265498,66.40029445690483,0,0.8273615635179153,-1.3333333333333337,4.635135135135135
2442,13096,C,0.70609623,94.03735520137153,66.39942216904808,1,0.7170868347338936,3.333333333333333,9.826086956521738
2443,95619,C,0.65378773,101.56096542280908,66.39931325613571,1,0.581081081081081,-1.666666666666667,8.615384615384615
2444,153852,D,0.7086533,93.69532311663404,66.39749722258185,0,0.5557768924302788,8.0,8.54054054054054
2445,87741,C,0.5424662,122.3969734622707,66.39622393007208,0,0.7285714285714285,0.0,6.382352941176471
2446,202114,D,0.56820625,116.84594637307777,66.39259709435069,0,0.831081081081081,12.333333333333332,6.342105263157895
2447,123061,C,0.77171737,86.03097935195612,66.39160108585486,0,0.5045871559633027,0.0,11.25
2448,167693,D,0.78251714,84.84353756850868,66.39152195353066,0,0.5650485436893203,10.666666666666668,8.793103448275861
2449,91625,C,0.7330422,90.56424828414364,66.38741404100955,0,0.631578947368421,3.0,10.787878787878787
2450,60433,C,0.85481256,77.6612944628442,66.38585012418461,0,0.5056179775280899,13.666666666666668,9.928571428571429
2451,23969,D,0.58851403,112.79760729178736,66.38297443935802,0,0.7704918032786885,9.333333333333334,7.681818181818182
2452,98771,C,0.6215443,106.79786214461808,66.37960262942266,0,0.6981519507186859,3.0,8.185185185185185
2453,45209,C,0.8291646,80.05523478459014,66.37896866654202,1,0.3823529411764705,1.666666666666666,10.333333333333334
2454,63028,D,0.6913102,96.01823866800125,66.37839036177222,0,0.6918429003021148,6.0,10.028571428571428
2455,44633,D,0.66682124,99.54400214530716,66.37805508234608,0,0.6144329896907217,7.999999999999999,9.03225806451613
2456,174098,C,0.50568205,131.26200266397282,66.37683874934778,0,0.6,-1.3333333333333337,6.147058823529412
2457,141823,C,0.507171,130.8720402313807,66.37450027164694,1,0.3563829787234042,5.000000000000001,5.318181818181818
2458,98386,D,0.7586052,87.49384599821583,66.37328498230639,0,0.5779816513761468,12.0,10.296296296296296
2459,87963,B,0.72385186,91.69434587564804,66.3731227741013,0,0.7560975609756098,17.333333333333336,10.263157894736842
2460,99383,B,0.76476705,86.78859544459357,66.37305817629813,1,0.5795454545454546,17.666666666666668,8.789473684210526
2461,63137,D,0.5603084,118.44905118253376,66.36799797249186,0,0.6746987951807228,5.666666666666666,6.785714285714286
2462,130571,D,0.68682814,96.6255439527181,66.36514228594206,0,0.6027397260273972,11.666666666666664,8.783783783783784
2463,126627,B,0.743167,89.29913034573042,66.36416529495426,0,0.5284552845528455,16.666666666666668,9.304347826086955
2464,57244,C,0.8025253,82.69099720370295,66.36161584200055,1,0.5526315789473685,3.999999999999999,12.25
2465,64001,C,0.68463415,96.92920841857745,66.3610461261229,1,0.4666666666666667,0.3333333333333339,7.7
2466,5723,C,0.91658413,72.39943235688473,66.36017101630193,1,0.3043478260869565,-1.0,10.4
2467,136072,D,0.7132673,93.03381600307377,66.35798120111362,1,0.6877076411960132,9.333333333333332,12.142857142857142
2468,9095,B,0.69044244,96.1093349475645,66.35796400611238,1,0.6932515337423313,19.0,9.724137931034482
2469,129672,C,0.97851264,67.8139295995383,66.356787604539,1,0.25,0.0,10.0
2470,118585,B,0.7485994,88.63321962971253,66.35077592626132,0,0.4827586206896552,19.33333333333333,8.185185185185185
2471,141280,B,0.7449626,89.06067875412664,66.34687240238303,0,0.6050420168067226,17.0,9.923076923076923
2472,136979,B,0.71866125,92.31142840572645,66.34064640585652,0,0.6885245901639344,16.333333333333332,11.904761904761903
2473,158644,B,0.7643993,86.78722684344639,66.34009458756229,0,0.5151515151515151,18.0,8.722222222222221
2474,194607,C,0.9401888,70.5592559570451,66.33902396033383,0,0.4,0.0,11.5
2475,95478,C,0.7230978,91.74105271907952,66.33775350171912,0,0.5862068965517241,4.0,9.257142857142858
2476,36541,D,0.80655193,82.2455412302082,66.33530028358956,1,0.5873015873015873,9.0,9.625
2477,150414,C,0.6863038,96.64976491246264,66.33110038574496,0,0.6043956043956044,1.333333333333333,9.12
2478,79396,D,0.5615005,118.12877131753312,66.32936294384352,0,0.5636363636363636,6.333333333333333,7.0
2479,88157,C,0.9398395,70.5750454900346,66.32921421717772,1,0.5882352941176471,2.666666666666667,13.125
2480,154410,C,0.8738408,75.90172515133864,66.32602490075335,1,0.5306122448979592,0.0,13.333333333333334
2481,123404,C,0.59069693,112.27855027665352,66.32259505267177,0,0.5803571428571429,3.333333333333333,7.555555555555555
2482,106418,C,0.65845954,100.72232981940972,66.32157938181983,1,0.6716417910447762,0.333333333333333,7.65625
2483,52993,C,0.5937209,111.70471084456248,66.32142290158947,0,0.4868913857677903,8.666666666666666,6.266666666666667
2484,183636,C,0.7992668,82.97494609505029,66.31912090558328,1,0.5157894736842106,7.333333333333333,10.176470588235292
2485,107265,C,0.9357132,70.8750524275441,66.31872011973229,0,0.3636363636363636,0.0,10.75
2486,205300,D,0.77859366,85.17336070011862,66.31543859098156,1,0.6994906621392191,16.0,9.628571428571428
2487,105719,C,0.7076255,93.71498640796256,66.31511489305029,0,0.5935960591133005,4.333333333333333,9.411764705882351
2488,112282,C,0.72925454,90.9354672624952,66.3151026920485,0,0.6781609195402298,0.0,10.038461538461538
2489,129512,C,0.7836158,84.62347895501918,66.31229749237954,0,0.5827338129496403,-0.666666666666667,11.333333333333334
2490,153426,D,0.75024843,88.38042942732282,66.30727861142556,0,0.5754385964912281,6.666666666666667,9.342857142857143
2491,135771,C,0.77555096,85.49667705296191,66.30703009300473,1,0.4198473282442748,0.666666666666667,10.571428571428571
2492,80248,C,0.73327583,90.42375954278808,66.30555739788707,0,0.4677419354838709,6.0,9.214285714285714
2493,153434,C,0.5745786,115.39836172497502,66.30542718821194,0,0.4628099173553719,4.666666666666666,6.241379310344827
2494,34118,C,0.7127179,93.02802764207186,66.30273964070787,0,0.4238095238095238,7.666666666666667,8.157894736842104
2495,17758,D,0.7648452,86.68412429632089,66.29993572825394,0,0.6956521739130435,7.333333333333334,11.703703703703704
2496,18888,C,0.76621836,86.52632194061468,66.29805686093229,1,0.5672268907563025,-1.333333333333332,12.22222222222222
2497,74659,C,0.7757905,85.45170949662375,66.2926255096676,0,0.6153846153846154,0.0,10.148148148148149
2498,71387,D,0.7213931,91.8883136012243,66.28759617147341,1,0.676056338028169,13.0,11.703703703703704
2499,149400,C,0.46964547,141.1351495240676,66.28348368549288,0,0.7849462365591398,1.3333333333333337,6.327272727272727
2500,178237,C,0.5877197,112.77600293398142,66.28067622959239,0,0.5466666666666666,13.666666666666668,5.837837837837838
2501,141263,C,0.86309195,76.79354788746697,66.27989265942158,1,0.4957264957264957,-3.0,10.909090909090908
2502,157755,D,0.7954923,83.31751901156849,66.27844411648326,0,0.5869565217391305,12.666666666666668,10.6
2503,46411,B,0.7078537,93.63131013646075,66.277266964729,0,0.6982758620689655,19.666666666666668,8.142857142857142
2504,59192,C,0.73530066,90.1344317182874,66.27590714320215,0,0.684331797235023,0.3333333333333339,11.38888888888889
2505,9357,D,0.78331727,84.60697224054812,66.27410234031267,1,0.6082474226804123,11.666666666666668,10.8125
2506,134775,C,0.8853806,74.85027596139723,66.27098416637527,0,0.4042553191489361,0.0,12.25
2507,89654,D,0.784015,84.52468303991341,66.26861936225245,1,0.5815899581589958,7.999999999999999,11.818181818181818
2508,90312,C,0.7169393,92.43268056624592,66.2686185751882,0,0.5230125523012552,8.666666666666668,8.93939393939394
2509,55763,C,0.7794493,85.01863329116357,66.26771285197614,0,0.5666666666666667,-2.0,11.833333333333334
2510,54991,D,0.66930914,99.00814457361923,66.26705602347785,0,0.7795454545454545,7.000000000000001,8.32258064516129
2511,184942,D,0.7763018,85.3620909380339,66.26674494979353,0,0.5637254901960784,9.333333333333332,11.178571428571429
2512,171736,C,0.73930746,89.63168158477063,66.26537113201712,1,0.5817307692307693,0.3333333333333339,11.517241379310343
2513,160872,D,0.69294953,95.6253714206786,66.26355651313985,1,0.7377450980392157,12.666666666666668,9.857142857142858
2514,144802,C,0.50731903,130.61161954686227,66.2617605461349,0,0.6485355648535565,4.0,7.131578947368421
2515,54712,C,0.73572344,90.0611518531309,66.26010008058364,0,0.4846153846153846,1.666666666666667,9.38095238095238
2516,49341,C,0.69146967,95.81102183481134,66.25041558744007,1,0.5111111111111111,2.333333333333333,9.636363636363637
2517,201467,D,0.68407005,96.84629406742631,66.24964929439972,0,0.5547445255474452,9.666666666666666,8.857142857142858
2518,41771,B,0.7192084,92.11294917401972,66.24840857462357,1,0.6726618705035972,15.0,10.814814814814817
2519,206195,C,0.8015979,82.64432494987015,66.24751676789819,1,0.4383561643835616,7.333333333333334,8.0
2520,39754,D,0.7178948,92.2791249856578,66.24670328889839,0,0.65,5.333333333333334,9.53125
2521,129370,C,0.82024765,80.76194920443393,66.24479905618666,1,0.4754098360655737,-1.333333333333333,11.428571428571429
2522,31384,D,0.62445116,106.08336843475512,66.24388252150241,0,0.575,14.0,6.5
2523,93538,C,0.60796213,108.96052878384322,66.24387532881903,0,0.6138059701492538,2.0,6.634146341463414
2524,66541,C,0.7214714,91.81246405464732,66.24006962968794,1,0.4313725490196078,-0.666666666666667,9.0
2525,124880,C,0.6658339,99.48345282239532,66.23945442694864,1,0.4928909952606635,1.666666666666667,10.0
2526,99565,C,0.7820775,84.69577817288695,66.2386617157482,0,0.4285714285714285,2.666666666666667,9.875
2527,127618,C,0.86797065,76.31373546057632,66.23808222271549,1,0.4210526315789473,1.333333333333333,12.666666666666666
2528,63386,B,0.7314597,90.54584524788996,66.23063473857852,1,0.551094890510949,14.0,8.76923076923077
2529,162266,C,0.51205355,129.3424734627563,66.23027261051362,0,0.5175438596491229,0.0,6.516129032258065
2530,170189,D,0.7237588,91.50799740390065,66.2297199213775,0,0.7763975155279503,5.666666666666667,6.2
2531,204048,C,0.7813035,84.76189117699865,66.22476435979804,0,0.5232558139534884,6.666666666666667,8.181818181818182
2532,175796,C,0.64824355,102.1501685989674,66.21818756672734,0,0.5970149253731343,2.666666666666667,7.282051282051282
2533,105742,D,0.78766304,84.0690457706284,66.21808037557481,0,0.6919275123558485,11.333333333333332,10.612903225806452
2534,23693,C,0.49123824,134.7955444773046,66.21672554728974,0,0.7014157014157014,1.666666666666667,6.545454545454546
2535,198107,C,0.74455595,88.93413995444408,66.21644307586996,0,0.5348837209302325,-1.0,10.928571428571429
2536,96069,C,0.8539461,77.54160151336599,66.21634740487035,1,0.3666666666666666,1.0,11.333333333333334
2537,203762,D,0.69737417,94.95068279541206,66.21615313615041,1,0.6873315363881402,10.666666666666664,10.67741935483871
2538,185479,D,0.7332534,90.30393891845928,66.21567199718231,0,0.7772727272727272,11.666666666666668,12.227272727272728
2539,44164,D,0.6930638,95.53932245449624,66.21484544617051,0,0.5770392749244713,8.666666666666666,8.724137931034482
2540,141395,D,0.6433105,102.92807103086776,66.21470752866527,0,0.5833333333333334,6.333333333333333,6.583333333333333
2541,56638,C,0.5933135,111.60040950584076,66.21403126014205,0,0.7188208616780045,0.0,6.84
2542,153007,C,0.46409932,142.67079867696592,66.21342033440274,1,0.8401775804661488,1.6666666666666663,6.11864406779661
2543,194969,C,0.50253606,131.75499696999708,66.21163685521917,0,0.6040816326530613,-0.666666666666667,6.1875
2544,39537,C,0.90349835,73.28146744284696,66.20968503553188,1,0.4878048780487805,-3.666666666666667,12.375
2545,67036,D,0.6665549,99.32531585778068,66.20577874287046,0,0.6007194244604317,5.333333333333333,8.708333333333334
2546,124457,C,0.7482827,88.47576950965778,66.20488512523143,1,0.5043859649122807,10.0,7.967741935483871
2547,85291,C,0.5866429,112.85030957481504,66.2028352414417,1,0.6209677419354839,0.0,8.454545454545455
2548,87598,C,0.7089732,93.3758790618768,66.20099848280923,1,0.6796116504854369,3.333333333333333,10.464285714285714
2549,205052,D,0.5321294,124.40451842083112,66.19930260656673,0,0.7160194174757282,10.666666666666666,7.047619047619048
2550,174384,C,0.8000295,82.73853306411722,66.19326858004585,0,0.4473684210526316,3.0,8.375
2551,72447,C,0.9040338,73.21799740609816,66.19154296623766,1,0.6666666666666666,-2.999999999999999,12.8
2552,134677,C,0.7739058,85.5244941061112,66.18790320195772,0,0.5454545454545454,12.666666666666666,10.5625
2553,98663,C,0.67482835,98.07706200011084,66.18518197573405,0,0.4583333333333333,1.333333333333333,8.466666666666667
2554,100185,B,0.63441515,104.32284162837054,66.1839911876154,0,0.7073608617594255,10.999999999999998,8.708333333333334
2555,189561,C,0.73887825,89.57090300836175,66.18199207667202,0,0.4166666666666667,-1.666666666666667,9.555555555555555
2556,71035,D,0.5760459,114.88700687052852,66.18018591414999,1,0.5858895705521472,15.333333333333336,5.844444444444444
2557,127632,C,0.50480014,131.09057215393312,66.17453928842147,0,0.6223277909738717,1.0000000000000002,5.417910447761194
2558,68934,C,0.83031714,79.69295602936363,66.17042729860589,1,0.4054054054054054,-0.3333333333333339,9.8
2559,178523,C,0.76498353,86.49856263343098,66.16997619955941,1,0.625,-0.6666666666666679,12.0
2560,8999,D,0.8430047,78.48811239468067,66.16584791925789,0,0.6633986928104575,11.0,9.925925925925926
2561,187805,C,0.52734154,125.46227674965198,66.16147081372506,0,0.6228868660598179,4.666666666666667,6.560975609756097
2562,184030,D,0.5896285,112.19749776788407,66.15484429041646,0,0.6881287726358148,9.333333333333332,8.0
2563,107854,C,0.85789114,77.10109345598218,66.1443451427989,1,0.4642857142857143,0.3333333333333339,12.6
2564,109844,C,0.9308432,71.05619746295598,66.14217641130045,1,0.3333333333333333,3.666666666666667,11.0
2565,18603,C,0.6847178,96.59441642642648,66.13991383411704,0,0.5747126436781609,1.666666666666666,9.2
2566,138013,C,0.50889057,129.9683336085869,66.13965926935579,0,0.8296296296296296,1.333333333333333,5.333333333333333
2567,50141,B,0.7772268,85.09512363415212,66.1382111217082,0,0.5670103092783505,16.333333333333332,9.25
2568,69236,B,0.6761065,97.81825849707944,66.13556161583627,0,0.6877076411960132,20.0,8.909090909090908
2569,178401,C,0.7466965,88.57072558802157,66.13544833393294,1,0.5921052631578947,0.0,10.833333333333334
2570,104178,D,0.80295336,82.35634113397995,66.12830103383595,1,0.6579804560260586,14.999999999999998,9.038461538461538
2571,76873,C,0.9157315,72.21007736159473,66.12504171067825,0,0.376068376068376,3.666666666666667,12.2
2572,55593,D,0.726505,91.01573195841289,66.12338266427504,1,0.706959706959707,6.999999999999998,12.0
2573,182722,D,0.7560634,87.45589716759426,66.12220311117504,0,0.569620253164557,7.666666666666667,9.27027027027027
2574,19260,C,0.9224865,71.67767448597507,66.12168592150135,1,0.3109243697478991,4.333333333333333,11.833333333333334
2575,108436,D,0.7722118,85.61936327691954,66.11628178199416,0,0.5742971887550201,9.0,10.833333333333334
2576,108369,C,0.48248512,137.03011010479707,66.1149885047422,0,0.7245901639344262,2.333333333333333,6.846153846153846
2577,127123,C,0.6920555,95.53378438917672,66.11468315740821,0,0.5850622406639004,4.666666666666667,8.194444444444445
2578,39368,C,0.86767024,76.19652655756684,66.11345833435162,1,0.4666666666666667,7.666666666666667,9.666666666666666
2579,35408,C,0.65204245,101.39280526866185,66.11241300975678,1,0.6386138613861386,-3.000000000000001,10.11111111111111
2580,92590,C,0.84312785,78.41219820717657,66.11150783082883,1,0.4,4.0,11.142857142857142
2581,128707,D,0.75980246,87.01138202328224,66.11146216762825,0,0.5614035087719298,11.0,9.25
2582,9606,C,0.74325806,88.94748570035966,66.11093557678643,0,0.4934210526315789,2.0,8.4
2583,52653,C,0.81373286,81.24245136498519,66.10965250351504,0,0.4935064935064935,4.333333333333333,11.25
2584,87213,C,0.80582184,82.03938411895484,66.10912713461231,0,0.3541666666666667,-1.666666666666666,10.333333333333334
2585,180653,C,0.86800206,76.16017276289158,66.1071866254154,1,0.3298969072164948,4.333333333333333,10.714285714285714
2586,113067,C,0.92833227,71.21026096353098,66.10678315001084,1,0.2727272727272727,-3.0000000000000004,10.8
2587,43660,D,0.5726443,115.4409172614631,66.10658248404762,1,0.7097560975609756,8.666666666666668,7.324324324324325
2588,132088,D,0.77052855,85.79368263014454,66.10648229795997,1,0.6666666666666666,8.0,12.444444444444445
2589,71723,D,0.70658845,93.544328414004,66.09734174849882,0,0.6606060606060606,10.0,9.758620689655173
2590,38541,B,0.7331589,90.15374811042588,66.09702157236926,0,0.6775510204081633,16.666666666666668,12.68421052631579
2591,102295,C,0.6862131,96.32080237483696,66.09659409146859,0,0.5851063829787234,-1.0000000000000009,9.470588235294118
2592,175215,D,0.71443725,92.5137523239556,66.09527045730083,0,0.6557377049180327,10.333333333333332,9.833333333333334
2593,76206,D,0.6905019,95.7178051010573,66.09332899774422,1,0.6447368421052632,6.333333333333332,9.65625
2594,81359,C,0.7179665,92.04712707898828,66.08675338269975,1,0.6750788643533123,-0.3333333333333339,11.5
2595,160761,C,0.86441016,76.45296271606567,66.08671788463711,1,0.6261682242990654,0.0,11.928571428571429
2596,91268,D,0.79226094,83.40991069118861,66.08241465349572,1,0.636094674556213,6.666666666666666,12.625
2597,65647,C,0.75607294,87.40213985484827,66.0823927061939,1,0.3684210526315789,1.333333333333334,7.846153846153846
2598,85392,C,0.78883314,83.76968182285593,66.08030126027872,0,0.6097560975609756,4.333333333333333,12.333333333333334
2599,108528,C,0.77517855,85.24337219999636,66.07883380179145,0,0.5098039215686274,14.999999999999998,8.67741935483871
2600,163373,C,0.69030464,95.7198366349715,66.07584707772091,0,0.4861111111111111,3.0,8.16
2601,141176,C,0.727293,90.84953463012842,66.07423190946369,1,0.6576576576576577,2.666666666666666,11.3
2602,201171,C,0.7943887,83.1724381398849,66.07124596230462,0,0.5483870967741935,8.333333333333332,10.4
2603,130225,D,0.49435616,133.64904257717214,66.07022686074134,0,0.6480446927374302,7.666666666666668,6.333333333333333
2604,143256,C,0.58078134,113.75689562082816,66.06788234105193,0,0.2657004830917874,8.0,5.217391304347826
2605,78813,D,0.7609341,86.81917405341996,66.0636713261558,0,0.7837837837837838,6.666666666666666,10.44
2606,72555,D,0.65257555,101.23339865552344,66.06244105538914,0,0.6375404530744336,5.333333333333333,8.833333333333334
2607,100067,C,0.8177802,80.7813511591513,66.06138923793392,0,0.5967741935483871,4.333333333333334,10.923076923076923
2608,32430,D,0.82518905,80.05363461819212,66.05938302083216,0,0.5965909090909091,11.0,8.608695652173912
2609,174085,D,0.657655,100.43949132452082,66.05453373599406,1,0.7993920972644377,9.333333333333332,8.131578947368421
2610,145171,D,0.6399513,103.21274036372516,66.05112620603514,1,0.815,10.333333333333334,8.870967741935484
2611,179958,C,0.5090632,129.74429483228695,66.04804386706378,0,0.6435643564356436,4.666666666666666,6.9423076923076925
2612,143820,C,0.9224635,71.5967712328853,66.04540650896537,0,0.575,0.9999999999999996,11.454545454545457
2613,41540,B,0.7531559,87.6874613919282,66.04232777454546,1,0.5482866043613707,15.333333333333332,10.227272727272728
2614,85515,C,0.8301881,79.54894804211159,66.04058967964653,1,0.4476190476190476,-4.666666666666667,11.666666666666666
2615,128911,C,0.80826145,81.70526430154874,66.03921573243395,0,0.5105263157894737,9.333333333333334,10.346153846153848
2616,65181,C,0.6951943,94.98680542533212,66.03428608584132,0,0.4661016949152542,6.0,8.285714285714286
2617,199387,C,0.84071904,78.54402156926287,66.03345474200458,1,0.4294871794871794,4.666666666666666,11.88888888888889
2618,188004,C,0.71179956,92.76502672186908,66.03010538744697,0,0.503030303030303,14.0,8.0
2619,82990,C,0.7509755,87.91122688216704,66.0191766506133,0,0.6976744186046512,0.0,12.1875
2620,35709,D,0.7852996,84.06794700639351,66.0185250872232,1,0.5650557620817844,9.333333333333334,10.851851851851851
2621,119365,C,0.73587674,89.70716003099211,66.0134123908107,0,0.6300751879699248,0.666666666666667,12.071428571428571
2622,9710,C,0.78425,84.17289138958814,66.01259183830204,1,0.6680584551148225,1.666666666666667,13.15
2623,23651,C,0.78937244,83.6257834772031,66.01188909759533,0,0.5625,-1.666666666666666,12.333333333333334
2624,186481,B,0.70203924,94.02822924434548,66.01150676562915,0,0.5992366412213741,19.33333333333333,8.657142857142857
2625,46592,C,0.5671159,116.3985783769797,66.01148487261825,0,0.8354430379746836,3.333333333333333,6.807692307692308
2626,42470,C,0.51054496,129.29576067314628,66.01129840900481,0,0.675,3.6666666666666665,8.31578947368421
2627,163860,C,0.49373668,133.69507123642032,66.01016118251151,1,0.7191011235955056,3.6666666666666665,6.018518518518518
2628,183278,D,0.70730364,93.32640993904585,66.01010975914849,0,0.7086614173228346,9.333333333333334,10.333333333333334
2629,66236,C,0.77556866,85.11097483412584,66.00940505013405,1,0.5925925925925926,-2.333333333333333,12.166666666666666
2630,188248,D,0.7067564,93.394377958061,66.00707555841223,0,0.7786885245901639,9.333333333333332,9.310344827586206
2631,74072,D,0.5495507,120.10525148172398,66.00392647976535,0,0.6074074074074074,6.0,6.464285714285714
2632,98740,D,0.59284914,111.3298557257902,66.00180871111507,1,0.6352657004830918,12.0,7.48936170212766
2633,156533,C,0.78547806,84.01825753420073,65.99449755254174,1,0.5967365967365967,5.0,12.166666666666666
2634,166418,C,0.72412795,91.1333324523128,65.99219304899054,0,0.4716981132075472,10.333333333333334,7.555555555555555
2635,57525,C,0.70855355,93.13525846437408,65.99131825981861,0,0.5416666666666666,3.999999999999999,9.285714285714286
2636,41396,C,0.73094416,90.28191592027711,65.9910388927978,1,0.4444444444444444,8.333333333333332,8.52
2637,175162,C,0.6999494,94.2791367917318,65.99062369650234,1,0.5738636363636364,3.333333333333333,8.733333333333333
2638,110289,C,0.93184394,70.81346955304751,65.98710222152161,1,0.46875,2.333333333333334,13.375
2639,63301,D,0.7269372,90.7740915293393,65.98706164110747,1,0.6446540880503144,6.333333333333334,11.307692307692308
2640,104566,C,0.7572499,87.13930743000117,65.98623111923243,0,0.644808743169399,-0.3333333333333339,11.3
2641,30941,C,0.7352203,89.74866227658556,65.98503957680279,0,0.6103896103896104,4.999999999999999,10.444444444444445
2642,94228,C,0.6534739,100.97468958588392,65.98432558525917,1,0.616504854368932,4.999999999999999,7.295454545454546
2643,39382,D,0.5214164,126.54584298598942,65.98308113757518,0,0.6150442477876106,5.000000000000001,6.69811320754717
2644,180136,D,0.6853099,96.28076488742629,65.9821600987645,0,0.6384615384615384,8.666666666666668,9.409090909090908
2645,29228,C,0.69311726,95.18673715334693,65.97557053286985,0,0.4698795180722891,8.000000000000002,8.235294117647058
2646,108833,D,0.68703914,96.02590833515184,65.97355718133416,0,0.6508620689655172,8.0,9.5
2647,96717,D,0.7892926,83.58378973153242,65.97206453592759,1,0.572289156626506,10.333333333333332,9.5
2648,139212,D,0.71955615,91.68202193001524,65.97036298277447,0,0.5727699530516432,12.333333333333334,8.842105263157896
2649,58600,C,0.8108528,81.35843114741316,65.96971378565013,1,0.4677419354838709,2.0,12.0
2650,167278,C,0.69401556,95.05050279020932,65.96652816311823,0,0.6082089552238806,5.0,8.875
2651,110128,D,0.784453,84.09033784894936,65.96491567723382,0,0.7062937062937062,10.0,11.148148148148149
2652,55777,D,0.6438571,102.44929557283132,65.96270854390552,0,0.6939890710382514,6.333333333333332,8.931034482758621
2653,46346,C,0.7376861,89.41575351072116,65.96075827324718,0,0.5785714285714286,-1.666666666666667,10.625
2654,191694,C,0.725928,90.86047981476204,65.95816716840609,0,0.4782608695652174,11.0,7.84375
2655,133524,C,0.60200226,109.558443413116,65.95443087302955,1,0.7441077441077442,4.333333333333334,8.516129032258064
2656,26602,B,0.6807061,96.88683362980944,65.95145708946556,1,0.7218543046357616,18.666666666666668,10.5
2657,140659,C,0.72938174,90.4202267304958,65.95086231231352,0,0.6639118457300276,-0.666666666666667,8.88
2658,113441,D,0.760338,86.73846997588038,65.95055551345179,0,0.5789473684210527,8.333333333333334,10.11111111111111
2659,69970,D,0.6547828,100.7188432754528,65.9489633990016,0,0.7126436781609196,9.333333333333332,8.96774193548387
2660,182146,C,0.77083707,85.5539222924889,65.94813466355876,1,0.5,-0.3333333333333339,11.11111111111111
2661,62115,C,0.74921846,88.01921356567357,65.94561998115799,1,0.6578947368421053,-2.0,10.083333333333334
2662,195500,D,0.74708676,88.27008939633112,65.9454153905411,0,0.6741573033707865,10.0,12.464285714285714
2663,187358,D,0.59022033,111.72418265332075,65.94188419434882,0,0.6440677966101694,11.333333333333334,7.846153846153846
2664,126645,C,0.7358299,89.6142889762028,65.94087237956359,0,0.4678899082568807,1.666666666666666,10.375
2665,44298,D,0.6364625,103.6049440139217,65.94066267739491,1,0.75,5.666666666666666,7.333333333333333
2666,112943,D,0.8397727,78.51498172044934,65.93473828903039,1,0.5854700854700855,8.0,9.076923076923077
2667,29790,C,0.83935475,78.55392024175094,65.93460636052284,0,0.589041095890411,-6.666666666666667,11.444444444444445
2668,144819,C,0.6719439,98.1173399777734,65.92934837363671,0,0.5683229813664596,2.666666666666666,8.148148148148149
2669,43209,C,0.7688529,85.74946856631824,65.9287266835455,0,0.532967032967033,-2.999999999999999,11.285714285714286
2670,157013,C,0.8090509,81.4887985050208,65.92858720668062,1,0.408,8.666666666666666,9.0
2671,159617,B,0.65200245,101.11415779131362,65.92667899426296,1,0.6960486322188449,22.33333333333333,8.545454545454545
2672,59451,C,0.9229689,71.42792774156105,65.92575761443281,1,0.3561643835616438,-0.6666666666666661,11.4
2673,76203,C,0.72371525,91.09158042476366,65.92436551047024,1,0.4851190476190476,9.666666666666668,8.482758620689655
2674,17588,C,0.6221428,105.96065160185536,65.92265560302046,0,0.6952054794520548,5.0,7.805555555555555
2675,108782,D,0.6447724,102.24141579036603,65.92244410112284,1,0.7352941176470589,11.0,8.472222222222221
2676,62696,D,0.53163195,123.99933484164336,65.92200775446945,0,0.6568047337278107,8.666666666666668,6.914893617021277
2677,29229,C,0.89878386,73.34310570050049,65.9195998359004,0,0.2615384615384615,4.333333333333334,8.0
2678,104968,C,0.85433966,77.15711067566,65.91837964058176,1,0.5,6.666666666666667,12.5
2679,26564,D,0.68013036,96.91751967585638,65.91654779077628,0,0.6997840172786177,9.333333333333334,9.513513513513514
2680,164512,D,0.7887893,83.56549692107852,65.91556750646316,0,0.6923076923076923,5.333333333333334,13.0
2681,172680,C,0.6572286,100.2923609546525,65.91500688351412,0,0.6567656765676567,1.0,9.25
2682,204102,C,0.5885707,111.98992906174983,65.91399250833484,0,0.7235023041474654,2.0000000000000004,7.152173913043479
2683,13341,D,0.57314,115.00216143920612,65.91234169828927,1,0.5840978593272171,5.333333333333333,7.5
2684,93192,C,0.56332135,117.00569000118084,65.91180348374368,0,0.5811965811965812,3.666666666666667,6.361111111111111
2685,137749,B,0.6881285,95.78294026763614,65.91096827012461,1,0.5939086294416244,14.666666666666668,8.022727272727273
2686,3184,D,0.66774434,98.7042302977429,65.90919096854395,1,0.6173285198555957,9.333333333333332,7.666666666666667
2687,172151,D,0.65650344,100.39100709815251,65.90704139954931,0,0.6981132075471698,9.0,9.214285714285714
2688,54959,D,0.7806492,84.4234719409479,65.90511458082364,0,0.7134387351778656,8.0,11.0
2689,47460,D,0.663754,99.2905316755828,65.90448620733716,0,0.6488095238095238,7.0,9.35
2690,194974,C,0.82859564,79.53603153835513,65.90320881839556,1,0.4972677595628415,-0.666666666666667,12.307692307692308
2691,44606,C,0.69595987,94.68938751096498,65.90001344819471,0,0.7112462006079028,1.333333333333333,9.32
2692,39522,C,0.7222248,91.24392329535073,65.89862169622327,0,0.4334600760456273,13.666666666666666,8.5
2693,5487,C,0.7595484,86.75854031785924,65.89731271224228,1,0.5195195195195195,6.000000000000001,8.914285714285715
2694,158634,C,0.7278201,90.53460253237014,65.89290332372502,0,0.656934306569343,4.666666666666666,10.428571428571429
2695,204408,D,0.77283317,85.25727521922441,65.88965014591433,1,0.6585365853658537,10.666666666666668,12.428571428571429
2696,36763,C,0.74617314,88.29387194158264,65.8825159684459,0,0.6690140845070423,1.666666666666666,11.863636363636363
2697,146135,C,0.6418642,102.63999249067254,65.880934673211,0,0.6020408163265306,0.0,7.791666666666667
2698,166061,D,0.639296,103.04338896962442,65.87522590376892,1,0.5833333333333334,14.000000000000002,6.862068965517241
2699,90873,C,0.72747594,90.5525824467732,65.874825141853,1,0.490506329113924,6.333333333333332,9.26923076923077
2700,185785,D,0.85152453,77.35966256255438,65.87365044697836,1,0.5625,6.666666666666666,8.722222222222221
2701,100283,B,0.74917084,87.92822770486823,65.87326419059733,0,0.573394495412844,13.666666666666668,10.344827586206897
2702,9058,D,0.603479,109.15270450204568,65.87136798897104,0,0.743801652892562,10.333333333333334,7.73170731707317
2703,50007,C,0.690302,95.42282506967926,65.87056836065231,0,0.5901639344262295,2.999999999999999,9.733333333333333
2704,74048,C,0.9428211,69.85823120576275,65.8638133732462,0,0.4428571428571428,0.0,11.75
2705,108163,D,0.7629584,86.32466339484967,65.86212770325156,0,0.5707070707070707,11.666666666666668,10.545454545454543
2706,121263,C,0.66434085,99.13266695054256,65.85788059059904,0,0.6379310344827587,2.333333333333333,8.692307692307692
2707,4429,C,0.709154,92.86760989873864,65.85743794200003,0,0.5192307692307693,3.666666666666667,10.2
2708,97643,D,0.5867182,112.23884339789232,65.85257235225835,1,0.8023952095808383,7.0,7.225806451612903
2709,135683,C,0.47628123,138.25280440351372,65.84721513518323,0,0.6637362637362637,4.333333333333334,6.518518518518518
2710,67054,D,0.72192645,91.20794678850444,65.84542930333825,0,0.6533864541832669,10.333333333333334,10.5
2711,19376,D,0.7551297,87.19649172872683,65.84466019883484,0,0.5833333333333334,8.333333333333332,10.31578947368421
2712,198649,C,0.71873033,91.60913064810724,65.84226074452923,0,0.5414201183431953,5.333333333333333,9.333333333333334
2713,126709,C,0.7225208,91.12720829594674,65.84130601383073,1,0.535031847133758,6.0,8.878787878787879
2714,169961,D,0.7143983,92.16151739736677,65.84003361109733,0,0.7409326424870466,7.0,12.148148148148149
2715,165775,C,0.71007675,92.7195804459802,65.83801828184079,1,0.6708074534161491,4.000000000000001,10.875
2716,180716,D,0.6819031,96.549106485031,65.83713731760872,0,0.5889328063241107,9.666666666666668,9.19047619047619
2717,175385,C,0.56690764,116.13328194468586,65.8368452888205,0,0.4436860068259385,7.0,6.375
2718,100291,C,0.8420285,78.1867697563644,65.83548835221325,0,0.3764705882352941,5.333333333333334,8.928571428571429
2719,127793,D,0.7218804,91.19658322115104,65.83302381651167,1,0.6206896551724138,5.000000000000001,10.642857142857142
2720,163414,C,0.89134204,73.85776120088504,65.83252782495026,0,0.2179487179487179,-2.0,8.833333333333334
2721,61101,C,0.71405697,92.19386152813144,65.8316692945077,0,0.63,-0.333333333333333,10.517241379310343
2722,187841,B,0.74604917,88.2401346476877,65.83147883743155,0,0.5324675324675324,21.33333333333333,7.416666666666667
2723,49107,C,0.7333224,89.76981498871935,65.83021455682712,0,0.6136363636363636,-3.0,11.052631578947368
2724,156467,D,0.70542717,93.31877174956136,65.82959704448703,0,0.7418032786885246,12.0,10.185185185185183
2725,12222,C,0.72330517,91.01207110319724,65.82950117615701,0,0.5972222222222222,3.666666666666666,9.772727272727272
2726,173777,B,0.7173341,91.76823928399727,65.8284865703321,0,0.7372742200328407,15.333333333333332,12.304347826086955
2727,83594,B,0.71261334,92.36863985497666,65.82312534556802,0,0.7405405405405405,15.0,11.7
2728,149590,C,0.44390196,148.28230958020114,65.82280727491758,0,0.806060606060606,4.0,4.635135135135135
2729,121450,C,0.6627646,99.31374088685313,65.82163263330018,1,0.7235576923076923,-0.333333333333333,9.23076923076923
2730,119173,D,0.57716066,114.0388745527346,65.818751697924,0,0.7665369649805448,8.666666666666666,7.538461538461538
2731,108639,D,0.75783384,86.84922108626715,65.81727858331276,0,0.6328125,15.666666666666668,12.0
2732,7809,C,0.48405197,135.95784923404597,65.8106651159512,0,0.6495956873315364,0.333333333333333,6.36734693877551
2733,13571,C,0.75337803,87.3485026721573,65.80644318437349,1,0.576530612244898,1.666666666666668,10.166666666666666
2734,65279,D,0.6414317,102.59012369872704,65.80455634571204,0,0.8138528138528138,8.666666666666668,8.658536585365853
2735,22876,D,0.55763924,118.00353909297812,65.80340400091382,1,0.7307152875175316,5.666666666666667,7.804347826086956
2736,7848,C,0.798669,82.38970384329957,65.80210078033625,0,0.382716049382716,10.0,8.714285714285714
2737,164480,C,0.969662,67.85823354995576,65.79955118454475,1,0.2941176470588235,0.0,10.5
2738,44262,C,0.79841524,82.4090311944268,65.79662671805131,1,0.4649122807017544,-0.3333333333333339,12.166666666666666
2739,82499,C,0.6447872,102.04355693994007,65.79637857616697,0,0.5,2.666666666666667,8.533333333333333
2740,180615,C,0.7394686,88.97790654283558,65.79636571535372,0,0.4801061007957559,6.000000000000001,9.56
2741,32351,D,0.72239494,91.0793678456793,65.7952747649691,1,0.7391304347826086,8.0,11.588235294117649
2742,109429,C,0.91192216,72.14873760114538,65.79403240441012,1,0.5454545454545454,-0.666666666666667,11.4
2743,164442,C,0.87821054,74.91772023033785,65.7935318826402,0,0.4615384615384615,3.666666666666667,12.6
2744,71950,C,0.7121124,92.3916009642285,65.79320717467621,0,0.6473684210526316,1.0,10.176470588235292
2745,156429,D,0.47980437,137.11941574454158,65.79049445099947,0,0.8409090909090909,15.666666666666666,4.446428571428571
2746,156903,D,0.7264682,90.55997245982763,65.78894067867039,0,0.6612903225806451,10.666666666666664,10.045454545454543
2747,137377,C,0.7152605,91.97819154517596,65.78836779579134,0,0.5,7.0,8.117647058823529
2748,171940,B,0.7508704,87.61451606536701,65.78714730448735,1,0.6,16.333333333333332,11.3125
2749,86806,C,0.666753,98.66358555736456,65.78424107511874,0,0.4729729729729729,16.0,8.38888888888889
2750,145263,D,0.7622648,86.29497138403669,65.77961808053098,0,0.7604166666666666,13.333333333333332,13.5
2751,8510,C,0.5558525,118.3394742962203,65.77928941529196,0,0.5735294117647058,4.666666666666666,6.928571428571429
2752,84543,D,0.60971487,107.88511122787816,65.77915610166407,0,0.6838365896980462,12.333333333333332,7.545454545454546
2753,182006,D,0.72159773,91.1559100767536,65.77789788896561,1,0.5760869565217391,9.666666666666668,9.466666666666669
2754,85950,C,0.8367289,78.61249550341063,65.77734459873818,1,0.4444444444444444,0.3333333333333339,9.285714285714286
2755,11811,C,0.8212832,80.09069071031334,65.77714045828807,0,0.5161290322580645,12.333333333333336,9.066666666666666
2756,127856,C,0.65123117,100.99303769805036,65.76981407172042,0,0.6256038647342995,4.333333333333333,8.588235294117647
2757,159796,C,0.6331873,103.87086467281296,65.76971172827797,1,0.3439490445859872,-0.3333333333333335,6.769230769230769
2758,85780,C,0.660885,99.51518150243002,65.76808837738386,1,0.6223175965665236,1.333333333333334,10.666666666666666
2759,191706,B,0.6957816,94.52254434167976,65.76704605625598,1,0.7302631578947368,14.666666666666668,10.526315789473683
2760,37989,C,0.88915956,73.96305201622664,65.76495480206054,1,0.4583333333333333,5.666666666666667,11.375
2761,29453,C,0.79031366,83.21166076746533,65.7633122672203,0,0.509090909090909,10.0,10.6
2762,99019,C,0.6651252,98.87303347793606,65.76294529769308,0,0.6647727272727273,0.333333333333333,9.142857142857142
2763,62038,C,0.91908014,71.54704400857635,65.7574670956676,1,0.3928571428571428,3.333333333333334,12.5
2764,204676,B,0.7499658,87.67922767692214,65.7564209824794,0,0.4292452830188679,15.333333333333332,8.733333333333333
2765,147656,C,0.7979276,82.39591833008873,65.74597884825296,0,0.3939393939393939,5.000000000000001,10.0
2766,192635,D,0.6438393,102.11491998456904,65.74559856962188,0,0.5882352941176471,11.333333333333334,8.555555555555555
2767,76122,C,0.5238534,125.50348594919808,65.74543048842453,0,0.5570469798657718,3.0,6.584905660377358
2768,177371,C,0.776669,84.64315405923976,65.73971597176137,0,0.3809523809523809,3.333333333333333,8.823529411764707
2769,14738,D,0.7867304,83.55620541023409,65.73620762918411,0,0.5529411764705883,9.666666666666668,9.848484848484848
2770,187070,C,0.7683933,85.5447421902576,65.73200487766897,0,0.5227272727272727,9.666666666666668,10.08
2771,173994,C,0.7534988,87.23297651249513,65.72994248128394,0,0.5070422535211268,7.333333333333334,10.583333333333334
2772,94875,B,0.7401151,88.80944209888081,65.72920966221047,1,0.75,16.666666666666664,9.35
2773,200747,C,0.87992513,74.69713658678968,65.72788775604847,1,0.4779411764705882,-1.0,13.5
2774,14162,C,0.9243763,71.09483187553126,65.7183782722493,1,0.4302325581395348,1.333333333333333,12.0
2775,127387,D,0.6621825,99.2448764191132,65.7182213618383,0,0.6953907815631263,13.666666666666666,9.11111111111111
2776,72890,C,0.834309,78.76877904308037,65.71749984857979,0,0.3333333333333333,5.666666666666667,8.416666666666666
2777,165068,B,0.7462862,88.05708227326924,65.71578649259247,0,0.6106194690265486,13.666666666666668,10.96
2778,143353,C,0.9208815,71.361345697708,65.71534376610091,1,0.4390243902439024,3.333333333333334,13.6
2779,43223,C,0.85595065,76.77468011368319,65.71533761963033,1,0.5719844357976653,0.0,11.27777777777778
2780,173421,C,0.8484487,77.45335407945633,65.71519709544823,1,0.1919191919191919,-3.0,10.0
2781,166431,D,0.7960011,82.55510830373417,65.71395509671744,0,0.5506607929515418,12.666666666666668,10.85
2782,120652,B,0.6961145,94.3998286580849,65.71308768518253,0,0.5494505494505495,21.33333333333333,9.117647058823527
2783,104344,C,0.80925125,81.1987435921407,65.71018465589603,0,0.6421568627450981,2.333333333333334,9.75
2784,63035,C,0.5871205,111.91611904443938,65.70824479276727,1,0.7604166666666666,4.666666666666667,7.933333333333334
2785,82194,D,0.7485552,87.77720409009115,65.70608110693176,0,0.5746606334841629,16.666666666666668,9.833333333333334
2786,93110,C,0.8036472,81.75615177887354,65.7031041060052,0,0.4591836734693877,7.666666666666666,11.714285714285714
2787,40432,C,0.7631652,86.08756026378646,65.69902807278547,1,0.5652173913043478,-2.000000000000001,9.5
2788,17633,C,0.6019015,109.1520075449153,65.69875397099838,0,0.4545454545454545,15.666666666666666,5.423076923076923
2789,62704,C,0.75973576,86.46890512797903,65.69351961948918,0,0.3891213389121339,4.666666666666667,10.0
2790,183560,C,0.8269252,79.43626054902077,65.68784707996973,0,0.5423728813559322,0.0,12.5
2791,142975,D,0.82488626,79.63060312425296,65.68619058516373,1,0.6453488372093024,6.333333333333334,9.083333333333334
2792,190112,C,0.7164632,91.68034760047895,65.68559597059715,0,0.6689814814814815,2.666666666666667,11.23076923076923
2793,105934,C,0.69235796,94.870626008151,65.68443283676473,0,0.4804469273743016,2.333333333333333,9.041666666666666
2794,98176,C,0.75948495,86.48074299309391,65.6808224850864,0,0.6605166051660517,-2.000000000000001,11.95
2795,99861,D,0.85481447,76.83598607567588,65.68051269993785,1,0.5772058823529411,7.0,10.31578947368421
2796,82290,C,0.7430604,88.38975257787935,65.67892579232718,1,0.5877862595419847,4.666666666666667,10.25
2797,106773,C,0.6390214,102.76824739539732,65.67110898053973,0,0.6633333333333333,-2.666666666666667,8.95
2798,38327,C,0.6906614,95.0839167648301,65.6707882894798,1,0.7007672634271099,2.333333333333333,10.59375
2799,78634,D,0.7291961,90.0582946380557,65.67015466729504,1,0.642023346303502,14.0,10.5
2800,146815,C,0.9435899,69.59540607207235,65.66952404920076,1,0.2962962962962963,-1.666666666666667,10.4
2801,133232,C,0.7481553,87.77421649385197,65.66874490885851,0,0.4625,12.0,10.153846153846152
2802,121509,D,0.5844253,112.35977919512172,65.66589435587913,0,0.6927083333333334,9.666666666666668,8.088888888888889
2803,83637,C,0.70995104,92.49330809559122,65.66572056491394,0,0.3770491803278688,1.0,9.133333333333333
2804,148521,C,0.93212163,70.43881645731868,65.65754472726769,1,0.4375,2.0,13.2
2805,45040,C,0.82972366,79.13139924691791,65.65719390159583,0,0.4838709677419355,2.0,12.357142857142858
2806,79473,C,0.5207773,126.0659649467566,65.65229096836133,0,0.667458432304038,1.666666666666666,5.788461538461538
2807,163613,C,0.51117927,128.4297428616884,65.65062199171852,0,0.6573643410852713,4.666666666666667,7.105263157894737
2808,2474,D,0.7005213,93.71639616550696,65.65033076434027,0,0.6682170542635659,9.0,10.382352941176473
2809,109689,D,0.6966783,94.22784084707727,65.64649016770078,1,0.6153846153846154,8.333333333333334,9.392857142857142
2810,153648,D,0.72495437,90.55207620641302,65.64612305813783,0,0.5565217391304348,11.0,9.444444444444445
2811,50318,C,0.7748809,84.7152825573621,65.64425321238679,1,0.4230769230769231,2.666666666666667,10.285714285714286
2812,2153,C,0.8362733,78.49580030613143,65.64394294473692,0,0.4943820224719101,10.333333333333334,8.823529411764707
2813,118820,C,0.68244624,96.1867389395391,65.6422784597708,0,0.5,-0.666666666666667,9.846153846153848
2814,134387,C,0.7607809,86.27700348643849,65.63789385230251,1,0.5528846153846154,2.666666666666666,11.75
2815,55781,D,0.70232534,93.45567864762144,65.63629166295273,0,0.72,8.666666666666668,12.06896551724138
2816,78540,C,0.6967265,94.20112455313664,65.63241989904229,0,0.5058365758754864,5.333333333333333,10.0
2817,155941,D,0.8245868,79.59221432791739,65.6306900085504,0,0.6100917431192661,6.666666666666667,10.64516129032258
2818,82926,D,0.8218083,79.86025791286407,65.62982108077942,1,0.7083333333333334,6.0,7.916666666666667
2819,63022,C,0.73424387,89.37965302145761,65.62646231420226,1,0.4253731343283582,13.333333333333336,8.545454545454545
2820,129245,B,0.8233716,79.70001304619538,65.62272639981607,0,0.6028368794326241,18.0,10.714285714285714
2821,125240,C,0.7125972,92.08818995086996,65.62178551400069,0,0.5466101694915254,6.999999999999999,9.3125
2822,34397,C,0.7683308,85.40716212754606,65.62095426686706,1,0.2947368421052631,-3.0,7.3
2823,72371,C,0.72875667,90.04315330517281,65.61954821532498,1,0.4328358208955223,3.333333333333333,6.904761904761905
2824,126846,D,0.7866746,83.4136060025429,65.61936669819485,0,0.6896551724137931,7.0,13.411764705882351
2825,60463,D,0.7562097,86.7726352556136,65.61830600160648,1,0.6875,11.666666666666664,12.63157894736842
2826,15766,C,0.7275669,90.18602300646508,65.616364989966,1,0.2692307692307692,0.666666666666667,6.444444444444445
2827,92752,D,0.45922118,142.8832689074274,65.61502395770763,0,0.6511627906976745,7.000000000000001,6.388888888888889
2828,141368,D,0.7053447,93.02531360090096,65.61490977199398,0,0.6798418972332015,14.666666666666664,10.407407407407408
2829,121333,D,0.6549093,100.18044801758366,65.60910835968502,0,0.6051502145922747,13.0,7.34375
2830,198585,C,0.77832514,84.29169151814251,65.60634264183705,1,0.5656565656565656,-5.666666666666667,10.428571428571429
2831,65517,C,0.7239928,90.61533740274008,65.60485407416368,0,0.7068062827225131,2.333333333333333,11.8
2832,177800,B,0.65339524,100.40164888464224,65.60195902143285,0,0.6051282051282051,20.666666666666664,8.772727272727273
2833,41635,C,0.71297276,92.00872090620696,65.59971170701589,0,0.6769911504424779,3.000000000000001,11.612903225806452
2834,146855,B,0.73989266,88.65951746874767,65.59852635359685,0,0.5793871866295265,15.666666666666668,10.071428571428571
2835,134452,C,0.8502271,77.1496698679875,65.59474143090219,0,0.4642857142857143,0.0,12.5
2836,51268,C,0.687507,95.40702010665233,65.59299166740395,0,0.5153061224489796,6.333333333333332,8.387096774193548
2837,8470,D,0.68073916,96.35423851465517,65.59210380827983,0,0.6020408163265306,10.0,9.08695652173913
2838,3283,C,0.5072512,129.30705090282154,65.5911571346163,0,0.570446735395189,0.3333333333333335,5.255813953488372
2839,58065,C,0.7985964,82.12836721584236,65.58741692972852,0,0.4573170731707317,9.0,11.066666666666666
2840,134063,D,0.5416931,121.07575836233036,65.58590183998413,0,0.7128953771289538,5.666666666666667,7.1875
2841,101071,C,0.7607786,86.20224824097906,65.58082624548982,0,0.31,0.6666666666666661,8.5
2842,183971,C,0.7800016,84.07191835767797,65.57622921274633,1,0.2994011976047904,10.666666666666666,7.266666666666667
2843,85097,C,0.97851264,67.00797563514016,65.5681514592747,1,0.2444444444444444,0.0,10.25
2844,84482,C,0.61998236,105.75494757789156,65.5662021706909,0,0.2580645161290322,13.0,6.25
2845,158188,C,0.70162636,93.43846831780384,65.55889244870497,0,0.4433962264150943,10.0,8.25
2846,166506,C,0.84309924,77.75413990678383,65.5544559892172,0,0.2631578947368421,5.666666666666667,9.0
2847,88039,C,0.7928484,82.68163703174348,65.5540043098234,0,0.7283950617283951,4.333333333333333,12.625
2848,79161,C,0.9263297,70.76372571725553,65.55053885698082,1,0.4193548387096774,1.333333333333334,13.2
2849,109809,D,0.5847911,112.09171368810792,65.55023922385054,0,0.5641711229946524,8.666666666666666,7.0
2850,57275,B,0.73103356,89.66535701808543,65.54838547364285,0,0.6225806451612903,20.666666666666664,10.16
2851,81005,C,0.7373754,88.89074710834032,65.54584830382296,0,0.48125,7.666666666666666,9.263157894736842
2852,109035,D,0.78542966,83.44996597141188,65.54407810832878,0,0.5775577557755776,14.333333333333336,8.521739130434783
2853,39246,C,0.48706502,134.5602666668347,65.53959860166151,0,0.7727272727272727,1.666666666666667,7.0
2854,74669,C,0.48714903,134.53347772720485,65.53785317332118,1,0.8812785388127854,3.6666666666666665,6.411764705882353
2855,118646,D,0.66196424,98.99619655163164,65.53194178450747,0,0.7236842105263158,6.666666666666666,9.16216216216216
2856,33494,D,0.72689253,90.15291314393724,65.53147920483812,0,0.5625,15.333333333333334,9.733333333333333
2857,167273,C,0.7355322,89.09269029190557,65.53054464843501,0,0.5446009389671361,8.666666666666666,7.75
2858,76639,D,0.56865406,115.22538676375338,65.5233840401941,0,0.5813253012048193,9.0,6.411764705882353
2859,84808,C,0.6917407,94.72031944717295,65.52189928881735,0,0.5459317585301837,8.999999999999998,7.571428571428571
2860,100230,C,0.75659275,86.59885648874615,65.52006702524596,0,0.5887096774193549,3.333333333333334,11.6
2861,65888,D,0.65783477,99.59307895973078,65.51579002128882,1,0.726027397260274,8.333333333333332,9.025641025641026
2862,188618,D,0.8004143,81.85218950374674,65.51566491374444,0,0.5872641509433962,12.666666666666668,10.178571428571429
2863,181826,D,0.7548965,86.7857857730447,65.51428780164295,1,0.5984251968503937,11.0,9.724137931034482
2864,77725,C,0.69958186,93.64370273931048,65.51143587974225,0,0.6231884057971014,3.333333333333333,9.93939393939394
2865,95354,D,0.77579504,84.44176575882776,65.50950325689465,0,0.6862745098039216,11.333333333333332,13.041666666666666
2866,113736,C,0.7144457,91.69071056860088,65.50803482929369,0,0.5013623978201635,7.333333333333333,8.846153846153847
2867,129423,C,0.7466965,87.72900925658563,65.50694171868356,1,0.6282051282051282,0.0,10.833333333333334
2868,3067,C,0.5080925,128.9260446439949,65.506359254735,0,0.6697674418604651,2.6666666666666665,5.977777777777778
2869,202488,C,0.81474125,80.39937384826935,65.50468665812254,0,0.5521235521235521,-2.999999999999999,12.416666666666666
2870,177908,D,0.7155011,91.54926785720616,65.50360456837666,0,0.7926267281105991,7.000000000000001,11.642857142857142
2871,86379,D,0.5660772,115.71442957366143,65.50329714015412,0,0.767056530214425,13.0,7.304347826086956
2872,128589,C,0.5580163,117.38185181160296,65.50098665870156,0,0.8414096916299559,3.666666666666667,7.26530612244898
2873,136279,D,0.7909011,82.81581965378373,65.499124888694,0,0.6229508196721312,7.333333333333333,12.541666666666666
2874,100630,D,0.6987209,93.73586322563096,65.49520412838532,1,0.6925566343042071,8.666666666666664,9.73076923076923
2875,50363,D,0.6775618,96.66142130519388,65.49408850016256,0,0.6651685393258427,8.333333333333334,9.40625
2876,206126,D,0.80431247,81.42817040964032,65.49369267230136,0,0.6334519572953736,8.666666666666668,11.03448275862069
2877,63832,C,0.77111864,84.93195327156724,65.4926123757242,0,0.5344827586206896,9.0,11.0
2878,125231,D,0.6471501,101.2012437236462,65.49239492276374,1,0.75,15.666666666666668,10.071428571428571
2879,116245,D,0.7860466,83.31561183881458,65.48995542769595,1,0.6590909090909091,10.333333333333332,9.75
2880,34827,C,0.6378861,102.66352252270455,65.48763470962201,0,0.7022222222222222,4.666666666666667,8.733333333333333
2881,69825,C,0.77067673,84.97195090830957,65.48590544305861,1,0.3265306122448979,1.333333333333333,7.333333333333333
2882,192876,D,0.75614935,86.60355536694941,65.48522223669916,0,0.5851063829787234,15.333333333333332,11.962962962962964
2883,82185,C,0.684095,95.71847121915556,65.48052996761824,0,0.8214285714285714,5.0,8.487804878048781
2884,159700,C,0.7131929,91.81083939764804,65.47883697933337,0,0.6052631578947368,3.666666666666666,9.68421052631579
2885,22697,C,0.7639228,85.70535917559405,65.47227886100309,0,0.3684210526315789,7.666666666666666,8.11111111111111
2886,191894,D,0.7185262,91.11989325324772,65.47202923666745,0,0.7663551401869159,7.333333333333334,10.523809523809524
2887,46206,B,0.70602965,92.73246053321752,65.47186698303192,0,0.7226890756302521,12.666666666666668,10.15
2888,17396,D,0.78568375,83.32934462781337,65.47051206440686,1,0.6231884057971014,7.000000000000001,12.416666666666666
2889,141603,C,0.606762,107.89848630884804,65.46870048413433,0,0.7317073170731707,0.0,8.035714285714286
2890,203567,D,0.7027025,93.16295012674117,65.4658400369049,1,0.7019027484143763,10.666666666666664,11.407407407407408
2891,185718,C,0.8877566,73.74278447141133,65.46564258999204,1,0.5853658536585366,3.333333333333334,12.636363636363637
2892,51996,C,0.7007136,93.42614787639188,65.46497006632471,0,0.5697674418604651,-4.666666666666666,9.8125
2893,115281,C,0.72035205,90.87301855501704,65.46056553677892,0,0.4888888888888889,6.0,9.466666666666669
2894,37566,C,0.5628688,116.29659915046882,65.45972417689335,0,0.4864197530864197,2.0,6.153846153846154
2895,59774,C,0.7511798,87.13731196949968,65.45578982722076,1,0.4716981132075472,2.0,8.833333333333334
2896,146777,C,0.8026213,81.55053270908029,65.45419498549882,1,0.425531914893617,7.0,10.77777777777778
2897,66199,C,0.6908639,94.73941507570883,65.45204247804398,0,0.6346153846153846,2.666666666666667,9.464285714285714
2898,26238,D,0.6869131,95.28418703996005,65.4519537339188,0,0.669833729216152,10.333333333333332,10.303030303030305
2899,87969,C,0.5282164,123.90990515396464,65.45124670173763,1,0.5336134453781513,-1.333333333333333,7.05
2900,134467,D,0.5326539,122.8770743478259,65.45095628831558,0,0.5555555555555556,14.333333333333332,5.708333333333333
2901,129980,C,0.8729325,74.97651225685588,65.44943381230684,0,0.44,-2.333333333333333,11.333333333333334
2902,138527,C,0.8121629,80.58626993239513,65.4491767648141,1,0.55,-2.333333333333333,11.666666666666666
2903,85935,C,0.5046734,129.68151439353548,65.44681355910187,0,0.6475409836065574,1.0000000000000002,5.395348837209302
2904,22054,C,0.7556002,86.6152439825088,65.44649688923707,0,0.4296875,6.000000000000001,8.0
2905,127263,B,0.6982775,93.72502853877234,65.44607612705563,0,0.6467065868263473,16.0,10.666666666666666
2906,34145,D,0.76711637,85.31057007058976,65.44313464894209,0,0.5858585858585859,8.666666666666666,12.285714285714286
2907,86252,C,0.8708156,75.1492320168204,65.4411216987667,0,0.5,1.0000000000000009,10.846153846153848
2908,41466,C,0.6971392,93.86910935742384,65.43983613523507,0,0.5503875968992248,1.333333333333334,9.588235294117649
2909,171310,C,0.82150215,79.65720936428205,65.43856868447037,0,0.3174603174603174,3.333333333333333,9.5
2910,164397,D,0.6811473,96.0708836239964,65.43842081359284,0,0.5546666666666666,7.333333333333334,7.521739130434782
2911,85735,D,0.72923493,89.73157009822002,65.43539558511472,0,0.6158536585365854,6.333333333333333,10.217391304347826
2912,202855,C,0.7531898,86.87619003361146,65.43426038468175,0,0.6286594761171033,3.0,12.2
2913,73145,D,0.56884944,115.02686126698272,65.43296612157319,0,0.5764546684709067,14.666666666666666,6.8431372549019605
2914,191300,C,0.900622,72.64955120630617,65.42978484980475,0,0.5721925133689839,4.666666666666667,11.833333333333334
2915,72402,D,0.5972939,109.54299824353296,65.42936610255053,0,0.7820658342792282,14.0,7.925
2916,185788,C,0.7575381,86.36962458868958,65.42827959984538,1,0.5114503816793893,9.0,9.95
2917,205416,C,0.9776954,66.92081542324259,65.42817377049661,1,0.1944444444444444,0.0,9.0
2918,3542,C,0.5187871,126.1106866762332,65.42459565548053,0,0.7470588235294118,1.666666666666667,7.105263157894737
2919,74872,C,0.9453417,69.2069403384563,65.42420706569347,1,0.2962962962962963,-3.000000000000001,13.0
2920,189148,C,0.7721055,84.73334354950666,65.42308185923528,1,0.4620811287477954,2.999999999999999,11.88888888888889
2921,93293,B,0.62532645,104.62170624625053,65.42272064529624,0,0.7443946188340808,17.666666666666668,7.818181818181818
2922,124623,C,0.8182496,79.95279355980406,65.42134000952913,0,0.5176056338028169,5.999999999999999,11.083333333333334
2923,137591,C,0.7275055,89.92480854408478,65.42079325953556,0,0.4379084967320261,10.333333333333334,8.333333333333334
2924,65360,C,0.78373915,83.46948771102468,65.41830531372088,0,0.5287356321839081,7.666666666666667,10.357142857142858
2925,105684,C,0.73644334,88.82933167421609,65.41776977726788,1,0.4481132075471698,8.666666666666666,8.787878787878787
2926,161018,D,0.6495841,100.6980517681116,65.41185479485434,0,0.6285714285714286,11.333333333333334,8.642857142857142
2927,41226,D,0.7753908,84.35976890797134,65.41178902310965,0,0.7166123778501629,14.666666666666664,9.32
2928,172775,C,0.8224297,79.53374702452987,65.41091702449155,1,0.388235294117647,5.333333333333333,11.166666666666666
2929,177414,D,0.7200724,90.83796522869676,65.40991060224128,0,0.6223404255319149,6.333333333333334,11.290322580645162
2930,188036,C,0.6351638,102.97643419588496,65.40690160947591,0,0.4429223744292237,7.333333333333332,6.666666666666667
2931,145151,C,0.7245298,90.271243838295,65.40420649660062,1,0.6493506493506493,2.000000000000001,11.428571428571429
2932,137774,C,0.7069415,92.50366704485332,65.39467978609522,0,0.6501650165016502,3.6666666666666665,10.235294117647058
2933,164274,D,0.5422147,120.60649624471442,65.3946141709816,0,0.5956937799043063,10.333333333333334,6.865384615384615
2934,1892,C,0.6629349,98.64324679236223,65.39405088189272,1,0.574468085106383,3.666666666666666,8.588235294117647
2935,15507,C,0.4229472,154.61204761069223,65.39273233756973,0,0.48,7.333333333333333,4.916666666666667
2936,106757,C,0.50514704,129.4465749142534,65.38955414187168,0,0.4669603524229075,2.666666666666667,4.8125
2937,78694,C,0.75888294,86.16516780589279,65.38927585423363,1,0.568,3.333333333333334,11.76923076923077
2938,74010,B,0.6741779,96.9857949977152,65.38567815198999,0,0.7295285359801489,14.333333333333336,9.714285714285714
2939,89392,C,0.7087147,92.25851638748271,65.38496894010486,0,0.6276041666666666,-1.333333333333333,10.551724137931034
2940,19443,C,0.89609283,72.96611531818182,65.38441292196347,1,0.2244897959183673,-2.0000000000000004,8.333333333333334
2941,44166,D,0.73412514,89.0635476961808,65.38378918347573,0,0.7592592592592593,7.999999999999999,11.642857142857142
2942,141333,C,0.4715379,138.65062268295443,65.37902179674876,0,0.678921568627451,0.0,6.241379310344827
2943,87037,D,0.6284341,104.02613600891227,65.3735734071115,0,0.6666666666666666,12.666666666666668,8.44186046511628
2944,178105,C,0.7158216,91.32579798463004,65.3729810083882,0,0.3421052631578947,0.6666666666666661,9.5
2945,29076,C,0.5047617,129.51045814257037,65.37191848388461,0,0.5334773218142549,8.333333333333332,6.509090909090909
2946,174229,C,0.90641636,72.11604076224647,65.36715891750521,1,0.3448275862068966,0.333333333333333,12.2
2947,167145,D,0.69437903,94.13527626603737,65.36556197848557,0,0.6275720164609053,6.0,10.057142857142855
2948,120066,C,0.667029,97.99437780170383,65.36509410126861,0,0.5135135135135135,-1.0,10.25
2949,157180,C,0.88233846,74.07833452478623,65.36216391954592,1,0.4545454545454545,2.333333333333334,11.916666666666666
2950,51106,D,0.8434657,77.49171629956706,65.36160363587565,1,0.5808823529411765,13.333333333333332,10.3125
2951,174550,C,0.8660265,75.46382348715025,65.35367249548902,1,0.5217391304347826,-1.333333333333333,12.875
2952,42206,C,0.6511031,100.37259266393228,65.352904162718,1,0.5214521452145214,5.666666666666667,7.380952380952381
2953,80182,D,0.71517557,91.37270980921176,65.3475297341256,0,0.5992779783393501,10.666666666666668,10.15625
2954,144771,C,0.67493695,96.81697604778036,65.34535454192948,1,0.4444444444444444,6.666666666666668,7.769230769230769
2955,46168,B,0.78644943,83.08822746493425,65.34468932668014,1,0.5647058823529412,14.0,11.85
2956,72206,B,0.7734077,84.48889985739694,65.34436551802372,0,0.6698564593301436,15.666666666666664,13.526315789473683
2957,151755,B,0.6899197,94.71244267770533,65.34398100068194,0,0.4942528735632184,16.333333333333336,7.578947368421052
2958,4399,D,0.66060436,98.91292892148032,65.34231188032129,0,0.5808080808080808,12.666666666666666,8.6
2959,135249,D,0.7282755,89.72117120591497,65.34172883649728,0,0.5811688311688312,5.666666666666666,10.77777777777778
2960,86884,C,0.7708116,84.76891503177848,65.34086449871997,1,0.5789473684210527,0.666666666666667,9.708333333333334
2961,42444,D,0.6648243,98.28110380648631,65.33966672589014,0,0.7162162162162162,10.666666666666666,9.434782608695652
2962,49248,C,0.86118805,75.87150600927872,65.33963462061227,1,0.3552631578947368,-1.9999999999999991,11.333333333333334
2963,7427,C,0.5683141,114.96634424507776,65.33699163980376,0,0.6929824561403509,3.999999999999999,7.421052631578948
2964,88420,C,0.6742827,96.89730431612531,65.3361788476493,0,0.687984496124031,3.0,9.903225806451612
2965,96452,D,0.69696987,93.74230000890012,65.33555834628767,0,0.5785714285714286,11.0,8.777777777777779
2966,109609,C,0.7073035,92.37210965178848,65.33511867762557,0,0.5517241379310345,0.333333333333333,9.789473684210526
2967,103561,C,0.79419917,82.2628825974044,65.33311297225163,0,0.4747474747474747,6.0,8.6
2968,158192,C,0.76609504,85.28048294407981,65.33295518232865,1,0.6384976525821596,-0.6666666666666661,12.272727272727272
2969,3117,C,0.7819263,83.55385308361353,65.33295304504787,0,0.4757575757575757,4.333333333333333,7.75
2970,162642,D,0.7547745,86.55951595314514,65.33291631385184,1,0.5710455764075067,9.0,11.321428571428571
2971,47511,C,0.68594223,95.2442498964073,65.33205341709163,0,0.4565217391304347,8.0,8.076923076923077
2972,113642,C,0.797611,81.90908603633409,65.33158787129662,0,0.3983050847457627,1.0,10.77777777777778
2973,78430,C,0.6509389,100.36274140864882,65.33001531646212,0,0.6386986301369864,2.666666666666667,8.75609756097561
2974,91546,C,0.6656761,98.14038912920954,65.32971315084248,1,0.4368932038834951,-0.333333333333333,7.6
2975,38997,C,0.7149239,91.3782039753446,65.32846362844732,0,0.6513157894736842,-1.333333333333334,10.0
2976,173661,C,0.69304585,94.26038655857754,65.32677015444477,0,0.544973544973545,0.3333333333333339,10.444444444444445
2977,193475,C,0.66338015,98.4738024006779,65.32556541635738,1,0.6523809523809524,-3.0,10.0
2978,171738,D,0.8075119,80.8967296359145,65.3250739309133,0,0.5932203389830508,15.666666666666666,9.866666666666667
2979,186156,C,0.76369506,85.53263865639593,65.3208537138769,0,0.528169014084507,7.999999999999999,10.25
2980,183679,C,0.43978405,148.5246888686709,65.31878919384096,0,0.5407725321888412,0.0,5.068965517241379
2981,141544,C,0.86405855,75.59517673150867,65.3186591090432,0,0.4227642276422764,2.333333333333333,12.333333333333334
2982,156102,D,0.7883775,82.85067819240277,65.31761248717959,0,0.5773584905660377,6.0,12.35
2983,174150,D,0.8446981,77.32653559682582,65.31757549285267,0,0.6290322580645161,10.0,11.533333333333331
2984,51917,B,0.76236105,85.67708407638816,65.31687174760647,0,0.627906976744186,19.0,10.842105263157896
2985,132657,C,0.69277644,94.28136193816,65.31590643027796,0,0.71,-0.333333333333333,11.451612903225806
2986,162669,D,0.78005034,83.7326946858414,65.31571673395148,0,0.5555555555555556,8.333333333333334,8.964285714285714
2987,165618,C,0.641162,101.86981853664746,65.31505437639379,1,0.6486486486486487,4.333333333333332,8.782608695652174
2988,72740,D,0.59283894,110.17315677977952,65.31493781280547,0,0.611336032388664,5.333333333333334,8.222222222222221
2989,36570,B,0.5422408,120.45218568943956,65.31408934610292,1,0.6551126516464472,16.666666666666668,6.48936170212766
2990,47589,C,0.5282164,123.64740053717776,65.31258745240389,0,0.6039603960396039,-1.0,7.086956521739131
2991,68612,D,0.6473677,100.88743536535809,65.3112685889807,0,0.6956521739130435,9.666666666666666,9.153846153846152
2992,4682,B,0.6126139,106.607035676349,65.30895364117295,0,0.5416666666666666,19.666666666666668,7.08
2993,122318,C,0.68933076,94.74191865643274,65.30851847526408,0,0.6144578313253012,-1.666666666666667,8.285714285714286
2994,57649,C,0.6921803,94.34915094075824,65.30662133071374,0,0.5,12.333333333333336,8.153846153846153
2995,80813,D,0.5553249,117.59946580531256,65.30591300795858,0,0.77,9.666666666666664,5.955555555555556
2996,34792,C,0.6873893,94.99734931062856,65.30016279104282,1,0.4210526315789473,0.666666666666667,8.9
2997,260,C,0.717993,90.944695665163,65.29765678558844,1,0.6851851851851852,3.666666666666666,10.588235294117649
2998,137346,C,0.7297971,89.47244018273118,65.29672959980452,1,0.6363636363636364,2.666666666666666,11.375
2999,162316,D,0.53564674,121.9010289240868,65.29588833403366,0,0.6328671328671329,5.000000000000001,6.888888888888889
3000,64960,C,0.7801544,83.6956148224402,65.29550275234205,0,0.5094339622641509,8.0,11.090909090909092
3001,94672,D,0.7436639,87.80078217404993,65.29427271369535,0,0.5714285714285714,14.666666666666666,9.941176470588236
3002,159559,C,0.70955914,92.01800056284722,65.29221358218037,0,0.5493827160493827,5.333333333333333,7.608695652173913
3003,133608,D,0.5535363,117.95424088143996,65.2919535821244,0,0.5966587112171837,9.0,6.923076923076923
3004,148044,C,0.7941891,82.20721772482868,65.28807588821743,0,0.4603174603174603,5.333333333333334,10.714285714285714
3005,187871,C,0.78381723,83.29434175867475,65.28754036981996,0,0.4680851063829787,11.666666666666664,9.466666666666669
3006,126125,D,0.60613203,107.71132335623722,65.28728313236441,1,0.8205741626794258,8.666666666666668,8.777777777777779
3007,200177,C,0.7571467,86.22794098066139,65.28720235111231,0,0.5369127516778524,1.9999999999999991,11.0
3008,163822,C,0.7195022,90.73930007208664,65.28712699171159,0,0.4578313253012048,4.0,8.35483870967742
3009,171461,C,0.63233083,103.24741059067114,65.28652133650738,1,0.6924528301886792,4.0,8.884615384615385
3010,90676,C,0.9357337,69.76982742750188,65.28597708960274,0,0.5068493150684932,-1.666666666666667,13.555555555555555
3011,136122,C,0.7648862,85.35266084511403,65.28507245023977,1,0.4540816326530612,4.999999999999999,10.5
3012,165291,C,0.5443932,119.92228807907696,65.28487597620592,0,0.5940054495912807,-1.0000000000000004,6.147058823529412
3013,125462,D,0.6925063,94.27157975405508,65.28366414670772,0,0.7025316455696202,6.333333333333334,11.066666666666666
3014,161590,C,0.5293219,123.32757437324749,65.27998709351981,1,0.6131805157593123,4.333333333333334,6.729166666666667
3015,11216,D,0.6143474,106.25560027499932,65.2778515817421,1,0.6107142857142858,12.333333333333334,7.744186046511628
3016,22340,C,0.5333352,122.3913722440445,65.27562808245665,1,0.5421052631578948,3.0,7.315789473684211
3017,144906,D,0.7274041,89.73515617041302,65.27372209042223,0,0.6070640176600441,5.999999999999999,10.909090909090908
3018,16550,C,0.7806738,83.60764111752061,65.27029505901832,1,0.4320987654320987,0.0,10.5
3019,122878,B,0.7213275,90.4829336541738,65.26782684639902,1,0.7552447552447552,12.333333333333334,13.529411764705882
3020,182048,D,0.73171514,89.18968081472356,65.26144002711195,0,0.6679586563307494,7.666666666666666,12.22222222222222
3021,124765,D,0.789361,82.67127663719829,65.25748160266133,0,0.5666666666666667,9.0,11.736842105263158
3022,9509,D,0.766869,85.09236478400086,65.25469741632497,0,0.7839506172839507,9.666666666666666,12.185185185185183
3023,188473,D,0.70703036,92.2927001593428,65.25374064343123,0,0.6865671641791045,6.000000000000001,12.20689655172414
3024,75756,C,0.6781119,96.22745765912744,65.25298518658226,0,0.5431034482758621,3.333333333333333,10.0625
3025,16695,D,0.73277336,89.04864226896836,65.252473118576,0,0.5924170616113744,8.333333333333334,10.083333333333334
3026,165681,D,0.6824081,95.62015317316649,65.25196651372259,0,0.5766738660907127,6.333333333333333,8.606060606060606
3027,117257,C,0.55074936,118.47756073550038,65.25144092893682,0,0.6605504587155964,-0.6666666666666661,6.758620689655173
3028,146745,C,0.65759355,99.22641281722636,65.25064888935033,1,0.4352331606217616,7.666666666666666,7.1875
3029,100429,D,0.85967153,75.8992326972508,65.24840973454803,1,0.5757575757575758,5.666666666666667,12.1
3030,184380,C,0.82346004,79.23481639787094,65.24670527662069,0,0.5925925925925926,-0.6666666666666661,13.0
3031,16703,B,0.79767513,81.79476293597149,65.24564838332566,0,0.688034188034188,15.333333333333332,10.576923076923077
3032,27213,D,0.5894305,110.6921248288862,65.24531570131958,0,0.6225490196078431,5.000000000000001,7.84
3033,19982,B,0.7051302,92.5275728929981,65.24398778009774,0,0.5282051282051282,12.000000000000002,9.208333333333334
3034,15220,C,0.77401334,84.29172177823943,65.24291714781059,1,0.60625,4.333333333333333,12.133333333333333
3035,14819,B,0.66669583,97.8594774999919,65.2425058889782,1,0.712,17.333333333333332,8.774193548387096
3036,54135,C,0.6883382,94.78147914067594,65.24171465198415,0,0.5310344827586206,2.0,9.333333333333334
3037,9530,B,0.69180334,94.3061764438306,65.24132748277896,0,0.6767676767676768,21.666666666666668,11.033333333333331
3038,204326,D,0.7155349,91.17691423356322,65.24026652985982,0,0.5865921787709497,10.666666666666668,9.8
3039,108694,D,0.6369292,102.42847317574112,65.23968691111678,0,0.7521968365553603,8.333333333333334,8.96875
3040,143973,D,0.6284926,103.80044513172142,65.23781099482402,0,0.6921397379912664,9.333333333333332,8.575
3041,11309,C,0.7522449,86.72386894277875,65.23758723035515,0,0.6628787878787878,5.0,11.88
3042,152001,B,0.7420705,87.90897986384887,65.23466029765578,0,0.6136363636363636,15.666666666666666,9.91304347826087
3043,171785,D,0.63582796,102.5975142199626,65.23436802225447,0,0.5787878787878787,5.999999999999999,6.478260869565218
3044,158516,D,0.58560884,111.38952401537227,65.23068994553654,1,0.6450116009280742,11.0,7.822222222222222
3045,186733,C,0.67605656,96.4857799743842,65.22984487027625,1,0.4257425742574257,8.0,7.35
3046,165846,C,0.8144771,80.07802212876813,65.2217141214638,0,0.4363636363636363,4.0,11.714285714285714
3047,110885,C,0.6634243,98.30170529668736,65.21574130990611,0,0.4903846153846153,8.666666666666668,6.866666666666666
3048,59341,D,0.7217519,90.3524513546792,65.21205599453415,0,0.6095505617977528,12.666666666666664,10.5
3049,138644,D,0.7837252,83.20710749527883,65.2115071365282,1,0.5610859728506787,12.0,11.9375
3050,151947,C,0.81308675,80.20147249033374,65.21075446185526,1,0.4098360655737705,4.333333333333334,10.7
3051,58019,C,0.5886659,110.77155750195968,65.20743888091543,1,0.6559139784946236,0.0,8.545454545454545
3052,46069,D,0.69179064,94.25709541201049,65.20617639299755,0,0.621414913957935,5.666666666666667,9.87878787878788
3053,80157,C,0.65775406,99.13416491942183,65.20589981796309,0,0.75,2.0,9.066666666666666
3054,68608,C,0.91511256,71.2542109892262,65.2056230747843,0,0.3636363636363636,1.666666666666667,11.4
3055,182062,C,0.76208186,85.55993347385348,65.20367337122576,0,0.5239852398523985,8.666666666666668,9.76923076923077
3056,181052,C,0.9208892,70.80448764194072,65.20308789461944,1,0.3098591549295774,3.0,12.4
3057,68765,D,0.6531558,99.82612932668611,65.20201572867721,0,0.6037735849056604,11.0,8.826086956521738
3058,52621,D,0.7103714,91.78358470939396,65.20043128014395,0,0.5887573964497042,8.333333333333332,9.454545454545457
3059,653,C,0.7662837,85.08080528864649,65.19603350383073,1,0.6015625,5.0,12.333333333333334
3060,6748,D,0.518122,125.83077185390778,65.19569336187912,0,0.6029411764705882,7.666666666666667,6.681818181818182
3061,77930,C,0.7144539,91.2510968058682,65.1946998038941,0,0.4439834024896265,13.666666666666664,8.272727272727273
3062,44927,C,0.63434094,102.77433636195067,65.19396933160134,0,0.5421052631578948,6.333333333333333,6.531914893617022
3063,16343,D,0.6088524,107.07090107759277,65.19037364307917,0,0.627906976744186,9.666666666666666,8.545454545454545
3064,142338,D,0.61646175,105.74894423684106,65.19017963152287,0,0.6436781609195402,6.666666666666667,8.722222222222221
3065,25634,D,0.8033888,81.14269187552848,65.18912777699106,1,0.5665236051502146,8.0,10.416666666666666
3066,116841,C,0.75921506,85.86372033457606,65.1890293191354,0,0.54,10.333333333333334,11.142857142857142
3067,114540,C,0.85075194,76.62191525769077,65.18624277889249,0,0.5294117647058824,8.0,10.466666666666669
3068,33095,C,0.7417932,87.87503369304697,65.18510378554764,0,0.5733333333333334,2.0,10.833333333333334
3069,55553,B,0.60100424,108.45737560847316,65.18334291416961,0,0.6828752642706131,17.0,8.097560975609756
3070,150729,C,0.8198742,79.48843006290738,65.17051515700305,0,0.6326530612244898,-0.3333333333333335,11.0
3071,122799,C,0.53115755,122.69474033222576,65.17023806487789,0,0.2672413793103448,3.6666666666666665,4.129032258064516
3072,169746,D,0.5410576,120.4494165248284,65.17007062072386,0,0.5935919055649241,6.0,6.897435897435898
3073,22812,C,0.8003961,81.42151170451146,65.1694591856046,0,0.4408602150537634,-0.3333333333333339,12.11111111111111
3074,77380,D,0.7405408,88.00172744395465,65.16886986086595,0,0.636094674556213,11.333333333333332,11.227272727272728
3075,184954,C,0.66149294,98.51590006479935,65.16757274139786,0,0.6350710900473934,2.000000000000001,8.966666666666667
3076,72592,C,0.67155826,97.03906251718438,65.16738406512077,0,0.6612426035502958,3.0,9.394736842105264
3077,55106,C,0.6992024,93.20120463151692,65.16650766937713,0,0.4833333333333333,5.333333333333334,9.307692307692308
3078,29767,D,0.7241257,89.9910672522926,65.16484306565086,0,0.5769230769230769,10.666666666666666,9.764705882352942
3079,25586,C,0.8990804,72.47739874728629,65.16300834491156,1,0.4545454545454545,1.333333333333332,13.4
3080,56507,B,0.7003912,93.03774628672286,65.16281628878198,0,0.6979166666666666,17.0,10.0
3081,18570,C,0.85199153,76.48256485927217,65.16249777653336,0,0.6666666666666666,1.6666666666666663,11.0
3082,47733,C,0.7989485,81.55492967429726,65.15819088250383,1,0.5314685314685315,10.666666666666666,9.789473684210526
3083,134313,C,0.7341158,88.75477469847226,65.15628060322899,0,0.3675675675675676,5.333333333333334,8.363636363636363
3084,94575,B,0.7662281,85.03285017007101,65.15455750538067,1,0.6377952755905512,18.0,12.095238095238097
3085,19600,C,0.74883157,87.00626805098813,65.15304031737993,0,0.5627705627705628,-3.6666666666666665,10.9
3086,756,C,0.73055303,89.18029794156165,65.1509369638115,0,0.4747474747474747,4.666666666666668,8.952380952380953
3087,132884,C,0.68353117,95.3071396128943,65.14540018414073,0,0.5215189873417722,9.0,8.73076923076923
3088,176510,C,0.8337027,78.13162114189632,65.13854220820329,0,0.5045871559633027,4.666666666666667,11.272727272727272
3089,19641,C,0.7845284,83.0210701087443,65.13238519593801,0,0.4259259259259259,7.0,7.423076923076923
3090,190145,D,0.75030446,86.80740701472835,65.13198468980437,1,0.7990430622009569,8.333333333333334,10.93103448275862
3091,73424,B,0.73084325,89.11784049213672,65.13117182027946,0,0.5675675675675675,19.666666666666668,10.933333333333334
3092,180627,C,0.84082234,77.46074624407856,65.13072584211831,0,0.4411764705882353,9.333333333333332,9.2
3093,168214,C,0.76317596,85.33995141635785,65.12939972022775,0,0.455026455026455,7.333333333333333,8.653846153846153
3094,6539,C,0.8125677,80.14919477773381,65.12664772913507,1,0.6506849315068494,1.333333333333332,12.727272727272728
3095,62478,C,0.6918118,94.13708069464784,65.12514324239686,0,0.5483870967741935,0.6666666666666679,9.714285714285714
3096,136320,C,0.69664794,93.47726947073524,65.12074740675463,0,0.4907407407407407,0.333333333333333,8.478260869565217
3097,142275,D,0.55914605,116.45920068598066,65.11770165824447,0,0.727810650887574,6.666666666666666,7.219512195121951
3098,44404,C,0.5225026,124.6260498443562,65.11743521431414,0,0.7731707317073171,3.0000000000000004,7.22
3099,114319,C,0.8872472,73.39041679560061,65.11544215957828,1,0.4838709677419355,10.666666666666666,10.625
3100,52604,C,0.6617036,98.40506351642982,65.11498346629384,1,0.4042553191489361,5.000000000000001,6.647058823529412
3101,173121,D,0.69825196,93.25226753619496,65.11357882980607,0,0.5582417582417583,6.333333333333333,8.657142857142857
3102,67219,C,0.68954676,94.4294069736394,65.11349199538039,0,0.5811965811965812,-1.0,10.5625
3103,7011,C,0.87093806,74.7624127598942,65.11343092947615,0,0.6571428571428571,4.666666666666667,11.428571428571429
3104,8697,C,0.70821613,91.93800648354274,65.11197921912515,0,0.4941176470588235,11.333333333333332,9.238095238095235
3105,64361,C,0.7574115,85.96243179691207,65.1089326873959,0,0.5416666666666666,-0.3333333333333339,12.166666666666666
3106,34016,D,0.82644594,78.78026994909314,65.1076340275343,0,0.6186046511627907,10.666666666666666,10.25925925925926
3107,195367,C,0.68286484,95.3445543948681,65.1074443392854,1,0.5792682926829268,-3.666666666666667,9.818181818181818
3108,86706,D,0.6899619,94.35636766818185,65.10229968038274,1,0.569620253164557,7.0,9.11111111111111
3109,193301,C,0.6924284,94.01801139527215,65.10074214679695,0,0.5447470817120622,1.666666666666666,9.038461538461538
3110,123797,C,0.71635294,90.87459634568414,65.0982842277134,0,0.6556291390728477,3.000000000000001,10.043478260869565
3111,88071,D,0.5493202,118.50239860451433,65.09576378421275,1,0.5757575757575758,5.333333333333333,7.27027027027027
3112,88019,C,0.57735634,112.7458018664339,65.09450334696085,0,0.65,-3.0,7.923076923076923
3113,78449,D,0.73150146,88.98561099216904,65.0931043664713,0,0.6491228070175439,8.666666666666666,10.818181818181818
3114,159251,C,0.5402234,120.49149021198888,65.09232488300798,0,0.6656716417910448,-3.0000000000000004,5.384615384615385
3115,127909,D,0.70115566,92.83285192217798,65.09027979465874,0,0.671957671957672,8.333333333333332,10.416666666666666
3116,85631,D,0.73008347,89.15073288440055,65.08747602289874,0,0.6571428571428571,9.666666666666664,12.137931034482758
3117,69735,C,0.7759272,83.87790112509084,65.08314378860699,1,0.3020833333333333,1.333333333333333,8.875
3118,179811,C,0.6194533,105.05971215998616,65.07958654669002,0,0.689922480620155,1.333333333333334,7.5
3119,52808,D,0.59714234,108.98383685811469,65.07886322770239,0,0.7222222222222222,5.666666666666668,6.584905660377358
3120,30787,D,0.5836623,111.4964214986354,65.07625463597415,0,0.764179104477612,10.666666666666668,7.933333333333334
3121,31302,C,0.88066775,73.88892470450152,65.0715927788311,0,0.4576271186440678,-2.333333333333334,11.857142857142858
3122,136352,C,0.8294188,78.4520134444186,65.06957315561944,0,0.4017094017094017,2.333333333333333,10.357142857142858
3123,23036,C,0.6288848,103.45810772994469,65.06323059438179,0,0.6746666666666666,1.666666666666666,8.324324324324325
3124,155648,C,0.72496796,89.74575670125995,65.06279784411487,0,0.3928571428571428,0.0,8.25
3125,106171,C,0.76752603,84.7638137232531,65.05843348047995,0,0.6,1.333333333333334,11.857142857142858
3126,187933,C,0.6575321,98.93889724104744,65.05550046984284,1,0.5514511873350924,4.0,8.545454545454545
3127,115581,C,0.80486745,80.82598293286824,65.05420248777244,1,0.4081632653061224,7.666666666666666,9.4
3128,161441,D,0.68353117,95.17281918364976,65.05358798463938,0,0.5882352941176471,9.0,9.083333333333334
3129,85102,D,0.76048625,85.54046795471515,65.05234928371154,0,0.7258064516129032,9.666666666666666,13.545454545454543
3130,189623,C,0.83475846,77.92933212742986,65.05216931617746,1,0.65625,-0.6666666666666679,12.857142857142858
3131,42063,D,0.7964047,81.6786460030536,65.04925914717225,0,0.6141479099678456,10.0,8.923076923076923
3132,91735,C,0.8028073,81.02245247588168,65.04541400082594,1,0.467680608365019,11.666666666666666,10.4
3133,68759,B,0.76337737,85.2068123292867,65.04495216995794,0,0.4676258992805755,18.666666666666668,10.266666666666667
3134,25223,C,0.4828467,134.705292910202,65.04200711139129,0,0.7192307692307692,3.0,6.222222222222222
3135,165440,C,0.8237723,78.95110001670876,65.03773013338598,1,0.3758389261744966,9.333333333333332,8.75
3136,47404,C,0.9089328,71.55203601408162,65.03599280212926,1,0.4,1.666666666666666,12.4
3137,83023,D,0.75288236,86.38243905608944,65.03581470108097,1,0.582010582010582,10.333333333333336,11.125
3138,129579,C,0.54461014,119.41382674115611,65.0339812227885,0,0.6773333333333333,3.0,7.266666666666667
3139,158094,C,0.7575898,85.83214784187776,65.02556118028946,0,0.3714285714285714,3.0000000000000004,8.428571428571429
3140,168011,C,0.70547915,92.16895485198668,65.02327546913611,0,0.6309523809523809,1.333333333333334,10.696969696969695
3141,67755,C,0.75908893,85.65513285401131,65.01986344419973,0,0.652542372881356,4.0,12.576923076923077
3142,141187,B,0.709803,91.59917712787468,65.01736936643624,0,0.44,19.666666666666668,8.222222222222221
3143,160336,C,0.9211685,70.57942010175152,65.01553897974452,1,0.1904761904761904,1.666666666666666,10.4
3144,195840,C,0.7096221,91.6188390594618,65.01475160730828,0,0.4108108108108108,3.0,8.28
3145,159750,C,0.49545318,131.21765109177,65.01220235892517,0,0.7670682730923695,2.666666666666666,6.2105263157894735
3146,43868,C,0.6026244,107.8809788890636,65.01171193843085,0,0.6561679790026247,1.0,7.340425531914893
3147,70016,B,0.7155851,90.84224501209304,65.00535812324604,0,0.6113207547169811,23.666666666666664,10.1
3148,200919,D,0.75478905,86.12002124630634,65.0024494008708,0,0.697391304347826,12.666666666666668,12.708333333333334
3149,68926,B,0.75164163,86.47936026995772,65.00148741207894,1,0.8012048192771084,16.333333333333332,10.695652173913045
3150,98143,D,0.7043218,92.28262925104244,64.99666769624167,0,0.7235494880546075,10.333333333333334,11.19047619047619
3151,81036,B,0.64799976,100.29825640764368,64.99324643048907,0,0.6111111111111112,17.666666666666664,7.739130434782608
3152,30108,D,0.69818354,93.08826159655688,64.99269169087114,0,0.7115384615384616,9.333333333333332,10.153846153846152
3153,67466,D,0.7538689,86.21054737412314,64.99144861101684,0,0.6488095238095238,7.0,12.076923076923077
3154,7489,C,0.9565259,67.94158789757883,64.98788999375446,1,0.38,-2.333333333333333,11.8
3155,161681,C,0.696115,93.35132413892812,64.9832585840852,0,0.7568306010928961,-1.0000000000000009,10.566666666666666
3156,30023,C,0.5689835,114.20633118710477,64.98151749685546,0,0.5795454545454546,3.0,7.147058823529412
3157,139164,C,0.82896215,78.38609692686082,64.9791072219296,1,0.398876404494382,10.666666666666668,8.2
3158,90731,C,0.74286693,87.46814498864595,64.97719263316075,0,0.5304659498207885,15.333333333333334,9.161290322580646
3159,91165,C,0.75530237,86.0262934854082,64.97586331696708,0,0.7024539877300614,1.0,10.857142857142858
3160,162100,D,0.7120585,91.24413576870148,64.97116103992754,1,0.7944444444444444,13.333333333333336,10.620689655172416
3161,156293,C,0.68240774,95.2020582016364,64.96662107401082,0,0.6431535269709544,4.333333333333332,9.928571428571429
3162,75196,D,0.6724597,96.61016461627536,64.96644439823318,1,0.5789473684210527,11.333333333333332,7.407407407407407
3163,24612,D,0.85450697,76.02632535581475,64.96502487836173,1,0.5542168674698795,8.333333333333334,9.77777777777778
3164,61236,C,0.66334057,97.9352156567634,64.96440163408788,0,0.7248803827751196,4.666666666666667,9.558823529411764
3165,193994,D,0.45838988,141.71708126425276,64.96167562992713,0,0.8105263157894737,6.666666666666667,4.409090909090909
3166,39996,D,0.4939311,131.51796424750313,64.9608146803738,0,0.6546961325966851,9.0,5.891891891891892
3167,1886,C,0.5898084,110.13185667092884,64.95669466171735,1,0.7183098591549296,4.0,7.884615384615385
3168,11828,C,0.7843991,82.80927616079842,64.95552104605558,1,0.4334600760456273,6.666666666666666,9.416666666666666
3169,6618,C,0.7242171,89.68539874062338,64.9517008979283,0,0.7821782178217822,1.666666666666667,11.62962962962963
3170,124012,C,0.662645,98.01411004845,64.9485582219252,0,0.5528455284552846,4.666666666666666,8.548387096774194
3171,191613,D,0.79429346,81.76846913197257,64.94816052986071,0,0.6893382352941176,10.0,13.526315789473683
3172,186368,C,0.70348966,92.3178576406727,64.94465839589168,0,0.4,-2.0,9.071428571428571
3173,18783,C,0.5401752,120.2278005503752,64.94407614878715,0,0.6625441696113075,4.666666666666668,7.229166666666667
3174,23139,D,0.759784,85.4766940972211,64.94382311456938,0,0.5640243902439024,13.0,11.625
3175,197146,C,0.7267781,89.35498348572035,64.94124422974701,0,0.4801980198019802,10.0,9.307692307692308
3176,15843,B,0.57988954,111.98749662859233,64.94037744699739,0,0.4839255499153976,16.666666666666668,5.116666666666666
3177,147149,C,0.56435114,115.06887236081958,64.93924946251386,0,0.5533333333333333,3.666666666666666,7.52
3178,107659,D,0.5502688,118.01024955089323,64.93736181489264,0,0.7214532871972318,8.333333333333332,7.222222222222222
3179,39943,D,0.6048837,107.3543304314492,64.93688146839025,0,0.8067940552016986,7.333333333333334,8.206896551724139
3180,17448,D,0.67264426,96.53702492284135,64.93507545487329,0,0.7116279069767442,9.333333333333332,10.6875
3181,132792,C,0.68841803,94.32300769911228,64.93365921358642,0,0.6245136186770428,5.0,9.52777777777778
3182,64740,C,0.91452783,70.99564910540178,64.92749716157454,1,0.3157894736842105,3.0,12.2
3183,102190,D,0.71040064,91.39414834865543,64.92646156729016,0,0.7786259541984732,12.0,9.964285714285714
3184,74438,C,0.7846711,82.73975387120683,64.92349598369765,0,0.5128205128205128,4.333333333333334,10.7
3185,25588,C,0.76469743,84.89826496208211,64.92148524173753,0,0.503968253968254,2.0,11.9
3186,156056,D,0.65221864,99.5386302107842,64.92095000867114,1,0.5798319327731093,9.333333333333332,7.818181818181818
3187,144046,C,0.73756516,88.02002863274095,64.92050648390293,0,0.2857142857142857,7.333333333333334,7.052631578947368
3188,50352,C,0.52353466,124.00203635968684,64.91936339566927,0,0.6283422459893048,2.0,6.173076923076923
3189,171288,C,0.76706153,84.63015073388878,64.9165330367136,1,0.5483870967741935,10.0,10.296296296296296
3190,186123,D,0.7567067,85.78809974026174,64.9164311088151,0,0.668141592920354,10.333333333333334,12.538461538461538
3191,110647,C,0.7393781,87.79696803918615,64.9151549468935,0,0.5099337748344371,6.333333333333333,8.6
3192,50389,B,0.7597891,85.4381256319849,64.91495736821018,1,0.698744769874477,17.333333333333332,12.782608695652174
3193,84519,B,0.74115247,87.58203093372771,64.91163814632081,1,0.6050955414012739,17.333333333333332,11.68421052631579
3194,76058,D,0.8376693,77.48848696623976,64.9097276388511,1,0.7178423236514523,7.333333333333334,10.68421052631579
3195,186472,D,0.77936876,83.28238293859035,64.9076873709192,0,0.5701107011070111,11.666666666666668,11.866666666666667
3196,94551,C,0.75303584,86.19225886653898,64.90586034773166,1,0.5379537953795379,12.666666666666668,9.08108108108108
3197,130403,C,0.58849144,110.29167593078168,64.90570716859331,1,0.6587982832618026,3.333333333333333,8.10344827586207
3198,174766,C,0.6179908,105.02679663240444,64.90559321082911,0,0.6954177897574124,3.0,8.282051282051283
3199,3093,C,0.97851264,66.32925115675688,64.90401097486327,1,0.24,0.0,10.25
3200,103692,C,0.55094886,117.80233736195515,64.9030632700591,0,0.4523809523809524,9.333333333333332,5.375
3201,197266,B,0.6925197,93.7195478103168,64.90263541759252,1,0.6098901098901099,18.666666666666668,8.9375
3202,61012,C,0.70438755,92.1372953864974,64.9003633541933,1,0.6907216494845361,4.0,11.517241379310343
3203,44710,C,0.82859224,78.32507844484196,64.89955226026152,1,0.5683060109289617,0.0,12.545454545454543
3204,117881,C,0.7606748,85.3110697167187,64.89397873163895,0,0.3134328358208955,3.0,8.285714285714286
3205,140482,B,0.72207594,89.86230569471769,64.88740878125576,0,0.6246246246246246,19.0,11.210526315789474
3206,138682,C,0.6534085,99.30228406536392,64.88495919605063,0,0.4436619718309859,4.0,7.0
3207,180491,C,0.49261895,131.71379180915602,64.88470958725343,0,0.66,0.0,5.903846153846154
3208,34072,C,0.6706745,96.74391048932932,64.8836740711551,1,0.6977225672877847,1.666666666666667,10.161290322580646
3209,67916,D,0.76362836,84.9670346805212,64.88323765382223,0,0.5516014234875445,9.333333333333332,9.81081081081081
3210,123258,C,0.71587014,90.63539285094286,64.88317154889238,0,0.6558139534883721,0.0,10.6
3211,89713,C,0.55674696,116.53553651572209,64.88080565053765,0,0.6530612244897959,2.666666666666666,7.444444444444445
3212,194810,C,0.726947,89.24547643206361,64.87673220935365,1,0.4025974025974026,-5.333333333333333,10.0
3213,138889,C,0.6348797,102.18729453049644,64.87663974247613,0,0.408284023668639,7.666666666666667,6.833333333333333
3214,24302,C,0.77234286,83.98239363698892,64.86320214991632,1,0.5643044619422573,3.333333333333333,9.89655172413793
3215,194172,C,0.8910745,72.79044053587593,64.86170384948079,1,0.4117647058823529,0.9999999999999992,12.8
3216,82762,D,0.529745,122.43707963525893,64.86042863559665,0,0.6195286195286195,9.666666666666666,7.1395348837209305
3217,123172,C,0.89624006,72.36075030672235,64.85260287533724,1,0.3902439024390244,-2.6666666666666665,10.363636363636363
3218,89849,D,0.6147817,105.48866557671968,64.8524988040089,0,0.6524064171122995,6.333333333333332,8.310344827586206
3219,21797,C,0.72194165,89.82962941346318,64.85175086989973,0,0.5436893203883495,5.333333333333333,8.125
3220,84795,D,0.65545475,98.94055656025854,64.85105824288931,0,0.7348066298342542,13.0,9.294117647058824
3221,84021,C,0.52660185,123.14391087383171,64.847811403874,0,0.6101694915254238,-1.333333333333333,6.96
3222,94412,C,0.7738741,83.79524501065615,64.8469701540076,1,0.4971428571428571,2.0,7.88
3223,85270,C,0.9523662,68.08939402678179,64.84603562937993,1,0.45,0.0,12.5
3224,33886,C,0.70412326,92.08536610145715,64.83944804787545,0,0.7506172839506173,4.000000000000001,11.23076923076923
3225,159214,C,0.70510733,91.95625972314548,64.83903288750432,0,0.7746478873239436,2.0,10.90625
3226,66599,C,0.76534426,84.718662766686,64.8389424432257,1,0.4517374517374517,6.666666666666667,11.272727272727272
3227,59820,C,0.51542515,125.79286650934012,64.83680653929717,0,0.5409429280397022,5.333333333333334,6.157894736842105
3228,47451,D,0.48706552,133.11708417215735,64.83674233740543,0,0.6737967914438503,16.0,6.444444444444445
3229,148264,C,0.76695955,84.53516161934829,64.83504934538821,1,0.4573643410852713,0.0,12.285714285714286
3230,163954,C,0.66403395,97.6377276503644,64.83476589968701,0,0.6060606060606061,0.6666666666666665,8.40625
3231,127380,C,0.75914586,85.40335194951832,64.83360071275565,0,0.5187165775401069,7.666666666666666,11.23076923076923
3232,79681,C,0.6236236,103.96204673786198,64.83318684212762,0,0.5454545454545454,6.0,8.071428571428571
3233,201545,C,0.6351776,102.06426240495595,64.82893449601902,0,0.5032467532467533,-0.333333333333333,9.0
3234,26589,B,0.77755487,83.37455727560324,64.82829301470774,1,0.5804597701149425,14.333333333333332,12.136363636363637
3235,186398,C,0.6922902,93.63828721184372,64.82486735319947,0,0.5,9.333333333333332,9.105263157894736
3236,114447,B,0.7420444,87.3580176466869,64.82352685054255,0,0.6159420289855072,14.666666666666664,12.130434782608695
3237,124156,D,0.79622835,81.4101516210829,64.82107063409553,0,0.5689655172413793,10.333333333333334,12.0
3238,23757,C,0.7294981,88.84821931358567,64.81460614343592,0,0.5693430656934306,-3.0,10.333333333333334
3239,192764,B,0.76311505,84.93342829203299,64.81397724257532,0,0.4236453201970443,17.666666666666664,9.333333333333334
3240,188520,C,0.83768135,77.37105529025462,64.81229028571141,1,0.5374149659863946,4.999999999999999,13.0
3241,199132,C,0.7593449,85.34927356294337,64.80953353434292,0,0.5164835164835165,6.666666666666667,10.393939393939394
3242,87948,D,0.42828643,151.32272279940847,64.80946921288376,0,0.5793650793650794,6.666666666666667,5.115384615384615
3243,77542,C,0.66236,97.84536889307184,64.80885976614283,0,0.7549019607843137,2.666666666666666,9.787878787878787
3244,105347,C,0.67857915,95.5029459798458,64.80630806120783,1,0.5214007782101168,4.333333333333332,9.095238095238097
3245,45741,B,0.69035906,93.8730564997271,64.80611466860525,0,0.55,18.0,8.682926829268293
3246,135378,B,0.75476664,85.86092302075895,64.80496063732369,1,0.6934673366834171,11.333333333333332,11.6
3247,96969,C,0.8421903,76.9473291663048,64.80429617847102,1,0.2702702702702703,9.333333333333332,8.625
3248,105081,D,0.71837103,90.20730131381902,64.80231228925564,0,0.6153846153846154,9.666666666666668,10.733333333333333
3249,38155,D,0.68961173,93.96807482770396,64.80148692482415,0,0.6987577639751553,12.666666666666664,11.785714285714286
3250,172635,C,0.95205736,68.05942714043745,64.79647863552174,1,0.3440860215053763,0.0,12.5
3251,107906,C,0.8419614,76.95798190341841,64.79564893936437,0,0.5428571428571428,10.0,9.8
3252,88196,C,0.7500527,86.3867982679334,64.79465046506091,1,0.4054054054054054,-2.666666666666667,9.75
3253,144024,C,0.9523662,68.03376751743222,64.79305882353846,1,0.4615384615384615,0.0,12.5
3254,202367,C,0.48157954,134.54004520383768,64.79173337145446,0,0.7083333333333334,-2.666666666666667,5.441176470588236
3255,10605,D,0.6637352,97.61457811334964,64.79023259054313,1,0.7094594594594594,12.0,9.653846153846152
3256,166306,C,0.7559543,85.70270641574258,64.78733159625159,0,0.3228346456692913,0.0,10.11111111111111
3257,183118,B,0.763944,84.80615189889268,64.78714837931265,0,0.5726495726495726,16.333333333333332,10.323529411764708
3258,15717,C,0.6685194,96.911233095007,64.78703724163117,0,0.4285714285714285,5.666666666666666,9.0
3259,114502,C,0.5235211,123.75115231057472,64.7863425168605,0,0.7105263157894737,0.9999999999999996,6.125
3260,135906,C,0.64131135,101.01902837892663,64.78464921127335,0,0.4431137724550898,12.666666666666668,6.7
3261,177690,C,0.5387143,120.2501565921594,64.78047769067689,0,0.54,10.0,6.409090909090909
3262,117428,C,0.76927,84.20793106748125,64.778635371596,1,0.4782608695652174,9.0,9.956521739130435
3263,206057,C,0.6989229,92.68254861984164,64.77795311601703,0,0.4065934065934066,13.333333333333334,7.9375
3264,179753,C,0.74762636,86.64480634339463,64.77794154602071,0,0.4181818181818181,9.0,8.652173913043478
3265,86849,C,0.69952255,92.60240705117884,64.77747236796164,0,0.5180722891566265,5.666666666666667,9.857142857142858
3266,111200,C,0.6420213,100.89282296957094,64.7753412030237,0,0.4142857142857143,3.0,6.888888888888889
3267,152369,D,0.7821976,82.81035142847084,64.77405769886153,0,0.5625,13.333333333333332,8.9375
3268,61223,D,0.8064104,80.32385005567674,64.77398582453242,1,0.6179775280898876,6.0,8.76923076923077
3269,24618,C,0.7346577,88.15942131986313,64.76699812600657,0,0.6457023060796646,4.000000000000001,11.884615384615383
3270,106688,D,0.70610404,91.71864578639072,64.76290634647883,0,0.7674418604651163,6.666666666666667,10.235294117647058
3271,112861,D,0.5847161,110.75194533536347,64.75844350820451,0,0.7708333333333334,6.0,7.647058823529412
3272,84859,C,0.6927941,93.47409299594334,64.758298686168,0,0.5435684647302904,10.0,9.026315789473683
3273,17665,C,0.7613775,85.05334361395323,64.75770326788412,1,0.3174603174603174,2.0,9.0
3274,107297,C,0.7310727,88.57410267411105,64.75411050590563,0,0.5297297297297298,11.666666666666668,9.933333333333334
3275,184883,C,0.7238045,89.46057974087272,64.75196785206958,0,0.6341463414634146,4.333333333333334,11.071428571428571
3276,40045,C,0.65538037,98.7959487072734,64.74892524367446,0,0.6554621848739496,0.666666666666667,9.36842105263158
3277,41460,C,0.65487325,98.87231073359504,64.74883165445758,0,0.7777777777777778,3.0000000000000004,8.71875
3278,33881,D,0.77839524,83.17938208973867,64.74643471368758,0,0.6865671641791045,12.0,10.851851851851851
3279,174648,C,0.66499925,97.35693957374444,64.74229146755793,0,0.4888888888888889,0.666666666666667,9.8
3280,114048,D,0.7505495,86.2561481176508,64.73950842934026,1,0.5507246376811594,12.333333333333332,9.083333333333334
3281,138209,C,0.8635775,74.96594334431393,64.73890082027226,1,0.4472049689440994,-1.333333333333334,12.6
3282,90215,D,0.67342466,96.13222277966432,64.7378095519065,0,0.7111111111111111,5.000000000000001,10.2
3283,86438,C,0.77868885,83.13411139968404,64.73560543687377,0,0.4821428571428571,2.0,7.631578947368421
3284,194288,C,0.6910562,93.6732034346938,64.73344725064256,0,0.7235294117647059,2.666666666666667,11.387096774193548
3285,113938,C,0.8572512,75.51013271087295,64.73115390992929,1,0.7622950819672131,3.666666666666666,12.1
3286,78195,D,0.576129,112.35259779363798,64.72959197820757,1,0.6089193825042881,6.666666666666667,7.545454545454546
3287,128364,D,0.7715618,83.89401183403083,64.7294149001535,0,0.6144578313253012,5.000000000000001,12.55
3288,62197,C,0.75695693,85.51243265806889,64.72922892316528,0,0.5314285714285715,6.0,11.5
3289,183439,C,0.729872,88.68520206044586,64.72884476033526,0,0.5353982300884956,13.0,9.428571428571429
3290,146548,B,0.76140773,85.00488342052817,64.72337557605624,0,0.5615763546798029,18.666666666666664,10.357142857142858
3291,184963,B,0.62999815,102.7347387825146,64.72269511561083,0,0.7170542635658915,14.333333333333332,7.361111111111111
3292,95940,C,0.7549422,85.72978283444986,64.72102903476325,1,0.5205479452054794,0.333333333333333,10.578947368421051
3293,66187,C,0.9523662,67.95806430390724,64.72096164376961,1,0.4647887323943662,0.0,12.5
3294,134237,D,0.72236437,89.59487841992421,64.72014755154169,1,0.6640625,10.666666666666668,10.36
3295,118622,D,0.63679934,101.63197874566274,64.71917652872871,0,0.658008658008658,10.0,8.5
3296,186991,C,0.69618356,92.96134860766476,64.71816282792054,1,0.6422764227642277,4.333333333333333,10.642857142857142
3297,37380,C,0.6542009,98.9265466004553,64.71783695973272,0,0.6534446764091858,2.0,7.953488372093023
3298,205170,C,0.79906255,80.9868597789515,64.71356669696056,0,0.3502304147465437,4.666666666666666,8.5
3299,188026,C,0.6015295,107.57964487299952,64.71232773434295,0,0.6388888888888888,2.333333333333334,8.2
3300,99831,C,0.84331435,76.7342188269773,64.71106784607571,1,0.6451612903225806,4.0,12.125
3301,13498,C,0.7417929,87.23595254825999,64.71101172999478,0,0.3673469387755102,-3.6666666666666665,8.166666666666666
3302,105579,C,0.5282872,122.49168687769468,64.71078689301855,0,0.7010752688172043,0.333333333333333,6.456521739130435
3303,113281,C,0.66105366,97.8901531077704,64.71064374823348,1,0.7521367521367521,4.000000000000001,9.444444444444445
3304,16269,C,0.5200371,124.42818073668889,64.70727208774952,0,0.7180722891566265,5.0,7.2
3305,196606,C,0.7671875,84.34205046234425,64.70616482820854,0,0.5414634146341464,1.0,11.933333333333334
3306,62033,D,0.72287405,89.51165607137615,64.70565293226366,1,0.6021505376344086,9.666666666666668,9.95
3307,138223,B,0.73271173,88.30935091239186,64.70529749303807,1,0.5510204081632653,14.666666666666668,9.478260869565217
3308,164804,C,0.70950633,91.19343715493684,64.70232117800201,0,0.4758064516129032,-0.666666666666667,10.583333333333334
3309,97884,C,0.9500146,68.10340701751552,64.69923037823277,1,0.3093525179856115,-3.000000000000001,13.2
3310,55566,C,0.7633548,84.75571228217342,64.69867795795214,0,0.2886597938144329,1.0,8.125
3311,70612,D,0.71502036,90.48160237421676,64.69618777291926,0,0.588,9.0,10.625
3312,116181,D,0.8023981,80.62724478943244,64.6951468657737,1,0.6176470588235294,10.0,12.625
3313,183900,D,0.7210878,89.71710438786808,64.69391062559797,0,0.6153846153846154,14.0,11.23076923076923
3314,999,D,0.63511205,101.8607475853466,64.6929879277869,0,0.7042957042957043,5.000000000000001,8.837837837837839
3315,123221,D,0.6133387,105.47271675881645,64.69049991866143,0,0.6086956521739131,7.666666666666666,8.454545454545455
3316,83378,C,0.5962721,108.49033201861582,64.68975928921584,0,0.5818181818181818,1.666666666666667,7.882352941176471
3317,168012,C,0.6903905,93.69943894408122,64.68920505548186,0,0.5533707865168539,1.333333333333334,9.476190476190476
3318,19779,D,0.5852511,110.52683496828725,64.68595096115804,1,0.6994047619047619,6.666666666666667,8.09375
3319,47928,D,0.63821644,101.3514115202813,64.68413663484779,1,0.6141304347826086,11.333333333333332,8.1
3320,157895,C,0.5692084,113.63629900913804,64.68273407275282,0,0.3533834586466165,2.333333333333333,5.727272727272728
3321,168186,D,0.730927,88.49340399865925,64.68221746464005,1,0.5586592178770949,9.0,10.5
3322,198438,C,0.693333,93.28943086783252,64.68064374696849,1,0.6993865030674846,2.333333333333334,10.7
3323,188809,D,0.8394395,77.04744525115615,64.67666978847724,1,0.6231884057971014,6.0,11.88888888888889
3324,94054,C,0.9523662,67.90876904805107,64.67401450958964,1,0.5,0.0,12.5
3325,198062,C,0.8740476,73.99350860155326,64.67384693511772,0,0.4090909090909091,-2.0,11.88888888888889
3326,142883,C,0.7708149,83.90237874761456,64.67320331744142,1,0.609375,-3.666666666666666,12.22222222222222
3327,9732,D,0.69520885,93.022383378877,64.66998394264715,1,0.5818181818181818,6.333333333333333,10.181818181818182
3328,45374,C,0.72825664,88.80084499551435,64.66980525587492,0,0.5439330543933054,16.666666666666668,8.805555555555555
3329,71201,C,0.6790159,95.23769507248088,64.6679068395449,0,0.5652173913043478,2.0,9.5
3330,61818,C,0.95205736,67.92393224681238,64.6674797245864,1,0.3768115942028985,0.0,12.5
3331,176367,C,0.79676884,81.16114318688855,64.6666702450963,0,0.3465346534653465,11.333333333333334,7.666666666666667
3332,182199,C,0.7085381,91.25989984670912,64.66111741471802,0,0.7142857142857143,-1.666666666666667,11.333333333333334
3333,71121,D,0.751755,86.00781852693662,64.6568075445366,0,0.5666666666666667,10.333333333333332,11.642857142857142
3334,108032,B,0.77658665,83.25101942176188,64.65163043185457,0,0.6722408026755853,16.0,10.607142857142858
3335,11368,C,0.6895065,93.7625194857235,64.6498639373976,0,0.5531135531135531,-4.0,9.066666666666666
3336,127823,B,0.7918721,81.64178687057343,64.64985192217816,1,0.546448087431694,13.666666666666668,11.555555555555555
3337,198082,C,0.9559933,67.62526577306235,64.649300632427,1,0.3428571428571428,0.0,12.75
3338,88498,C,0.55875474,115.69648009407544,64.64595690211152,0,0.4904109589041096,3.333333333333333,6.421052631578948
3339,92730,C,0.7562079,85.48428140964997,64.64388750517118,1,0.5879828326180258,2.333333333333334,12.0
3340,40115,D,0.7488225,86.32726930105785,64.64380250039518,0,0.6649484536082474,9.0,11.636363636363637
3341,86011,C,0.60957146,106.04774553018127,64.64367874476656,0,0.5873015873015873,1.333333333333334,9.363636363636363
3342,189437,C,0.9523662,67.87300490558776,64.63995395009168,1,0.5,0.0,12.5
3343,23311,D,0.7041653,91.79465010143971,64.63860547881437,0,0.6925675675675675,13.0,11.1
3344,192358,D,0.699247,92.43655434351577,64.63598355552548,0,0.59375,7.666666666666666,10.5
3345,19025,C,0.929889,69.50847577626888,64.63516865094341,1,0.3220338983050847,-0.6666666666666679,11.5
3346,194221,D,0.7827772,82.57073945937097,64.63449142743916,1,0.7104477611940299,15.999999999999998,11.2
3347,1141,C,0.733385,88.12909901628049,64.63256161350363,0,0.4459459459459459,10.333333333333334,7.6
3348,190842,C,0.8854443,72.99121167703404,64.62965112410349,1,0.2558139534883721,1.0,11.2
3349,30930,D,0.67913914,95.16404277163603,64.62962590687027,0,0.737012987012987,7.999999999999998,10.655172413793103
3350,139691,B,0.70759004,91.3351831723239,64.62786623807415,0,0.6847389558232931,15.333333333333332,12.0
3351,156431,C,0.7849227,82.33493510474814,64.6265611312532,0,0.4915254237288136,5.999999999999999,11.266666666666667
3352,119587,D,0.56226814,114.93608973330308,64.62490115550932,1,0.885,14.0,6.979591836734694
3353,81839,C,0.64551824,100.11256783830136,64.6244889245174,0,0.7436974789915967,-0.333333333333333,9.19047619047619
3354,175971,C,0.67053854,96.37508567226078,64.62320968766386,0,0.631578947368421,-1.9999999999999991,10.125
3355,48525,C,0.9158971,70.55582240335775,64.62187110674041,1,0.4247787610619469,1.333333333333332,13.6
3356,7456,C,0.9202052,70.22438968725214,64.62084686298597,1,0.6341463414634146,0.666666666666667,12.0
3357,139808,C,0.6618342,97.6388982236092,64.62076017659469,0,0.5559440559440559,-1.0,10.6
3358,111363,C,0.5163765,125.142491713866,64.62064129199017,0,0.5704809286898839,3.333333333333333,6.703703703703703
3359,176187,C,0.77688056,83.17738137079006,64.61889081043428,0,0.4825174825174825,-0.666666666666667,12.25
3360,127370,C,0.95205736,67.8697524619004,64.6158974615109,1,0.3037974683544304,0.0,12.5
3361,119160,C,0.95205736,67.8697524619004,64.6158974615109,1,0.3020833333333333,0.0,12.5
3362,64006,C,0.7710344,83.80148792824201,64.61383160105468,0,0.4615384615384615,7.666666666666666,10.76923076923077
3363,135638,D,0.76682496,84.25756947501849,64.61080740208472,0,0.6939890710382514,8.333333333333332,13.15
3364,74586,D,0.66244936,97.53275185409623,64.61050903442677,0,0.6903225806451613,10.0,9.375
3365,29660,C,0.6716859,96.18571716060194,64.6065875417858,0,0.6539923954372624,3.999999999999999,9.478260869565217
3366,144125,D,0.6979647,92.56418691721794,64.60653753297716,0,0.6216216216216216,10.666666666666668,9.82857142857143
3367,58079,D,0.521297,123.93393949934492,64.60638813224999,0,0.6206896551724138,15.000000000000002,6.909090909090909
3368,12492,C,0.8412857,76.79378163056379,64.60551076218138,0,0.3027522935779816,-2.0,9.8
3369,42060,C,0.767195,84.20909521367484,64.60479565244398,1,0.4493927125506073,6.666666666666667,8.40625
3370,55105,D,0.7048515,91.65588047721322,64.603785584315,0,0.7407407407407407,5.333333333333334,12.115384615384617
3371,131853,C,0.70236045,91.98070984606106,64.60361287115019,0,0.6468253968253969,2.333333333333333,9.772727272727272
3372,153193,B,0.70168245,92.06863784402192,64.60294722206274,1,0.7230483271375465,20.0,13.478260869565217
3373,95421,D,0.7690467,84.00278866963589,64.60206942002752,0,0.7346938775510204,6.000000000000001,10.5
3374,189956,C,0.77303463,83.56510798549085,64.59872251681551,0,0.4680851063829787,0.3333333333333321,11.0
3375,93450,D,0.6778066,95.30352006012431,64.59735640858867,0,0.7046004842615012,9.000000000000002,10.909090909090908
3376,136922,D,0.80695724,80.04649691307785,64.59410061071615,1,0.7166666666666667,10.0,11.416666666666666
3377,167302,C,0.93403465,69.15025278605964,64.58873185123207,0,0.4476190476190476,0.0,12.75
3378,47419,C,0.9573621,67.46298355256803,64.58650464394506,1,0.3636363636363636,0.0,12.75
3379,113851,D,0.79462636,81.2758195200574,64.58390822877577,0,0.6585365853658537,12.666666666666668,10.0
3380,40231,C,0.6280348,102.83396807371724,64.58330753762331,0,0.6697038724373576,-1.0000000000000004,8.195121951219512
3381,87749,B,0.6978008,92.55186817586292,64.58276905264822,1,0.7777777777777778,22.666666666666668,10.264705882352942
3382,135570,C,0.5463963,118.1967112664566,64.58224749267154,0,0.5899705014749262,-0.666666666666667,6.53125
3383,140723,D,0.7030596,91.8569367227739,64.58090244840878,0,0.6794871794871795,10.333333333333332,10.055555555555555
3384,38561,D,0.6932942,93.14892883683768,64.57961462529497,1,0.726775956284153,9.333333333333334,10.185185185185183
3385,92515,D,0.70603734,91.46620529444718,64.57855651907516,1,0.5810276679841897,9.0,9.6
3386,78169,C,0.6866872,94.03539734228411,64.57290101801486,1,0.4434782608695652,7.999999999999999,8.476190476190476
3387,86047,C,0.7259551,88.94866534243486,64.57273979366883,0,0.5297297297297298,11.0,9.736842105263158
3388,62525,C,0.6234521,103.57256005674498,64.57253286412362,0,0.6292466765140325,2.333333333333334,8.090909090909092
3389,75315,C,0.77238715,83.59999541231998,64.57156194153553,0,0.5278810408921933,3.999999999999999,10.68
3390,144372,D,0.68974835,93.61468747960136,64.57057592577536,0,0.5609756097560976,5.666666666666666,9.75
3391,27562,D,0.71758026,89.98371398857415,64.57053677587093,0,0.6666666666666666,13.666666666666664,11.74074074074074
3392,54040,C,0.7401548,87.23859806083087,64.57006734419511,0,0.5691056910569106,2.333333333333334,11.666666666666666
3393,75710,B,0.7700973,83.84417141610069,64.56817131205064,0,0.4766355140186916,17.333333333333332,10.529411764705882
3394,164357,C,0.75941586,85.02346388360607,64.5681673657426,0,0.4679802955665024,2.666666666666668,11.0
3395,14510,D,0.6114033,105.60367357019462,64.56643308275574,0,0.5501519756838906,12.0,6.909090909090909
3396,93831,C,0.7661347,84.27179451632209,64.56354426727052,1,0.3563218390804598,4.000000000000001,8.818181818181818
3397,70356,D,0.6360298,101.5032350335924,64.55908023867445,0,0.7272727272727273,8.666666666666668,8.725
3398,86288,C,0.54281104,118.93389276873108,64.55862956238155,0,0.5217391304347826,18.33333333333333,5.95
3399,53026,C,0.6260041,103.12509789098009,64.55673407676188,1,0.4964539007092198,1.0,8.545454545454545
3400,122994,D,0.68540627,94.18686431418072,64.55626713057791,0,0.8097165991902834,5.999999999999999,9.352941176470589
3401,85741,C,0.79175496,81.5300879483839,64.55185160502388,0,0.4897959183673469,4.333333333333334,10.791666666666666
3402,17775,D,0.7042544,91.659640032713,64.55170376970995,1,0.7066246056782335,7.999999999999999,11.76923076923077
3403,103247,C,0.62760985,102.85047435760222,64.5499706786986,0,0.734375,-3.0,9.25
3404,120273,D,0.7237592,89.1868251097758,64.54978290407483,1,0.5552699228791774,7.000000000000001,9.727272727272728
3405,12890,C,0.70746845,91.23538787124444,64.54615844875234,0,0.6838842975206612,-2.333333333333334,11.11111111111111
3406,149575,C,0.61045504,105.72447453665283,64.54003792662148,1,0.6930232558139535,-0.3333333333333339,8.571428571428571
3407,140083,C,0.67350024,95.82192613047408,64.53609023167613,0,0.5354609929078015,11.333333333333336,8.88
3408,198341,D,0.70990497,90.90696483603904,64.5353060300453,0,0.583941605839416,13.666666666666668,9.689655172413794
3409,164849,C,0.6336223,101.84578432335144,64.53175895780761,1,0.535483870967742,-1.0,8.043478260869565
3410,129411,C,0.5211293,123.83004636028332,64.53146663323324,1,0.5,8.666666666666666,6.63265306122449
3411,145676,C,0.8536807,75.59184872009955,64.53130008167166,0,0.47,3.333333333333333,12.5
3412,135290,C,0.79423684,81.2491897573182,64.53109962934344,0,0.421875,-2.333333333333334,12.181818181818182
3413,98408,C,0.6984229,92.395298143416,64.53099288719332,0,0.6681818181818182,1.0,9.96
3414,23980,C,0.7232431,89.22420069227111,64.53078905017506,1,0.375,10.0,8.076923076923077
3415,144061,C,0.6901263,93.50539885003136,64.53053492512736,1,0.4,-1.666666666666666,8.75
3416,128785,C,0.7078003,91.1690666819171,64.52949536760833,0,0.4945652173913043,6.333333333333332,9.071428571428571
3417,100763,C,0.95205736,67.7756384771564,64.5262955495056,1,0.3780487804878049,0.0,12.5
3418,204461,D,0.5747449,112.26148621293108,64.52171444446131,1,0.5761316872427984,14.0,6.0638297872340425
3419,161496,C,0.46310735,139.32293835046335,64.52147642377344,0,0.7241962774957699,-0.3333333333333335,6.25531914893617
3420,200697,D,0.6673921,96.66411102793673,64.51286164293873,1,0.7132486388384754,9.666666666666666,9.806451612903226
3421,192292,D,0.79813653,80.82162624301694,64.50669250498738,0,0.6206896551724138,8.333333333333332,13.291666666666666
3422,22528,D,0.55023265,117.23108723244096,64.5043716554113,0,0.8252427184466019,5.666666666666667,6.702702702702703
3423,54508,B,0.7182287,89.81002407067055,64.50413663558027,0,0.6016597510373444,15.0,10.75
3424,175922,C,0.7268392,88.74167892704725,64.50092956566164,0,0.7037037037037037,1.666666666666666,11.333333333333334
3425,77164,C,0.6730834,95.8259187705869,64.49883756849852,0,0.7181818181818181,1.0,10.25
3426,38105,C,0.42704192,151.03028293851895,64.4962617080866,0,0.5321637426900585,12.0,5.384615384615385
3427,128284,D,0.8138424,79.24719874889936,64.49473167595025,0,0.7073170731707317,9.0,8.875
3428,7450,B,0.7783461,82.85930880831152,64.49322162547521,0,0.5319148936170213,12.999999999999998,11.928571428571429
3429,139706,C,0.7787473,82.81649422832018,64.49312294660685,1,0.5148514851485149,2.0,10.44
3430,170150,C,0.7456496,86.48750831879143,64.48937392338803,1,0.494949494949495,5.000000000000001,10.5
3431,80625,C,0.8413849,76.64184951891023,64.48529395022933,1,0.5930232558139535,3.666666666666666,10.333333333333334
3432,116254,C,0.7823158,82.4281574273804,64.48484914988991,1,0.5352112676056338,3.333333333333334,9.807692307692308
3433,81193,C,0.58262247,110.67927431227125,64.48423200845275,0,0.51985559566787,2.333333333333333,7.130434782608695
3434,58419,B,0.6438761,100.14958698213488,64.48392305350238,0,0.7666666666666667,17.333333333333332,7.869565217391305
3435,133159,B,0.69028383,93.41573131239706,64.4833692535075,0,0.5989010989010989,12.333333333333332,9.0
3436,101959,D,0.57203925,112.71786918967533,64.47904496501391,0,0.7474332648870636,7.0,7.702127659574468
3437,14023,C,0.7536046,85.55801773245553,64.47691495086536,0,0.4070796460176991,12.666666666666668,9.142857142857142
3438,72557,C,0.8427313,76.50825232332339,64.47589871287272,0,0.5048543689320388,7.000000000000001,11.88888888888889
3439,13299,C,0.77105033,83.61876200301056,64.4742743691433,0,0.5679012345679012,3.0,12.25
3440,135523,C,0.838363,76.9038022916394,64.47330177077161,0,0.3571428571428571,-1.0,11.4
3441,119618,C,0.71621704,90.01835893482709,64.47268267338431,0,0.676056338028169,4.333333333333333,11.63157894736842
3442,81986,B,0.75591505,85.29014811180572,64.4721062109552,0,0.6666666666666666,16.333333333333332,12.23076923076923
3443,189078,C,0.6026762,106.97375272711392,64.47053616125723,1,0.3064516129032258,2.333333333333334,5.5
3444,53612,B,0.7523567,85.69135219678425,64.47046364710638,0,0.6750572082379863,14.333333333333332,13.058823529411764
3445,205635,C,0.66791946,96.5216073619813,64.46865957400223,1,0.5124378109452736,6.666666666666667,8.166666666666666
3446,45237,C,0.94949675,67.89715379259042,64.46812659301946,1,0.4117647058823529,-3.0,11.8
3447,114281,C,0.917765,70.23934400582252,64.46321304929855,1,0.4285714285714285,2.000000000000001,13.4
3448,189633,D,0.7718553,83.51698959183695,64.46303061423473,0,0.7156862745098039,18.0,8.275862068965518
3449,139857,C,0.5962648,108.109280788945,64.46175647884489,0,0.7572815533980582,-0.6666666666666665,6.688888888888889
3450,169207,C,0.69525343,92.71650103886284,64.46146553148206,0,0.4752475247524752,5.333333333333334,9.166666666666666
3451,147214,C,0.9559933,67.42830833408817,64.46101064142327,1,0.3333333333333333,0.0,12.75
3452,55901,D,0.7060764,91.29196843551702,64.45910292382604,1,0.5601851851851852,12.333333333333332,9.590909090909092
3453,156070,D,0.67790085,95.08544120894496,64.45850149165634,0,0.7542372881355932,6.666666666666667,9.666666666666666
3454,178283,C,0.7348969,87.70997499538721,64.45778857141892,0,0.627906976744186,0.3333333333333339,11.689655172413794
3455,192593,D,0.60645366,106.28590226585888,64.45747413264613,0,0.6938369781312127,13.333333333333334,8.204545454545455
3456,121652,C,0.7819166,82.43308083016962,64.45579580266498,1,0.53,12.333333333333332,10.91304347826087
3457,41732,D,0.7075251,91.09638604558722,64.45297732194186,0,0.5992217898832685,9.666666666666668,9.678571428571429
3458,124818,C,0.7160292,90.01018469819523,64.44992295176812,1,0.5914285714285714,0.333333333333333,10.45
3459,70787,D,0.8302322,77.62878555533511,64.44991764834401,1,0.64,5.333333333333332,11.535714285714286
3460,115959,C,0.44195658,145.82428931226616,64.44800413947584,0,0.6634920634920635,0.666666666666667,6.615384615384615
3461,40459,C,0.87993604,73.24161295571682,64.44793482702099,1,0.4651162790697674,4.666666666666667,12.857142857142858
3462,168544,C,0.9579825,67.27384641218511,64.44716626046825,1,0.3333333333333333,0.0,10.75
3463,161911,D,0.7074486,91.09673793804924,64.44625987577375,0,0.6441441441441441,5.999999999999999,10.903225806451612
3464,153920,D,0.7012414,91.90222432667328,64.44564206194539,1,0.7869318181818182,7.333333333333332,9.36111111111111
3465,69696,C,0.6711026,96.02638930916252,64.44355794075547,1,0.5045045045045045,11.333333333333336,8.678571428571429
3466,123718,C,0.57164514,112.73348392000392,64.4435482711771,0,0.7162790697674418,3.333333333333333,8.046511627906977
3467,45518,C,0.69673866,92.49130664565556,64.44226908497777,1,0.4,5.666666666666667,7.92
3468,41335,C,0.721378,89.32965803393125,64.44045258951964,1,0.6666666666666666,-0.333333333333333,11.238095238095235
3469,97679,D,0.793545,81.20561110690448,64.44030729157366,1,0.7786116322701688,6.666666666666666,14.157894736842104
3470,9489,C,0.9559933,67.40018181053807,64.4341218735057,1,0.3015873015873015,0.0,12.75
3471,138186,D,0.53746486,119.880424745254,64.43151535496791,0,0.7627906976744186,5.666666666666666,7.1875
3472,149904,D,0.7114305,90.56569008384244,64.43119327507011,1,0.6666666666666666,9.0,10.466666666666669
3473,129851,B,0.74995124,85.90732763580559,64.42630717769286,0,0.5054545454545455,17.666666666666664,10.03225806451613
3474,97647,C,0.7596082,84.81327734176688,64.42486171229255,0,0.5023923444976076,13.0,10.26086956521739
3475,122526,C,0.9576383,67.27268683344754,64.4229030235421,1,0.4201680672268907,0.0,12.75
3476,190994,C,0.7383059,87.25541971235559,64.42119347742735,0,0.7235294117647059,-2.0,12.333333333333334
3477,185551,B,0.7782915,82.77244486537575,64.42109221449853,0,0.6363636363636364,15.666666666666668,11.785714285714286
3478,49258,C,0.8301406,77.6019284548455,64.42051072445996,0,0.6419753086419753,-2.333333333333334,11.4
3479,92658,D,0.56076866,114.87431099896948,64.41791389339636,0,0.5894308943089431,13.000000000000002,6.809523809523809
3480,148316,C,0.6649792,96.87052395803272,64.41688540803148,0,0.4363636363636363,10.333333333333332,8.0
3481,80441,D,0.6818167,94.47163396615773,64.41233744239823,0,0.6704545454545454,9.666666666666668,7.111111111111111
3482,89174,D,0.7736374,83.25865662292902,64.4120118010931,0,0.7473684210526316,10.333333333333334,11.76
3483,62222,C,0.78851193,81.68418595639763,64.40895527384833,0,0.303030303030303,-1.0,10.1
3484,156791,C,0.5968991,107.90472093565866,64.4082299703104,0,0.7014925373134329,-0.666666666666667,8.051282051282051
3485,136709,C,0.51541096,124.95851377401227,64.40498750952493,0,0.5135869565217391,6.666666666666666,6.410714285714286
3486,106033,C,0.812811,79.23512913556858,64.403185897695,0,0.64,3.666666666666667,11.666666666666666
3487,159176,C,0.61774665,104.252120803534,64.40139850402842,0,0.6934673366834171,4.333333333333332,8.586206896551724
3488,123187,D,0.7267616,88.61162370784172,64.39952360917137,0,0.6475409836065574,7.0,11.391304347826088
3489,83782,C,0.5628865,114.40876504911968,64.39914664112865,0,0.5214007782101168,12.333333333333334,7.090909090909091
3490,132965,C,0.50894815,126.53098478171404,64.39771028030631,0,0.528957528957529,3.666666666666667,6.697674418604652
3491,118358,C,0.653853,98.48952056034712,64.39766840917315,0,0.5470085470085471,9.666666666666666,8.151515151515152
3492,95576,D,0.6507508,98.95516966710848,64.39515739526459,0,0.7559808612440191,13.666666666666664,9.125
3493,24733,C,0.8889241,72.44098556179401,64.39453947695085,1,0.4507042253521127,-2.333333333333334,13.0
3494,91537,C,0.79525405,80.97102908979133,64.39253895278753,0,0.3269230769230769,11.0,7.75
3495,8415,C,0.8346297,77.1501790247637,64.39183189221247,1,0.4726027397260274,0.3333333333333339,12.454545454545457
3496,71661,C,0.9559933,67.35470102995008,64.39064255222515,1,0.3617021276595745,0.0,12.75
3497,52709,C,0.53880805,119.5038910294608,64.38965822667633,0,0.7898832684824902,0.666666666666667,7.296296296296297
3498,159014,C,0.7410083,86.8899361323965,64.38616227116447,0,0.5526315789473685,1.666666666666667,11.533333333333331
3499,121641,C,0.637608,100.979401128223,64.38527315597088,0,0.6786570743405276,2.0,8.794117647058824
3500,178412,C,0.4834284,133.18321645030798,64.38454774830223,1,0.6737804878048781,-0.3333333333333335,7.16
3501,168952,C,0.8154679,78.95305806245032,64.38368398914923,0,0.7105263157894737,2.0,12.583333333333334
3502,204510,C,0.6541114,98.42054503404204,64.37799905867237,0,0.5476190476190477,1.0,9.714285714285714
3503,76787,C,0.7148538,90.05546467930117,64.3764932246972,0,0.5775401069518716,4.333333333333334,10.625
3504,125135,D,0.7317345,87.97548145328727,64.374696185939,0,0.5775862068965517,7.666666666666666,10.714285714285714
3505,45430,B,0.65925205,97.64740025070914,64.37424855211657,1,0.7383015597920277,20.33333333333333,12.03448275862069
3506,21762,C,0.71090996,90.551668188403,64.37408305008526,0,0.7153558052434457,3.666666666666666,11.1875
3507,190715,B,0.7548606,85.27877241837817,64.37358360665328,0,0.6857142857142857,19.33333333333333,10.25
3508,203071,B,0.65228117,98.6898287602908,64.37351648955044,0,0.6726057906458798,16.666666666666668,8.916666666666666
3509,149205,C,0.92215765,69.80695462975523,64.37301690174013,1,0.2682926829268293,2.666666666666667,11.142857142857142
3510,73100,C,0.8044432,80.02160927803504,64.37283788123739,1,0.6394557823129252,-2.333333333333333,12.916666666666666
3511,126524,C,0.6571805,97.95089478481944,64.3714168454586,1,0.448051948051948,3.000000000000001,8.0
3512,67498,C,0.67837626,94.88559466982542,64.368134595148,0,0.5142857142857142,10.666666666666668,7.527777777777778
3513,119977,C,0.69366133,92.7880675124196,64.36349451647344,0,0.4942528735632184,2.666666666666667,10.6
3514,188870,C,0.712185,90.37383746711282,64.36289371530552,0,0.3969465648854962,8.666666666666666,7.2
3515,168030,D,0.461584,139.4372136351663,64.36198706671097,0,0.6932515337423313,13.333333333333332,5.279411764705882
3516,202557,B,0.68751127,93.61577382981108,64.36189911569963,0,0.6069364161849711,13.666666666666666,8.96774193548387
3517,176538,C,0.9389982,68.54059006083126,64.35949222601427,1,0.34375,3.333333333333334,12.166666666666666
3518,81199,C,0.762574,84.39656722777117,64.3586292959331,0,0.4825174825174825,2.666666666666667,9.64
3519,184023,C,0.712582,90.31663313470688,64.3580063633517,0,0.6448598130841121,1.333333333333333,10.555555555555555
3520,98934,B,0.67607456,95.19032489939111,64.35575744687044,0,0.4748201438848921,19.666666666666664,7.473684210526316
3521,124080,C,0.7742821,83.11458919099806,64.35413847795985,1,0.5041666666666667,7.666666666666667,10.77777777777778
3522,124544,C,0.66522074,96.73449461538608,64.34979184560396,0,0.4693877551020408,2.333333333333332,9.333333333333334
3523,173565,C,0.7080156,90.88005012556692,64.34449509966971,0,0.5914634146341463,-2.333333333333333,10.928571428571429
3524,70501,D,0.7120905,90.3528980978444,64.33943968257574,0,0.5905511811023622,12.0,9.75
3525,123299,C,0.7261168,88.60622651763572,64.3384675738346,1,0.6415929203539823,5.0,11.416666666666666
3526,47160,C,0.6535125,98.44990064764688,64.33823851876724,0,0.3793103448275862,2.0,8.142857142857142
3527,43976,C,0.68641514,93.72996793578154,64.33766867483446,1,0.4698795180722891,12.0,8.76
3528,162713,C,0.7999675,80.42355725594969,64.33623424191208,0,0.4594594594594595,9.0,10.875
3529,28611,C,0.47901613,134.30183170922174,64.33274303290654,0,0.6126373626373627,3.666666666666667,5.807017543859649
3530,82480,C,0.7623301,84.3859620963995,64.32996017595542,0,0.5317725752508361,4.333333333333333,10.448275862068966
3531,167321,D,0.77554107,82.94686868949378,64.32870305799563,0,0.72,5.666666666666666,11.0
3532,181262,D,0.59303135,108.4703408109238,64.32631229873402,0,0.739454094292804,9.333333333333332,8.162790697674419
3533,26583,B,0.77149785,83.37485730798211,64.32352279446094,1,0.6188524590163934,15.0,12.6
3534,107125,C,0.9559933,67.28424176287575,64.3232839653515,1,0.3857142857142857,0.0,12.75
3535,97762,C,0.95205736,67.56177119127571,64.32268162557688,1,0.2903225806451613,0.0,12.5
3536,36465,D,0.74052554,86.85935020845302,64.32156753765115,1,0.6007326007326007,7.333333333333334,11.35
3537,102943,C,0.97851264,65.73384020287958,64.32139382766108,1,0.2083333333333333,0.0,10.0
3538,132258,C,0.97851264,65.73384020287958,64.32139382766108,1,0.2077922077922078,0.0,10.0
3539,152123,C,0.9469081,67.9258044153953,64.31949550990451,1,0.4545454545454545,-1.0,13.11111111111111
3540,93783,D,0.748595,85.92010660558002,64.31936214540752,1,0.575107296137339,8.333333333333334,11.714285714285714
3541,79509,D,0.70360774,91.4130618879026,64.31893770024986,0,0.8,7.0,9.379310344827584
3542,132092,C,0.67281437,95.59631159200208,64.31857208177823,0,0.6937269372693727,0.6666666666666665,9.857142857142858
3543,43102,C,0.6600287,97.4468206309574,64.31769795626111,1,0.5757575757575758,2.666666666666666,8.923076923076923
3544,14477,B,0.7591464,84.7211417374713,64.31574910538704,0,0.7883211678832117,21.33333333333333,9.176470588235292
3545,40508,C,0.7160798,89.80828630535926,64.3098971380283,0,0.5074626865671642,-5.333333333333334,8.833333333333334
3546,91596,C,0.6662555,96.52316124867188,64.30908455845501,0,0.4492753623188406,-3.333333333333333,9.083333333333334
3547,140351,D,0.6186321,103.94606149378392,64.30436803956687,0,0.765625,5.333333333333333,8.8
3548,184593,C,0.89195544,72.0910716418406,64.3020231858135,0,0.2474226804123711,0.666666666666667,10.75
3549,124402,D,0.65468156,98.21590879630054,64.30014471929225,1,0.5654761904761905,13.0,6.617021276595745
3550,181516,C,0.51742756,124.26634497733131,64.29883212746044,0,0.6464646464646465,1.6666666666666663,5.642857142857143
3551,9592,C,0.80206776,80.1634822116297,64.29654434296104,0,0.5102040816326531,6.666666666666667,11.842105263157896
3552,149854,B,0.6940305,92.6404340233552,64.29528890398417,0,0.5222551928783383,21.0,8.222222222222221
3553,107252,C,0.7912116,81.25886977029022,64.2929607772897,1,0.5952380952380952,0.3333333333333321,12.5
3554,161125,C,0.79523456,80.84409966753927,64.29002210584689,0,0.4261744966442953,4.666666666666667,9.461538461538462
3555,129563,B,0.65412104,98.28417587377848,64.28974746566315,0,0.7577160493827161,18.666666666666668,8.439024390243903
3556,69501,C,0.7111941,90.3953998727219,64.28867487544632,1,0.4477611940298507,2.333333333333334,10.11111111111111
3557,141346,B,0.82781565,77.65632601569752,64.2851221443478,0,0.6169154228855721,19.0,10.210526315789474
3558,20939,D,0.4931412,130.35420055169456,64.28302742199689,0,0.6256983240223464,6.0,6.258620689655173
3559,109489,C,0.78925145,81.44579443293357,64.28121108577328,0,0.4642857142857143,4.333333333333334,10.5
3560,192711,C,0.66362333,96.8635615062234,64.28091953081118,0,0.514792899408284,7.666666666666666,7.5
3561,129037,C,0.7627608,84.27298774811612,64.28013307044537,1,0.4375,11.333333333333332,10.0
3562,6354,D,0.7359097,87.34503803543974,64.27806077153477,0,0.583756345177665,6.666666666666667,11.27777777777778
3563,102966,D,0.50593305,127.03493002459506,64.27116913905182,0,0.8893280632411067,5.000000000000001,6.515151515151516
3564,3068,C,0.649626,98.93114522703488,64.26824579317892,0,0.5777777777777777,0.0,10.5
3565,124556,C,0.74909514,85.7944268842884,64.2681883800569,0,0.5467625899280576,0.0,10.63157894736842
3566,145890,C,0.5844935,109.94947641636487,64.26475625918928,0,0.4447174447174447,13.333333333333336,5.548387096774194
3567,201315,D,0.5590924,114.94423483704256,64.26444840376061,0,0.7021276595744681,13.666666666666668,7.295454545454546
3568,115723,C,0.8075115,79.5832790532554,64.26441371687044,0,0.4166666666666667,5.666666666666667,9.666666666666666
3569,101195,C,0.6846071,93.86739401364558,64.26228332694319,1,0.6842105263157895,0.3333333333333339,10.4
3570,142254,C,0.72309613,88.87039094878281,64.26183596913795,1,0.5027322404371585,5.333333333333333,9.789473684210526
3571,382,D,0.701255,91.63589334483154,64.26013053909129,0,0.6160714285714286,5.333333333333334,10.413793103448276
3572,33663,C,0.7099394,90.50860267941673,64.25562491144034,1,0.5911949685534591,3.666666666666666,10.433333333333334
3573,200154,C,0.5327489,120.60831877750172,64.25394650644171,0,0.6171003717472119,3.666666666666667,7.2
3574,173983,C,0.7489302,85.79248728722638,64.25258602109295,0,0.5555555555555556,-0.666666666666667,10.571428571428571
3575,75175,D,0.690826,93.00832944255068,64.25257208229877,0,0.6151603498542274,13.666666666666668,10.411764705882351
3576,54966,C,0.8848674,72.61208665731805,64.25207048803095,0,0.3448275862068966,0.0,12.25
3577,151038,C,0.9051253,70.98202674377102,64.24762966770412,1,0.6346153846153846,3.999999999999999,11.909090909090908
3578,157632,C,0.96792567,66.37645744409313,64.24747689530003,0,0.4476190476190476,4.666666666666666,12.4
3579,48642,C,0.7421654,86.55774325090267,64.24016098967635,1,0.2990654205607476,0.3333333333333339,9.857142857142858
3580,83214,D,0.7113485,90.3033210583326,64.23712963430015,0,0.5918367346938775,13.666666666666668,10.4375
3581,175612,C,0.95627785,67.17185161157185,64.23495365759987,1,0.4117647058823529,0.0,12.75
3582,70360,C,0.52565515,122.1989424143334,64.23450345517865,0,0.6708333333333333,-0.333333333333333,7.833333333333333
3583,127383,C,0.76919085,83.5090631782565,64.23440711122048,0,0.5272727272727272,10.666666666666668,10.652173913043478
3584,175494,D,0.65731364,97.72167198853688,64.23378839914095,0,0.6740947075208914,6.666666666666667,9.666666666666666
3585,69912,C,0.69697416,92.1412798201866,64.22009094616595,0,0.6335078534031413,0.6666666666666679,10.285714285714286
3586,60943,D,0.70879006,90.60266914457756,64.21827164869329,0,0.5702127659574469,14.0,8.971428571428572
3587,49788,C,0.5363146,119.7389094235185,64.21772611015777,0,0.5352422907488987,3.333333333333333,6.020408163265306
3588,148544,C,0.66256905,96.92035787342375,64.21642905616059,0,0.4016393442622951,7.333333333333333,8.0
3589,153662,C,0.6698833,95.85988247193993,64.21493544270645,1,0.6833333333333333,4.333333333333333,10.307692307692308
3590,131921,B,0.7181859,89.41065752476288,64.21347369081211,0,0.6214689265536724,13.0,11.461538461538462
3591,2563,D,0.76425344,84.02074981762001,64.21314687104616,0,0.5885416666666666,10.666666666666668,9.307692307692308
3592,76170,B,0.67367274,95.31657609605396,64.21217857533478,0,0.717391304347826,19.33333333333333,9.448275862068966
3593,132747,C,0.8676919,74.00298901457265,64.21179225696007,1,0.4782608695652174,6.333333333333333,12.714285714285714
3594,50596,C,0.72571653,88.47492585238106,64.20771629455346,0,0.6183206106870229,4.333333333333333,11.384615384615383
3595,156155,C,0.6693264,95.92701761222794,64.20648772080847,0,0.75,4.0,10.7
3596,142108,B,0.6854703,93.66459763213172,64.20429824892548,0,0.672,16.333333333333336,9.48
3597,17085,C,0.66098833,97.1267211586026,64.19962929869024,0,0.5042735042735043,10.333333333333334,8.692307692307692
3598,206054,D,0.6969073,92.1191846088664,64.19853055436265,0,0.6809815950920245,5.333333333333333,11.67741935483871
3599,114200,C,0.68721277,93.4164474146118,64.19697514452771,1,0.6991869918699187,2.666666666666667,8.472222222222221
3600,102258,C,0.9439709,68.00723258630426,64.19684981970478,1,0.2631578947368421,1.0,11.333333333333334
3601,155255,C,0.7784713,82.46329461096855,64.19530742129196,0,0.5,5.333333333333333,10.647058823529411
3602,181905,C,0.76575357,83.83175055848415,64.19446203635422,0,0.4,9.0,9.6
3603,120579,B,0.6947317,92.40099054008394,64.19389837994557,1,0.6475,20.0,10.153846153846152
3604,38526,C,0.7848086,81.79470666912886,64.19318727409082,0,0.5,5.333333333333333,10.77777777777778
3605,102133,C,0.5035514,127.4759762950493,64.19070933175378,0,0.7085798816568047,2.333333333333333,6.592592592592593
3606,23144,D,0.7156863,89.68571014079524,64.18683596012592,0,0.5967741935483871,7.333333333333333,10.473684210526317
3607,140655,C,0.8508356,75.43672119355054,64.18424954984664,0,0.5952380952380952,4.999999999999999,11.923076923076923
3608,43564,C,0.9173507,69.96612484410393,64.18347426238908,1,0.2608695652173913,-0.6666666666666661,10.4
3609,119316,C,0.678946,94.53308604544112,64.18286236050581,0,0.5551601423487544,1.3333333333333337,9.208333333333334
3610,181820,C,0.7333568,87.5188871355085,64.18256872092778,1,0.45,8.0,8.0
3611,156220,C,0.9346684,68.6644603956446,64.17850282798982,1,0.3392857142857143,-2.333333333333334,12.6
3612,118088,D,0.7367383,87.10865689657984,64.17628590228018,0,0.5819209039548022,9.666666666666668,10.727272727272728
3613,65064,C,0.84187084,76.22937476254333,64.17528809669481,0,0.593939393939394,0.3333333333333339,12.642857142857142
3614,137183,C,0.653917,98.13559520792032,64.17253544424412,1,0.5320088300220751,5.333333333333333,8.551724137931034
3615,80494,D,0.5603804,114.51481735604708,64.17185906740495,0,0.6049046321525886,9.333333333333332,7.24
3616,20700,B,0.6935572,92.52320527254332,64.1701354443966,0,0.6639839034205232,15.333333333333332,10.3
3617,142242,C,0.79611653,80.60221484197011,64.16875566246152,0,0.4917355371900826,1.333333333333333,10.61111111111111
3618,36614,D,0.7323045,87.62327624405451,64.16692067718608,0,0.8046875,7.666666666666667,12.384615384615383
3619,186346,C,0.9523662,67.37200986344442,64.1628232189797,1,0.5789473684210527,0.0,12.5
3620,100770,B,0.67552584,94.98185212527694,64.1626958308372,0,0.7450331125827815,14.666666666666664,10.333333333333334
3621,186240,C,0.7535045,85.15014841869598,64.1610212603698,0,0.6878306878306878,0.0,12.96
3622,45742,D,0.57296515,111.98044923069558,64.16089434306987,0,0.6373626373626373,5.666666666666666,7.833333333333333
3623,145119,C,0.962271,66.6764674230024,64.16082932421703,1,0.2542372881355932,5.0,10.833333333333334
3624,152594,D,0.78432304,81.80375542960759,64.16056986961584,0,0.6274509803921569,12.0,12.904761904761903
3625,57585,C,0.4919356,130.42322574646704,64.15982921633565,0,0.8613636363636363,1.333333333333333,6.466666666666667
3626,198684,C,0.8237765,77.88432026228305,64.159271468237,1,0.4166666666666667,-2.0,10.333333333333334
3627,108360,C,0.7400302,86.69688215078403,64.158313559576,0,0.3523809523809524,5.666666666666668,7.5
3628,112579,B,0.77359664,82.93509123626036,64.15830828350744,0,0.6174863387978142,11.999999999999998,12.4
3629,49778,D,0.74976116,85.56160967463158,64.15077207948396,1,0.5915178571428571,8.666666666666666,12.04
3630,163165,B,0.7780068,82.45406384145994,64.14982170230402,1,0.5292207792207793,13.0,10.681818181818182
3631,131296,C,0.7805928,82.17835065596205,64.14782877108414,0,0.4588235294117647,6.333333333333334,9.615384615384617
3632,42476,D,0.5878654,109.11742656645404,64.14636095053922,1,0.7243816254416962,5.333333333333333,8.368421052631579
3633,59115,C,0.6288894,101.9969301300206,64.1447863436901,1,0.7147435897435898,4.0,8.775
3634,7058,D,0.6045533,106.098328138617,64.14209251859437,0,0.7129455909943715,10.666666666666668,8.1875
3635,126680,C,0.92130244,69.62086943663847,64.14187673249738,1,0.2765957446808511,1.333333333333333,11.25
3636,1550,D,0.76674014,83.65514246522339,64.14175592149225,1,0.7105263157894737,10.666666666666668,10.615384615384617
3637,17109,D,0.6910322,92.81849326356344,64.14056493201709,0,0.55893536121673,14.333333333333334,9.029411764705882
3638,181050,C,0.7119184,90.09354897060744,64.13925646226858,0,0.5493827160493827,11.0,10.083333333333334
3639,387,C,0.83080983,77.1943799283175,64.13384979019885,1,0.4615384615384615,-0.6666666666666661,11.5
3640,8957,D,0.68550247,93.55320022129884,64.13094978503698,0,0.7943262411347518,12.666666666666664,11.0
3641,117662,D,0.7786254,82.36344823680977,64.1302751906694,0,0.7096774193548387,9.0,8.615384615384615
3642,123419,B,0.6600654,97.1572848834304,64.130163326037,0,0.7560975609756098,16.0,9.411764705882351
3643,86763,B,0.75888085,84.5059962437763,64.1299825682703,0,0.7321428571428571,13.333333333333334,13.61111111111111
3644,120746,C,0.72220445,88.7898812759323,64.12444708766554,0,0.5278969957081545,-2.666666666666667,11.166666666666666
3645,123591,C,0.7931807,80.84290111817434,64.12302923176009,1,0.6625,2.0,12.625
3646,114024,D,0.5851533,109.58202058577204,64.1222789598421,0,0.6160337552742616,5.999999999999999,8.022222222222222
3647,171902,D,0.7106668,90.22823441464992,64.12220842887254,0,0.6316614420062696,8.666666666666668,11.620689655172416
3648,27195,D,0.8063387,79.52261668898227,64.12216554641354,1,0.7079646017699115,6.333333333333333,12.11111111111111
3649,30594,D,0.5688694,112.7171392551828,64.12133272425717,0,0.5607064017660044,6.333333333333334,6.68
3650,5561,C,0.533702,120.14158935606766,64.11980842997241,0,0.7529411764705882,2.333333333333333,7.25
3651,199276,C,0.65741026,97.52747742772284,64.11556468449551,0,0.3518518518518518,3.0,6.785714285714286
3652,102310,C,0.793758,80.76313311326203,64.10638100283343,0,0.5142857142857142,5.0,11.789473684210526
3653,11455,D,0.552998,115.92378908675316,64.10562425279848,0,0.6414728682170543,11.333333333333332,7.395833333333333
3654,44170,D,0.83032656,77.20466313906566,64.10508214091347,0,0.6636029411764706,6.333333333333333,12.25
3655,98073,D,0.61762506,103.7901404666484,64.1033914941242,0,0.6838709677419355,6.333333333333332,8.666666666666666
3656,56851,C,0.7842245,81.74021886120383,64.10268309948566,1,0.2753623188405797,1.666666666666666,8.375
3657,117675,C,0.7132591,89.86808180348456,64.09922722801933,0,0.6554054054054054,3.0,11.666666666666666
3658,80660,C,0.6650231,96.38478751362436,64.09810907240868,0,0.5932642487046632,-1.333333333333333,9.23076923076923
3659,185475,D,0.7512802,85.31710267809677,64.09704898743487,1,0.6292834890965732,7.666666666666667,12.535714285714286
3660,39956,C,0.79021305,81.1127286493203,64.09633657473401,1,0.5131578947368421,5.0,12.363636363636363
3661,186479,B,0.70547926,90.85486955690077,64.09622652938052,0,0.5811965811965812,16.666666666666668,10.333333333333334
3662,58839,C,0.71872896,89.17857998171891,64.09522800533423,0,0.4085365853658536,6.0,8.185185185185185
3663,79853,B,0.7555427,84.83280780038729,64.09480827423052,0,0.5060240963855421,17.666666666666668,11.36842105263158
3664,179283,B,0.7414047,86.44764884179935,64.09269420993516,0,0.6265060240963856,17.666666666666668,12.304347826086955
3665,62728,D,0.49242675,130.15256898488494,64.09060694557883,0,0.5583596214511041,11.333333333333334,6.705882352941177
3666,117114,C,0.779136,82.2558541606206,64.08849735704491,0,0.4117647058823529,-1.666666666666666,10.666666666666666
3667,73201,C,0.708314,90.48009706260332,64.08831961196887,1,0.4565217391304347,-2.999999999999999,10.166666666666666
3668,152881,C,0.65628076,97.65243627222758,64.08741470165748,0,0.505338078291815,0.0,8.518518518518519
3669,31828,C,0.97828966,65.50574999136654,64.08359813547428,1,0.1782178217821782,0.0,10.25
3670,138,D,0.70482224,90.90794773999268,64.07394356535465,0,0.6308724832214765,5.666666666666667,11.125
3671,22942,C,0.89047664,71.95456675494492,64.07386112723464,0,0.6194029850746269,0.666666666666667,11.2
3672,66707,C,0.7130843,89.85357608675396,64.07317265335506,0,0.5376884422110553,12.0,9.3125
3673,11597,C,0.75868905,84.45087519062919,64.07195392431079,1,0.4509803921568627,15.0,8.382352941176471
3674,194264,C,0.8008937,80.00014822870337,64.07161663261353,0,0.3384615384615385,4.333333333333333,10.22222222222222
3675,103174,C,0.93236333,68.71876715814005,64.07085867162267,0,0.3958333333333333,0.0,12.25
3676,89537,C,0.631129,101.51232487624488,64.06737476806093,0,0.4814814814814814,3.333333333333332,7.888888888888889
3677,154625,C,0.8511564,75.26514980762806,64.06241497595143,1,0.5260869565217391,6.666666666666666,12.5
3678,173472,C,0.6610964,96.90183558166314,64.0614540810304,1,0.4276729559748428,-2.666666666666667,7.916666666666667
3679,92888,C,0.69841695,91.72182120994566,64.06007446366361,0,0.6193353474320241,4.666666666666667,9.961538461538462
3680,39252,B,0.5110395,125.3517008760887,64.05966997178953,0,0.6757679180887372,18.0,5.694444444444445
3681,14063,C,0.7345401,87.21026706064562,64.05943871212092,1,0.3225806451612903,0.666666666666667,8.555555555555555
3682,169147,D,0.5349549,119.7452525339671,64.05831025457331,0,0.7611940298507462,12.333333333333332,7.243243243243243
3683,195680,C,0.82020956,78.09940782349628,64.05788114416752,0,0.5511811023622047,1.666666666666668,10.461538461538462
3684,120123,C,0.85584766,74.84475616335935,64.0557091807026,1,0.4044943820224719,0.3333333333333339,11.25
3685,5801,B,0.71276116,89.86809604092088,64.05448871466791,0,0.6646153846153846,22.33333333333333,11.318181818181818
3686,86764,C,0.847423,75.58639223615296,64.05364855479532,0,0.4433962264150943,7.000000000000001,10.5
3687,160609,C,0.43648165,146.74577822649812,64.0518400923252,1,0.6544943820224719,3.999999999999999,5.527272727272727
3688,93219,D,0.6588234,97.21925144138991,64.05031495425122,0,0.7634920634920634,16.0,11.0
3689,19256,B,0.75080866,85.30805451974142,64.05002577833997,0,0.4974093264248704,16.0,11.266666666666667
3690,45899,C,0.8226911,77.85103297789449,64.04735062970325,0,0.4666666666666667,-2.0,12.461538461538462
3691,191733,B,0.66530454,96.2623023104954,64.04374691087322,0,0.6349206349206349,16.666666666666668,7.515151515151516
3692,115285,B,0.6997497,91.52249813863766,64.04284136401901,0,0.6888888888888889,22.0,11.875
3693,105353,B,0.6867704,93.25192404371434,64.0426592686451,0,0.6573033707865169,21.0,9.733333333333333
3694,23340,C,0.74898154,85.50475792271499,64.04148487592936,0,0.5163934426229508,2.333333333333332,9.064516129032258
3695,170176,C,0.74574345,85.87447601751761,64.04032831303451,0,0.5119047619047619,8.0,8.6875
3696,2883,C,0.76276976,83.95651121641232,64.03948780194787,1,0.5424354243542435,1.333333333333333,11.166666666666666
3697,151677,D,0.7686655,83.31252692916591,64.03946454631256,1,0.7641509433962265,5.333333333333334,11.363636363636363
3698,82010,C,0.76721936,83.46678237164997,64.03733173998093,1,0.6875,5.333333333333333,10.0
3699,129156,C,0.8012214,79.92169187326253,64.03496751112041,0,0.5260663507109005,5.666666666666666,12.105263157894736
3700,64327,C,0.8503994,75.29936366757477,64.03453179793085,1,0.3,8.666666666666668,9.666666666666666
3701,121093,C,0.7900124,81.05276556772122,64.03269141093378,1,0.5373831775700935,11.0,10.705882352941176
3702,171076,D,0.67321503,95.11308904050676,64.0315612462459,0,0.7152317880794702,8.666666666666668,11.387096774193548
3703,11888,D,0.43887198,145.89790629249018,64.0305029706311,0,0.7337142857142858,5.333333333333334,5.231884057971015
3704,159163,D,0.70151895,91.27194241148348,64.0289974647724,0,0.5609756097560976,10.0,9.818181818181818
3705,104644,D,0.62301415,102.76976232676316,64.02701633239026,0,0.5898004434589801,6.0,7.461538461538462
3706,141228,C,0.8381384,76.39182441891106,64.02692160677123,1,0.4117647058823529,4.333333333333333,12.166666666666666
3707,94278,C,0.7214573,88.74365794419454,64.02476008064379,0,0.6069868995633187,-0.333333333333333,11.26923076923077
3708,10631,C,0.9459248,67.6828106705516,64.02285040017927,1,0.2878787878787879,2.333333333333333,12.6
3709,109118,C,0.63115424,101.4368632087566,64.0223062230956,0,0.4507462686567164,9.333333333333332,6.5
3710,66320,D,0.5759874,111.1522132004535,64.02227413267615,0,0.7394957983193278,9.0,7.825
3711,125402,D,0.58760005,108.95222758141264,64.02033463121933,0,0.5868725868725869,7.0,7.67741935483871
3712,125748,B,0.76146144,84.07193457911613,64.01753609484005,1,0.5328947368421053,18.666666666666668,7.913043478260869
3713,72848,C,0.77202463,82.92139837089736,64.01736202077699,0,0.5145631067961165,8.0,10.615384615384617
3714,36576,D,0.72224385,88.6315722210069,64.01360755031382,0,0.7484662576687117,7.333333333333332,13.26923076923077
3715,12223,C,0.6686509,95.73483669216316,64.01318712420417,0,0.2903225806451613,0.666666666666667,9.555555555555555
3716,30821,C,0.5053487,126.66801985747776,64.01151693764493,0,0.7934782608695652,5.0,7.413043478260869
3717,190595,C,0.79431593,80.5869079995008,64.01146511039897,1,0.4606741573033708,5.999999999999999,11.2
3718,147441,C,0.5584952,114.6136978587291,64.01120280431523,0,0.5163398692810458,-1.3333333333333337,6.6
3719,166184,C,0.93711466,68.30572513400661,64.0102961098403,1,0.2803738317757009,1.0,13.0
3720,93971,C,0.77613735,82.47230486082668,64.00983630717309,1,0.5789473684210527,5.0,12.038461538461538
3721,25775,D,0.5938024,107.7859514882822,64.00355586977241,0,0.7009966777408638,6.0,8.333333333333334
3722,25642,C,0.9517645,67.24431729771987,64.00075564342629,1,0.4666666666666667,0.0,12.25
3723,205055,C,0.5886492,108.72144640149168,63.99879389460443,0,0.648,2.0000000000000004,8.333333333333334
3724,11841,D,0.6303831,101.52086180028611,63.99703296558484,0,0.6180555555555556,5.333333333333332,8.242424242424242
3725,193641,C,0.7641596,83.74685862098401,63.99596764394197,0,0.5681818181818182,-0.3333333333333339,10.565217391304348
3726,1621,D,0.51374626,124.56552939835598,63.99507505221669,1,0.6033519553072626,13.0,6.568181818181818
3727,58149,D,0.7111696,89.98545575878494,63.994920621593685,1,0.599009900990099,8.666666666666668,9.766666666666667
3728,72363,C,0.895662,71.44198740706213,63.98787401911685,1,0.4262295081967213,1.0,13.5
3729,198957,D,0.7409571,86.3531663968252,63.9839901359507,0,0.7323420074349443,5.333333333333334,12.7
3730,87841,D,0.69186413,92.46886187749942,63.97588894138431,1,0.6816816816816816,10.0,11.166666666666666
3731,152427,C,0.6228875,102.6995055545219,63.97023746296884,0,0.5936794582392777,0.0,7.088235294117647
3732,185412,B,0.6711034,95.31812690869346,63.968320753713016,0,0.6967741935483871,17.0,9.933333333333334
3733,29061,D,0.54662704,117.02333652033718,63.968120600439896,0,0.8076923076923077,6.999999999999999,7.282608695652174
3734,81777,D,0.60307443,106.06597902601256,63.96567999405162,0,0.6048780487804878,5.999999999999999,8.38888888888889
3735,150920,B,0.50197196,127.42866868712788,63.96561858970138,0,0.7232142857142857,20.0,6.823529411764706
3736,99486,D,0.63976264,99.97726076253046,63.96171628534388,0,0.6018518518518519,11.0,8.947368421052632
3737,46597,D,0.7618435,83.95616967561477,63.96146236396096,1,0.8222222222222222,9.333333333333332,5.526315789473684
3738,117665,D,0.6946069,92.0813963104316,63.960373258671545,0,0.5930232558139535,5.666666666666667,10.78125
3739,69315,D,0.73567164,86.93904400693172,63.95858903613824,0,0.7853107344632768,12.333333333333332,12.952380952380953
3740,42065,C,0.8643874,73.99192610291821,63.95768810698303,1,0.4666666666666667,3.0,13.333333333333334
3741,186973,B,0.7187104,88.98903812923999,63.95734919314686,0,0.6192660550458715,17.333333333333332,11.692307692307692
3742,147919,C,0.55672574,114.87982336973998,63.9565547263008,0,0.5763888888888888,4.333333333333334,7.1
3743,82684,C,0.9624142,66.45427974207182,63.956542811751895,1,0.3275862068965517,0.0,13.0
3744,70754,D,0.648938,98.55474846800878,63.95592138125838,0,0.7584650112866818,6.333333333333332,9.529411764705882
3745,63830,C,0.7794612,82.0507447105041,63.955372343660144,1,0.389937106918239,4.666666666666668,9.571428571428571
3746,142682,C,0.75494057,84.71440298896822,63.95433962893943,0,0.5555555555555556,4.0,10.424242424242424
3747,52708,C,0.7921909,80.72853724542522,63.952413333829234,0,0.6590389016018307,4.666666666666666,13.08695652173913
3748,32564,C,0.6524082,98.02503164110873,63.95233274434197,1,0.6821305841924399,-1.333333333333334,8.317073170731707
3749,153266,C,0.7344237,87.07623173013917,63.95084802762311,0,0.3714285714285714,8.333333333333332,8.052631578947368
3750,69070,C,0.6224752,102.73225145848087,63.94827947698537,1,0.5074626865671642,1.3333333333333337,6.888888888888889
3751,151595,C,0.8093224,79.0129238997517,63.94693052758925,0,0.493103448275862,8.666666666666666,10.1
3752,127127,D,0.5719085,111.81075057292178,63.94551573343293,0,0.7715355805243446,6.666666666666666,7.477272727272727
3753,189667,C,0.9624142,66.44193669383239,63.944663686792346,1,0.3617021276595745,0.0,13.0
3754,75767,D,0.7250405,88.19351863084056,63.94387243879104,1,0.5675675675675675,14.333333333333332,9.666666666666666
3755,88349,D,0.76539415,83.53944078101472,63.94059936920839,1,0.603448275862069,12.666666666666664,11.333333333333334
3756,60923,C,0.6294921,101.57468775830372,63.94046391555162,1,0.4406779661016949,-2.0,8.777777777777779
3757,119582,D,0.6920648,92.38969842309524,63.939660167955374,1,0.5972222222222222,5.666666666666666,10.0
3758,50666,D,0.7043398,90.77366145174923,63.9355027578103,0,0.6884210526315789,9.333333333333332,10.88888888888889
3759,2279,C,0.8476895,75.42252203604934,63.93488070182973,0,0.1958041958041958,2.0000000000000004,7.5
3760,79728,C,0.7129698,89.67400108936296,63.93485282555677,0,0.4417177914110429,16.0,7.764705882352941
3761,88618,D,0.70881903,90.19799874289116,63.93405813160236,1,0.6666666666666666,14.666666666666668,9.904761904761903
3762,29668,B,0.7710576,82.91420314701287,63.93162696065831,0,0.5029585798816568,16.333333333333336,10.36
3763,10707,C,0.54548764,117.19403904049123,63.92790004642977,0,0.7758620689655172,2.333333333333333,7.71875
3764,119317,C,0.6667259,95.88303467875672,63.92770009289836,1,0.5253164556962026,7.666666666666666,8.552631578947368
3765,150263,C,0.9624142,66.41985389388856,63.92341088643859,1,0.35,0.0,13.0
3766,67731,D,0.8224511,77.72242492162977,63.92289501044828,0,0.6913946587537092,10.333333333333332,11.375
3767,43188,C,0.7184227,88.96996689404381,63.91804480430525,1,0.5826086956521739,4.999999999999999,10.555555555555555
3768,79335,C,0.69710165,91.6888228057814,63.91642990489638,0,0.6482758620689655,4.333333333333333,10.833333333333334
3769,189916,C,0.58497876,109.26281597225528,63.91642652384904,1,0.6588785046728972,-0.666666666666667,8.277777777777779
3770,149221,C,0.8938706,71.5046186097456,63.9158757758157,0,0.1785714285714285,0.0,10.25
3771,105632,D,0.76550245,83.4940885537289,63.91492958638312,1,0.5636363636363636,12.0,12.22222222222222
3772,171605,C,0.6176571,103.47835788121137,63.91414502823537,0,0.6810176125244618,4.333333333333333,9.0
3773,194799,D,0.5471991,116.799175558421,63.912400295319934,1,0.734375,14.0,7.09375
3774,84192,C,0.4462504,143.21916499804462,63.91161094095576,0,0.5441176470588235,1.6666666666666663,5.138888888888889
3775,52728,D,0.5844759,109.34504642081365,63.90954167287559,0,0.5790349417637272,13.666666666666666,7.375
3776,113295,C,0.7066188,90.4393409449053,63.90613729230064,0,0.6415929203539823,1.666666666666668,11.166666666666666
3777,60676,C,0.83514285,76.52093324606315,63.90591034279814,1,0.4489795918367347,12.333333333333334,9.363636363636363
3778,9739,C,0.8060768,79.2779302369283,63.90410227140207,1,0.4693877551020408,-0.3333333333333339,12.333333333333334
3779,199973,C,0.4394065,145.42438450564134,63.9004218706196,0,0.4016172506738544,-0.3333333333333333,4.260273972602739
3780,108175,C,0.6192979,103.18071490691356,63.89960229699302,0,0.639344262295082,1.0,8.5
3781,72490,C,0.59520507,107.35663361213024,63.899212472512346,0,0.6299212598425197,4.0,6.775
3782,142277,C,0.7039082,90.77605976542434,63.89801328938905,1,0.536723163841808,11.333333333333334,9.2
3783,54973,C,0.5925841,107.82025564210032,63.89256629890259,0,0.4761904761904761,5.000000000000001,7.0
3784,58464,C,0.77942795,81.97234053804087,63.89153298272502,1,0.6266094420600858,-0.6666666666666661,12.823529411764708
3785,78721,D,0.7113944,89.80931385325688,63.88984556609636,0,0.5639097744360902,7.666666666666667,9.36111111111111
3786,16017,B,0.70939153,90.05925205222057,63.887270993798325,1,0.5555555555555556,16.666666666666668,8.393939393939394
3787,104012,C,0.6847972,93.29365102789622,63.88723355630877,0,0.7442455242966752,4.0,11.290322580645162
3788,22571,B,0.7560833,84.49629423770843,63.8862378004424,1,0.5454545454545454,16.333333333333332,10.3
3789,204312,C,0.9283827,68.80701803366973,63.87924481783002,1,0.3370786516853932,-0.3333333333333339,13.0
3790,58158,C,0.79064083,80.79423756343756,63.87922312665484,1,0.5131578947368421,8.0,9.466666666666669
3791,9055,C,0.4983365,128.18253980363912,63.87803747378264,0,0.7244318181818182,0.333333333333333,6.660377358490566
3792,67992,C,0.9061111,70.49581827544745,63.8770449359032,1,0.1923076923076923,-0.6666666666666661,9.5
3793,173853,C,0.93511313,68.3037571015448,63.87174023059072,1,0.296875,-2.333333333333333,11.4
3794,192622,D,0.80814034,79.03408488932439,63.87063203386944,0,0.6423357664233577,8.333333333333332,13.636363636363637
3795,78071,C,0.9624142,66.36459738225487,63.87023123471948,1,0.3835616438356164,0.0,13.0
3796,145049,C,0.7878755,81.05971977942781,63.86496510293711,0,0.4970414201183432,5.333333333333333,11.9375
3797,13050,C,0.52845854,120.84893135661868,63.86364930215221,0,0.7686860739575138,3.6666666666666665,7.2
3798,112820,D,0.78873616,80.96765499702357,63.862117656567605,1,0.6123778501628665,11.666666666666664,13.166666666666666
3799,85721,C,0.95627785,66.78081210409631,63.86101123918581,1,0.4677419354838709,0.0,12.75
3800,80463,C,0.95627785,66.78081210409631,63.86101123918581,1,0.4677419354838709,0.0,12.75
3801,94489,C,0.68050015,93.8389677203484,63.85743158391178,0,0.3515981735159817,9.0,6.233333333333333
3802,89129,C,0.9155352,69.74824249657674,63.8569719502585,1,0.4166666666666667,3.333333333333333,13.6
3803,35996,D,0.77226484,82.68754623211166,63.85668451364207,0,0.558974358974359,15.333333333333334,8.571428571428571
3804,201267,C,0.7224684,88.38560302492839,63.85580309331305,0,0.5,5.666666666666667,8.4
3805,43388,B,0.69367045,92.05448557141015,63.85547658190762,0,0.4960629921259842,12.666666666666668,9.4
3806,101159,C,0.76768917,83.17737294325225,63.8543682689284,0,0.5287769784172662,1.0,11.63157894736842
3807,149964,C,0.5479877,116.52382737307634,63.853624100117145,0,0.6894409937888198,2.666666666666667,8.129032258064516
3808,43621,C,0.6424762,99.38454783983376,63.85220673994722,0,0.4966442953020134,-2.0,7.842105263157895
3809,53004,C,0.48130286,132.66378054865766,63.85145665142106,0,0.6206896551724138,4.333333333333334,6.645161290322581
3810,100122,C,0.73623234,86.72523225781407,63.84992071134025,0,0.7437407952871871,4.666666666666667,12.73076923076923
3811,116742,C,0.9469323,67.42683244368372,63.84864659473715,0,0.5625,0.0,12.5
3812,50581,C,0.6760529,94.44282752941112,63.84835007710782,0,0.6941896024464832,3.666666666666667,9.857142857142858
3813,193125,C,0.8071803,79.0985455906768,63.84678660886263,0,0.6122448979591837,-3.999999999999999,11.666666666666666
3814,31412,C,0.7049563,90.56502929938998,63.8443873399414,0,0.5057471264367817,2.666666666666667,10.77777777777778
3815,136138,B,0.7916755,80.64372696318198,63.84366351238942,1,0.5398550724637681,22.0,8.870967741935484
3816,129049,D,0.87354434,73.0855039884875,63.84342800646096,1,0.6176470588235294,10.666666666666666,10.3
3817,115896,C,0.70631236,90.3895768588416,63.8432752040812,0,0.7480519480519481,4.0,12.24
3818,149443,C,0.78075725,81.769574447941,63.84218794894761,0,0.4768683274021352,8.333333333333334,9.25
3819,103826,C,0.71066844,89.8338389213891,63.84207458171852,0,0.4802631578947368,13.0,8.085714285714285
3820,194106,B,0.6574866,97.0918088354252,63.83656498448634,0,0.7534013605442177,12.333333333333332,9.882352941176473
3821,126503,C,0.85998255,74.22936406417487,63.83595780349101,1,0.631578947368421,0.6666666666666661,13.666666666666666
3822,88059,D,0.7393537,86.3389129401674,63.83499614995597,1,0.5824175824175825,10.0,11.347826086956522
3823,10996,C,0.7649379,83.45101200591874,63.83484001197185,0,0.6542056074766355,1.0,8.625
3824,57371,C,0.75203896,84.88216566621647,63.83469522419769,1,0.503030303030303,8.333333333333334,11.076923076923077
3825,175767,B,0.68077385,93.76642926177102,63.83373344832808,0,0.6394052044609665,19.0,10.3125
3826,171353,C,0.531787,120.03330677594796,63.83214949911022,1,0.7236363636363636,4.666666666666667,7.212765957446808
3827,152356,D,0.6629916,96.27070113438116,63.82666457504006,1,0.5676691729323309,10.999999999999998,8.777777777777779
3828,12428,C,0.7004293,91.12382363362904,63.825797854064575,0,0.7804878048780488,4.999999999999999,9.724137931034482
3829,118456,D,0.83625805,76.3225504245603,63.82534747753834,0,0.6123595505617978,14.333333333333332,10.857142857142858
3830,53094,C,0.9698473,65.80751712469522,63.823244218629846,1,0.5263157894736842,0.3333333333333339,12.142857142857142
3831,23062,C,0.9573621,66.66410685226238,63.82169035621013,1,0.3076923076923077,0.0,12.75
3832,111248,C,0.65490836,97.45116168931236,63.82158038953695,0,0.7079276773296245,3.666666666666667,9.96551724137931
3833,152947,C,0.60497767,105.4937459234888,63.82136032687482,0,0.6204081632653061,3.333333333333334,8.434782608695652
3834,37090,C,0.7951223,80.26121438957011,63.81748342649863,1,0.5308641975308642,6.333333333333332,11.944444444444445
3835,20321,C,0.78973687,80.80228387860257,63.81254251277198,1,0.4692307692307692,7.666666666666667,11.333333333333334
3836,200193,C,0.6100636,104.59895588656047,63.81201688781329,1,0.5299539170506913,-1.3333333333333337,8.052631578947368
3837,104927,B,0.68924713,92.58202444245364,63.81189476131977,0,0.6290322580645161,16.0,10.733333333333333
3838,72181,C,0.8255983,77.29166862711176,63.81187018431808,1,0.3061224489795918,3.0,8.692307692307692
3839,58399,D,0.713232,89.46101347538543,63.80645584548088,0,0.5707762557077626,5.999999999999999,10.545454545454543
3840,39480,C,0.969662,65.80244326586616,63.80612944415918,1,0.2758620689655172,0.0,10.75
3841,101607,C,0.7821367,81.5776200437874,63.80484879694591,1,0.436241610738255,9.333333333333332,9.736842105263158
3842,179782,D,0.72236437,88.32774660349064,63.80481668025612,0,0.5811648079306072,10.333333333333334,10.16
3843,8554,C,0.7307824,87.31004813065991,63.804645612577616,0,0.4523809523809524,2.333333333333334,10.77777777777778
3844,163724,C,0.90967304,70.1401956436517,63.80464465681113,1,0.5565410199556541,-3.666666666666666,14.125
3845,174501,C,0.8144963,78.33541283388105,63.80390224854517,0,0.4496644295302013,16.333333333333332,8.675
3846,164999,C,0.963591,66.21467868111866,63.80386709265655,1,0.2985074626865671,0.0,13.0
3847,173427,C,0.7033362,90.7135814892027,63.80214381128347,0,0.4333333333333333,14.333333333333334,7.55
3848,188585,D,0.65541154,97.34298111488836,63.79971330300994,0,0.5824175824175825,13.666666666666666,9.25
3849,26067,C,0.856254,74.50913004326097,63.79873926436948,1,0.4782608695652174,-0.3333333333333339,12.9
3850,103616,C,0.8966436,71.15005442032111,63.79623944192228,1,0.5769230769230769,-3.0,13.4
3851,61066,C,0.9579825,66.59267039935445,63.79461157402194,0,0.2096774193548387,0.0,10.0
3852,52037,C,0.7527139,84.7486212361007,63.79146679385355,0,0.4492753623188406,5.666666666666667,10.8
3853,69149,C,0.72040343,88.54789940663639,63.79021070384928,0,0.3767123287671233,5.666666666666667,7.346153846153846
3854,121119,D,0.7860472,81.152136336977,63.78941118341506,1,0.6529850746268657,12.333333333333332,13.421052631578949
3855,82223,D,0.68093,93.67955764279642,63.78922291175408,0,0.675531914893617,12.666666666666668,11.3
3856,96877,D,0.77035713,82.79863733765495,63.78452078946709,0,0.5787965616045845,9.333333333333332,12.166666666666666
3857,74242,C,0.84423333,75.55152913217898,63.78311933292943,1,0.5333333333333333,-2.333333333333334,11.538461538461538
3858,159024,D,0.73713344,86.52837919065739,63.78296210078489,1,0.5637583892617449,12.0,10.161290322580646
3859,139913,C,0.7810707,81.66038004878367,63.78253096057359,0,0.3846153846153846,8.333333333333332,7.714285714285714
3860,119265,C,0.58013153,109.94108029238436,63.78028720361797,0,0.4849445324881141,6.0,5.640625
3861,87015,C,0.75909245,84.02161092063108,63.78017049861183,1,0.5606060606060606,0.333333333333333,8.033333333333333
3862,43998,C,0.8337708,76.49529206444352,63.7795417449197,1,0.5274725274725275,6.333333333333334,12.375
3863,76629,C,0.8424284,75.705059247443,63.77609088986147,1,0.4812030075187969,7.0,11.0
3864,15184,C,0.6893906,92.51049130415193,63.77586308126704,0,0.5670498084291188,5.0,9.0
3865,48571,C,0.5238534,121.74306715615582,63.7755222385023,0,0.5584988962472406,3.333333333333333,6.28
3866,123098,C,0.7381055,86.4029965010115,63.77452485178609,1,0.4729064039408867,15.0,9.413793103448276
3867,198952,B,0.7082426,90.0414099513034,63.77116185899737,1,0.8092643051771117,17.333333333333332,11.12
3868,103359,C,0.797119,79.99988059735607,63.76942653513815,0,0.2763157894736842,0.666666666666667,9.11111111111111
3869,92997,C,0.82229733,77.54865914088053,63.76805571885753,0,0.6984126984126984,4.666666666666667,11.0
3870,166791,C,0.6732064,94.71832721117728,63.76498302925413,0,0.376068376068376,4.666666666666667,7.25
3871,8627,C,0.74809086,85.23488887536601,63.76344159590194,0,0.5030120481927711,6.333333333333334,10.107142857142858
3872,2902,C,0.7928307,80.42330634326758,63.76206671825189,0,0.6329896907216495,4.666666666666666,8.772727272727273
3873,7934,C,0.9112285,69.97254830402804,63.7609786897027,1,0.4888888888888889,-1.666666666666666,11.6
3874,186309,C,0.6843482,93.16410934402208,63.75669291858655,0,0.5346534653465347,0.0,10.666666666666666
3875,165170,B,0.6939082,91.87283890507928,63.75131761201735,0,0.6842105263157895,20.33333333333333,11.578947368421051
3876,172448,C,0.7477132,85.26160664287622,63.751229439107554,0,0.3409090909090909,0.0,7.25
3877,180784,D,0.85290116,74.74189250778599,63.7474468740767,1,0.6,7.999999999999999,12.77777777777778
3878,83661,C,0.589467,108.14105189815196,63.74558025406255,0,0.6938775510204082,3.666666666666667,8.151515151515152
3879,84888,D,0.65524954,97.28415089175262,63.7453947356177,0,0.7295373665480427,6.333333333333333,9.735294117647058
3880,109570,D,0.5209349,122.36443993411947,63.743904806405006,0,0.6649484536082474,5.666666666666668,7.204081632653061
3881,127834,D,0.55383223,115.095537278565,63.74361841381138,1,0.8028169014084507,8.333333333333332,7.522727272727272
3882,158912,B,0.65226126,97.71923702086828,63.73847238908412,1,0.6040955631399317,18.0,8.514285714285714
3883,68654,C,0.9624142,66.22633359696945,63.73716420371345,1,0.2972972972972973,0.0,13.0
3884,169504,D,0.70490015,90.41899928408992,63.7363657540953,0,0.5717703349282297,9.333333333333332,9.27777777777778
3885,169107,C,0.5588998,114.03611016547516,63.73476142798391,0,0.6903765690376569,1.0,7.3
3886,62873,D,0.65136784,97.84728870996798,63.734577405194095,1,0.7631975867269984,13.0,11.79310344827586
3887,200013,C,0.4682645,136.10381668950205,63.73258435897472,0,0.6106719367588933,1.0,6.346153846153846
3888,189183,C,0.5238729,121.6512961809872,63.7298187704029,0,0.421875,-3.0000000000000004,5.066666666666666
3889,113466,C,0.5657293,112.64828614534149,63.72843832572144,0,0.6481481481481481,-0.666666666666667,7.103448275862069
3890,131781,D,0.55909574,113.97727639291372,63.7242097243594,0,0.58675799086758,8.666666666666666,7.142857142857143
3891,17217,C,0.74831176,85.15640858358093,63.72354181566966,1,0.5625,2.666666666666667,12.0
3892,174294,C,0.75372803,84.5420364162399,63.72170273876382,0,0.4324324324324324,12.0,9.416666666666666
3893,193591,C,0.75921065,83.93106094132744,63.72135500952976,1,0.4444444444444444,7.0,8.5
3894,1162,B,0.6863622,92.83866895625977,63.72095371380826,1,0.6024844720496895,14.333333333333332,9.636363636363637
3895,122429,C,0.68690515,92.7637056456668,63.7198667371198,0,0.6244239631336406,2.666666666666666,10.375
3896,150619,C,0.75142944,84.79814186084985,63.71982013205867,1,0.2741935483870967,1.333333333333334,8.333333333333334
3897,21916,C,0.5878449,108.38891212701398,63.715870103262354,1,0.6905829596412556,-1.6666666666666663,6.542857142857143
3898,76744,C,0.695556,91.60028820564258,63.71312868676953,0,0.6771084337349398,1.333333333333334,10.72
3899,52207,B,0.6202179,102.72679924312666,63.71300168802332,0,0.6569767441860465,15.333333333333332,8.761904761904763
3900,170050,C,0.68440986,93.0857795046824,63.70882502056834,0,0.3564356435643564,-0.3333333333333339,6.6
3901,205523,C,0.6870214,92.73077155018296,63.70802214762588,0,0.6519337016574586,-1.333333333333334,10.923076923076923
3902,43734,C,0.7128428,89.37107294402402,63.70752784927895,1,0.6292134831460674,3.000000000000001,10.666666666666666
3903,128217,C,0.63221765,100.7670808352622,63.70672660420314,0,0.75,0.0,7.921052631578948
3904,91391,B,0.49800208,127.91274955275576,63.70081560561716,0,0.7204724409448819,17.0,6.75
3905,145936,C,0.71980035,88.49425827664628,63.6981983504484,0,0.6666666666666666,4.000000000000001,12.392857142857142
3906,10709,C,0.8554519,74.46010211623617,63.69703448072286,1,0.65,0.0,12.071428571428571
3907,91933,B,0.7631398,83.46614901874477,63.696338961528845,0,0.5377906976744186,16.333333333333332,10.34375
3908,196330,C,0.8166641,77.99425378784937,63.69510705090463,1,0.6792452830188679,1.9999999999999991,11.714285714285714
3909,44589,D,0.6898298,92.3337498347102,63.69457461518235,0,0.7220216606498195,5.666666666666666,11.4
3910,73626,C,0.6023296,105.7467464592568,63.69439674161817,0,0.7333333333333333,0.666666666666667,9.166666666666666
3911,25825,C,0.7148142,89.10144323466251,63.69097562578128,0,0.6372881355932203,1.666666666666666,10.695652173913045
3912,91425,C,0.6461646,98.56628478739373,63.6900435968294,0,0.5054347826086957,1.3333333333333337,8.869565217391305
3913,185774,C,0.7671373,83.02237826663749,63.68956219372288,1,0.5502645502645502,1.0,11.0625
3914,196540,C,0.7663823,83.10075430546806,63.68694530602868,0,0.7511961722488039,3.666666666666667,11.961538461538462
3915,18705,B,0.7919156,80.41604013012167,63.68271630992738,0,0.6190476190476191,13.333333333333332,11.6
3916,38799,D,0.56633824,112.43539366864243,63.67646308772003,0,0.7033898305084746,5.333333333333333,8.6
3917,80163,B,0.7134574,89.2498793825793,63.67598739147781,0,0.5894736842105263,16.0,10.857142857142858
3918,129335,C,0.7059459,90.19586583802082,63.673402499163856,1,0.5371900826446281,10.0,9.7
3919,201626,D,0.83520603,76.23520587624144,63.67210378329954,1,0.6206896551724138,11.333333333333334,11.25
3920,198488,B,0.79247665,80.34436037993198,63.67102988589558,1,0.7424892703862661,11.666666666666666,13.933333333333334
3921,145115,C,0.7025422,90.62869629860064,63.67048239231758,0,0.4769230769230769,7.333333333333333,7.818181818181818
3922,101019,C,0.67938054,93.71343873975742,63.66708624886104,0,0.7398568019093079,1.666666666666666,10.966666666666669
3923,135267,C,0.7435337,85.62724708434698,63.66674135387868,0,0.452,-2.6666666666666665,8.523809523809524
3924,92274,D,0.72681576,87.59623001139802,63.666320500751546,1,0.5945945945945946,8.000000000000002,10.0
3925,4418,C,0.70009834,90.93582885229286,63.664022438896005,1,0.5757575757575758,2.666666666666666,9.548387096774194
3926,197610,D,0.686637,92.71698185415832,63.662908818215065,0,0.5859649122807018,8.333333333333332,9.685714285714283
3927,60916,C,0.708268,89.8813093343719,63.66005401090669,0,0.5704225352112676,-2.333333333333333,10.047619047619047
3928,119713,C,0.80031246,79.54260661650375,63.658939133816666,0,0.5483870967741935,3.333333333333333,12.130434782608695
3929,173450,C,0.5455004,116.69584488480596,63.6576297925208,0,0.6237623762376238,4.333333333333333,7.2
3930,137355,C,0.7227868,88.07219015094353,63.65741509419048,0,0.5128205128205128,4.0,9.02777777777778
3931,112480,C,0.58792377,108.2728529276975,63.65618336030246,1,0.4789029535864978,4.0,8.576923076923077
3932,138923,C,0.70568526,90.20316417312176,63.65504317395924,1,0.5357142857142857,10.333333333333336,9.666666666666666
3933,93715,C,0.7375645,86.30233778493312,63.653540975034495,0,0.5428571428571428,3.333333333333333,9.851851851851851
3934,185662,C,0.7293602,87.27015128596997,63.65137698716187,1,0.4285714285714285,11.333333333333334,7.388888888888889
3935,11165,C,0.69810325,91.17618284731525,63.6503894837873,0,0.4655172413793103,4.333333333333334,8.848484848484848
3936,136563,B,0.7565776,84.1281047571981,63.64944051259642,0,0.65,18.0,11.772727272727272
3937,169832,C,0.52367914,121.5401756050669,63.64805429963434,0,0.6421052631578947,3.000000000000001,8.461538461538462
3938,200730,C,0.7120778,89.38188667035384,63.64685690359132,0,0.6521739130434783,3.0,10.961538461538462
3939,15036,C,0.77852476,81.75310409222813,63.64681545092748,0,0.517948717948718,3.333333333333334,10.88888888888889
3940,44473,D,0.7004359,90.86426329168836,63.64458993270802,0,0.6007067137809188,5.999999999999999,10.379310344827584
3941,145996,C,0.77899027,81.70016559253393,63.64363394835691,0,0.5513245033112583,4.666666666666666,12.291666666666666
3942,139783,C,0.90842104,70.05951298501097,63.64353561840317,1,0.5425531914893617,-4.0,14.11111111111111
3943,75798,C,0.59658754,106.67918177574904,63.64347048816983,0,0.4210526315789473,-0.666666666666667,6.733333333333333
3944,129431,C,0.7804355,81.5482074230082,63.6431162405263,0,0.5560344827586207,-0.333333333333333,11.894736842105264
3945,65673,D,0.58878785,108.0894908637585,63.64177933512254,0,0.68,9.333333333333334,7.9
3946,28059,C,0.963591,66.04386846394456,63.63927590816816,1,0.2941176470588235,0.0,13.0
3947,53222,D,0.5414273,117.53910482478706,63.63888184833189,0,0.6330749354005168,13.0,7.085106382978723
3948,7370,C,0.82638633,77.00862103450044,63.63887190849972,1,0.4712643678160919,3.333333333333332,10.545454545454543
3949,148538,C,0.72313124,88.00368179128469,63.63821148674589,0,0.4984126984126984,10.333333333333332,9.125
3950,62317,C,0.79735976,79.81097043562924,63.6380565971321,1,0.4501845018450184,6.666666666666666,11.933333333333334
3951,32815,B,0.82271004,77.35062145046994,63.63713265339156,1,0.6579520697167756,19.666666666666668,12.133333333333333
3952,82643,C,0.87607837,72.6384806666487,63.63700154074351,1,0.5365853658536586,3.0,13.666666666666666
3953,31457,B,0.680471,93.51744983054772,63.63591288939199,0,0.7254901960784313,17.666666666666664,10.5
3954,132584,D,0.6851234,92.88230517620684,63.63583923593867,0,0.6666666666666666,7.000000000000001,10.266666666666667
3955,174809,C,0.65191466,97.61261004072382,63.63509111179943,0,0.5630252100840336,2.333333333333334,8.09375
3956,55446,C,0.7822688,81.34469051606047,63.63341524166457,1,0.4838709677419355,11.0,9.533333333333331
3957,199228,D,0.8598663,74.00282620795517,63.632537921466415,0,0.5823529411764706,6.666666666666666,11.36842105263158
3958,10712,C,0.66306484,95.96513710524796,63.63110803610996,0,0.6198704103671706,4.666666666666666,9.607142857142858
3959,162311,C,0.59791553,106.42098132030596,63.630757471042976,1,0.6807017543859649,-1.333333333333334,8.541666666666666
3960,182928,C,0.967214,65.78488579103568,63.628061756079845,1,0.2,-0.3333333333333335,8.0
3961,95278,C,0.7711347,82.51184602862091,63.62774553372626,1,0.5167785234899329,9.333333333333332,11.304347826086955
3962,203434,C,0.5517994,115.30777903000168,63.62676519151492,0,0.5117647058823529,3.333333333333333,7.72
3963,79194,D,0.76297075,83.39133407316697,63.625148331339695,0,0.6111111111111112,11.333333333333332,12.466666666666669
3964,202923,C,0.7385023,86.15175422575008,63.623270680299306,0,0.545045045045045,13.333333333333334,10.095238095238097
3965,44933,C,0.89336586,71.21650620090054,63.62239530731964,0,0.4,0.0,11.75
3966,101745,D,0.7082478,89.83056675010879,63.622299548758754,0,0.5684647302904564,6.666666666666667,9.470588235294118
3967,119790,C,0.71490234,88.99280366192723,63.62116370261998,0,0.3461538461538461,10.666666666666668,7.0
3968,142731,C,0.81263965,78.28878236452876,63.62056898795161,0,0.788135593220339,3.666666666666667,14.27777777777778
3969,175719,C,0.57887906,109.89519137226962,63.6160248999872,0,0.4303030303030303,7.666666666666666,6.105263157894737
3970,147144,B,0.7538858,84.38394878176778,63.6158612076295,0,0.6095617529880478,17.333333333333332,8.129032258064516
3971,158368,D,0.69034284,92.14879075785284,63.61425823986322,0,0.7231503579952268,12.333333333333332,11.294117647058824
3972,95230,C,0.9185887,69.25042002089423,63.612653156735206,1,0.2837837837837837,-2.666666666666667,12.8
3973,160195,C,0.8115852,78.37934916005725,63.61151881648432,0,0.5426829268292683,11.333333333333334,11.533333333333331
3974,81416,B,0.7008575,90.7603370969868,63.61006478154773,1,0.5856573705179283,17.333333333333332,9.73076923076923
3975,113809,D,0.5183037,122.72581962200066,63.609245455640185,0,0.6501650165016502,11.666666666666668,7.136363636363637
3976,189355,D,0.8065988,78.85737386391722,63.60626175288738,0,0.6779661016949152,10.0,9.923076923076923
3977,178306,D,0.6561087,96.9440988621269,63.605864484927686,0,0.5504087193460491,12.333333333333332,9.0
3978,92372,C,0.8394627,75.7696526552152,63.60579700703589,0,0.4705882352941176,1.0,13.0
3979,104957,C,0.8527625,74.58769261954453,63.60558874259375,1,0.4528985507246377,3.666666666666667,11.153846153846152
3980,118141,C,0.6643182,95.74265653247006,63.6035896267627,0,0.4130434782608695,3.0,8.347826086956522
3981,195797,D,0.6806744,93.4409719366891,63.60287508863287,0,0.6904761904761905,9.333333333333334,10.966666666666669
3982,60555,B,0.5208346,122.11689908467798,63.60270931251492,0,0.7040816326530612,18.0,7.020408163265306
3983,23262,C,0.6794676,93.60610171054402,63.60231500309556,0,0.3739130434782609,-2.333333333333333,8.833333333333334
3984,28898,D,0.74581486,85.27870317620629,63.60212405900997,1,0.5811965811965812,12.333333333333336,12.083333333333334
3985,122176,C,0.8410508,75.62136063715177,63.601406137841,0,0.5116279069767442,15.0,9.8
3986,79729,C,0.8653862,73.49369637420148,63.6004297495223,0,0.5710144927536231,2.6666666666666665,10.470588235294118
3987,106409,D,0.84922165,74.89207378700512,63.59997023259935,0,0.5944700460829493,7.333333333333333,11.916666666666666
3988,11445,D,0.6919275,91.91386753852,63.59773190280268,0,0.7524752475247525,10.0,10.8
3989,22278,C,0.6299547,100.9558214645444,63.59759379000205,0,0.660436137071651,4.333333333333334,8.972972972972974
3990,174771,C,0.8281138,76.79697734864641,63.59663630501552,0,0.3448275862068966,7.0,10.11111111111111
3991,187912,C,0.82371885,77.20498020557599,63.59519718836668,1,0.4358974358974359,12.0,8.25
3992,22508,C,0.62040925,102.502747096781,63.59365247584274,0,0.6358695652173914,-1.0000000000000004,8.666666666666666
3993,151032,C,0.74584633,85.25985643116617,63.59075111096378,0,0.5612244897959183,-2.0,8.142857142857142
3994,114854,D,0.59402364,107.04911859075077,63.58970761119684,1,0.6608695652173913,6.333333333333333,7.914285714285715
3995,161570,C,0.9576383,66.40247872455086,63.5895583892101,1,0.4285714285714285,0.0,12.75
3996,134120,B,0.7343566,86.58746922180588,63.586077956022095,1,0.656441717791411,20.33333333333333,12.73913043478261
3997,81466,D,0.7811463,81.39998265370583,63.585294286539295,1,0.8117326057298773,11.0,14.291666666666666
3998,55074,C,0.6417674,99.077783393219,63.58488972423235,0,0.572972972972973,-2.0,7.44
3999,21340,C,0.65409833,97.20709358319496,63.58299776436143,0,0.7066666666666667,0.666666666666667,9.666666666666666
4000,117092,C,0.67206925,94.60615536974852,63.58188803017058,0,0.7044444444444444,2.0,10.375
4001,183896,C,0.5516126,115.26536826613004,63.58183127568595,0,0.5223880597014925,10.333333333333336,6.95
4002,56271,C,0.4908422,129.5357087948746,63.58159142397874,0,0.6064516129032258,3.666666666666667,5.825
4003,157954,C,0.64545286,98.49720909252322,63.57530501702088,0,0.6213592233009708,2.666666666666667,10.6875
4004,58295,D,0.7159863,88.79330806209379,63.57479311955228,0,0.583941605839416,7.666666666666666,11.0
4005,114352,C,0.8093613,78.54740294866609,63.57322651350693,0,0.4754098360655737,-0.666666666666667,11.333333333333334
4006,144248,C,0.69588894,91.35336665742192,63.57179717072052,0,0.7767857142857143,4.666666666666666,11.074074074074074
4007,36443,D,0.6569229,96.76714807279316,63.568553295085074,0,0.6194690265486725,8.666666666666666,9.451612903225806
4008,39121,C,0.7088957,89.67033981103366,63.56691681106134,0,0.7553719008264462,2.666666666666666,12.434782608695652
4009,160500,C,0.6785329,93.68106868027826,63.56568705927962,1,0.4977777777777777,0.666666666666667,8.4
4010,196008,D,0.6727311,94.48225507006713,63.561151526709885,1,0.6892857142857143,6.333333333333333,10.923076923076923
4011,194538,D,0.71768904,88.5570095091896,63.55639490285387,0,0.6091954022988506,12.666666666666668,10.565217391304348
4012,25626,B,0.6789757,93.60187658498552,63.5533998002905,0,0.60546875,13.666666666666668,9.258064516129032
4013,46577,B,0.7536736,84.32462651374496,63.55324593551405,0,0.639344262295082,13.999999999999998,12.4
4014,188153,D,0.80451053,78.99417772202479,63.55164808700146,1,0.7545454545454545,12.0,8.0
4015,155574,D,0.77636987,81.85629075684082,63.55075778975175,0,0.5532646048109966,13.666666666666668,11.535714285714286
4016,36461,C,0.7116724,89.2946938053721,63.548571304218406,0,0.7142857142857143,6.333333333333333,12.0
4017,31222,C,0.7566505,83.98625148676592,63.548239806293466,1,0.4166666666666667,-0.6666666666666661,10.285714285714286
4018,107135,C,0.83196944,76.38246522976871,63.54787682175975,0,0.7111111111111111,1.666666666666666,13.76923076923077
4019,165801,C,0.8111866,78.33806722775813,63.54679131788102,1,0.4166666666666667,8.333333333333332,9.538461538461538
4020,70744,D,0.6649104,95.56730855759533,63.54369507321287,0,0.6875,10.0,10.5
4021,153262,C,0.83768183,75.85577489326077,63.54300432329566,1,0.546875,5.333333333333334,11.545454545454543
4022,165591,C,0.6956597,91.34099081544662,63.54224599945172,0,0.677734375,3.0,11.592592592592592
4023,174998,C,0.7497771,84.74817577112685,63.54223964877351,1,0.3538461538461538,6.333333333333334,8.5
4024,108665,C,0.61458254,103.3894381291557,63.54134335033383,0,0.6863905325443787,0.0,8.5
4025,74776,C,0.77092475,82.42216464148657,63.54128642262297,0,0.4909090909090909,6.666666666666666,11.846153846153848
4026,55141,C,0.5252475,120.97335989285624,63.54095657393866,0,0.5303030303030303,4.333333333333333,6.9523809523809526
4027,121335,D,0.7010507,90.63418464551071,63.539158477021815,1,0.5727611940298507,5.000000000000001,9.941176470588236
4028,26621,C,0.7317366,86.83316012173275,63.53900138938024,0,0.3153153153153153,1.0,8.0
4029,64353,B,0.719822,88.26912300831852,63.53805573847094,0,0.6218905472636815,16.333333333333332,11.857142857142858
4030,138228,C,0.8263842,76.8847380162157,63.53633169860896,0,0.3259259259259259,7.666666666666667,9.555555555555555
4031,184491,C,0.8360172,75.99828829593702,63.535875533141656,0,0.5666666666666667,2.666666666666668,12.846153846153848
4032,110707,C,0.6525517,97.36498058544012,63.53568463411205,0,0.3157894736842105,-2.0,8.777777777777779
4033,146609,B,0.65685445,96.72494199556172,63.53420864374203,0,0.5194174757281553,13.333333333333332,8.078947368421053
4034,146818,D,0.75037277,84.6700785989374,63.53412119836034,0,0.5802816901408451,15.333333333333336,12.0
4035,73674,C,0.5794588,109.64311213486992,63.53366324049984,0,0.6330935251798561,1.9999999999999991,8.235294117647058
4036,120691,D,0.80677307,78.75007546297715,63.53343987000189,0,0.5598290598290598,5.666666666666666,10.272727272727272
4037,87186,B,0.69931614,90.85072483222946,63.53337856833154,1,0.6700680272108843,15.333333333333332,11.181818181818182
4038,166891,C,0.95614684,66.4464732218956,63.53258515313389,1,0.4137931034482758,0.0,12.5
4039,109205,B,0.7769318,81.76995449511483,63.52967975527415,0,0.65,18.0,11.428571428571429
4040,191012,C,0.5080925,125.03470916106392,63.52920079284738,0,0.6285140562248996,2.333333333333333,5.915254237288136
4041,66024,C,0.5274114,120.45270810436728,63.52813156830986,0,0.7323529411764705,0.0,6.63265306122449
4042,78760,B,0.7592615,83.66992643625343,63.52735292335561,0,0.5646551724137931,15.333333333333332,11.8
4043,114636,B,0.76267684,83.29262255267608,63.52535375233214,1,0.5294117647058824,17.333333333333336,11.25
4044,88220,D,0.73147666,86.84280570703703,63.52348585815244,1,0.5869565217391305,8.666666666666666,10.72
4045,201498,C,0.48335487,131.41854934806435,63.521795376370925,0,0.684085510688836,4.666666666666667,7.1
4046,176003,C,0.7952647,79.87459910124105,63.5214507625856,1,0.458,4.999999999999999,11.68421052631579
4047,67722,D,0.66129816,96.0496697731094,63.51746948467776,0,0.6646884272997032,11.000000000000002,9.558823529411764
4048,54964,C,0.7441938,85.34969574015525,63.51671374819925,0,0.5061728395061729,0.0,9.419354838709678
4049,134840,C,0.7431333,85.47040941967606,63.51590796023432,0,0.6321243523316062,4.333333333333334,12.181818181818182
4050,184131,D,0.8676766,73.20222694185783,63.51586053571456,0,0.5892857142857143,8.666666666666668,10.285714285714286
4051,159287,D,0.7382244,86.03663566948835,63.514342641180605,1,0.6115702479338843,11.666666666666668,12.208333333333334
4052,106149,C,0.75986046,83.58611127621322,63.513780628760685,1,0.5424657534246575,7.999999999999999,11.035714285714286
4053,116688,D,0.7859549,80.8092632274402,63.51243580386413,0,0.708904109589041,12.333333333333336,12.91304347826087
4054,142549,B,0.6865619,92.50543306808864,63.51070426832357,1,0.7266514806378133,13.333333333333332,11.181818181818182
4055,165918,C,0.972839,65.28303051280719,63.50987798009502,1,0.3636363636363636,0.6666666666666661,13.2
4056,166733,C,0.87661684,72.44342885638216,63.50512936367363,0,0.449438202247191,7.666666666666668,10.642857142857142
4057,143134,C,0.64621323,98.27020613245138,63.50350765870492,0,0.6386554621848739,1.666666666666666,9.147058823529411
4058,205612,D,0.6808581,93.2660169003574,63.50092078740259,1,0.7518796992481203,12.666666666666664,11.19047619047619
4059,167587,B,0.5153467,123.2169183558263,63.49943298749314,0,0.8659420289855072,12.000000000000002,6.760869565217392
4060,129612,B,0.76761836,82.7203363391215,63.4976487650299,1,0.6366120218579235,13.666666666666668,12.958333333333334
4061,85915,D,0.6301969,100.75461572896576,63.49524941274933,1,0.8,13.333333333333336,7.657894736842105
4062,24902,C,0.71921223,88.28288903705662,63.49413385010184,1,0.4007352941176471,5.0,8.6
4063,191851,D,0.70892215,89.55930145789074,63.49057234059413,1,0.7077625570776256,7.666666666666666,12.166666666666666
4064,198476,C,0.7214534,88.00368276047563,63.4905586277927,0,0.4857142857142857,9.333333333333332,10.142857142857142
4065,38853,C,0.75733304,83.8328393981616,63.48937913314565,1,0.5892857142857143,4.333333333333333,12.428571428571429
4066,189919,C,0.9320597,68.11542316240225,63.4876412362328,1,0.4444444444444444,2.666666666666667,11.714285714285714
4067,97677,B,0.68253976,93.01511179614133,63.4865121809062,1,0.7484662576687117,20.33333333333333,12.68
4068,133199,C,0.79174125,80.18391920229314,63.48491657512004,0,0.4198473282442748,-2.0,11.77777777777778
4069,137635,C,0.6911264,91.8560041613928,63.4841100432924,0,0.6888888888888889,-0.333333333333333,11.62962962962963
4070,42357,C,0.9579791,66.26804871195596,63.48340454133572,1,0.3823529411764705,0.3333333333333321,12.8
4071,157427,C,0.73579025,86.27881320759553,63.483109771425816,1,0.6141304347826086,3.666666666666667,11.956521739130435
4072,110746,D,0.7909825,80.25584460402257,63.48096738601731,0,0.605543710021322,10.0,11.172413793103448
4073,189263,C,0.7488005,84.76813178183436,63.47442082948967,0,0.6416510318949343,0.6666666666666661,11.448275862068966
4074,32391,D,0.7379871,86.00993320189271,63.4742212675801,1,0.5869565217391305,9.0,11.565217391304348
4075,127328,C,0.7917015,80.17437670158041,63.47417394724171,1,0.5040322580645161,6.666666666666667,8.342857142857143
4076,106677,D,0.7840114,80.95716142401453,63.47133937766888,0,0.6933701657458563,14.0,11.391304347826088
4077,113024,C,0.59147996,107.30517616867805,63.46886099725779,1,0.6060606060606061,3.666666666666666,8.277777777777779
4078,972,D,0.82642746,76.79791614242626,63.46790674912892,0,0.625,11.333333333333332,9.571428571428571
4079,52178,B,0.78676856,80.66667390425668,63.46600251602964,0,0.584,16.666666666666664,11.428571428571429
4080,181503,D,0.72311383,87.76572733880644,63.46461166506073,0,0.5585585585585585,7.666666666666667,10.6
4081,179648,C,0.7644281,83.0204187555174,63.46313923770438,0,0.5410628019323671,0.3333333333333339,10.142857142857142
4082,45613,D,0.61169285,103.74871637379808,63.46234756900381,0,0.7240437158469946,10.666666666666668,8.368421052631579
4083,56114,C,0.72776365,87.20017317761142,63.461116556663065,0,0.5128205128205128,-0.6666666666666661,10.285714285714286
4084,42508,C,0.7233149,87.73593084281829,63.46070440549117,0,0.4195402298850574,9.666666666666666,8.55
4085,48510,C,0.5296035,119.82413735562704,63.45928028643768,0,0.3811188811188811,0.6666666666666665,5.333333333333333
4086,49086,C,0.7992441,79.39845495969695,63.458747137426,0,0.6078431372549019,0.6666666666666665,10.0
4087,194225,C,0.8792882,72.1671723884061,63.45574286050474,0,0.4836065573770491,0.333333333333333,12.071428571428571
4088,103807,C,0.75352156,84.21097779836018,63.454787496388114,0,0.4700854700854701,8.333333333333334,9.666666666666666
4089,12541,C,0.8343386,76.05299156953159,63.45394692291756,1,0.5035460992907801,2.333333333333333,11.125
4090,166658,B,0.7554027,84.0001010391251,63.45390179901171,0,0.6265822784810127,15.333333333333334,12.8
4091,79062,D,0.814517,77.90140269353124,63.45201846761631,0,0.5870646766169154,13.0,9.5625
4092,162452,C,0.7757077,81.79821134844376,63.45150416507115,0,0.453125,9.333333333333334,10.263157894736842
4093,54880,D,0.7498452,84.61912081724651,63.45124214315525,0,0.7837837837837838,8.666666666666666,12.764705882352942
4094,142754,C,0.58532095,108.40313065395446,63.450623369047015,0,0.5,-9.333333333333334,5.125
4095,59684,C,0.7619241,83.27669768827026,63.45052193789122,0,0.4937238493723849,8.666666666666666,8.272727272727273
4096,74383,C,0.65592694,96.73347301336676,63.45009122253299,0,0.7593457943925234,2.0,10.3125
4097,105271,C,0.7058154,89.89570494373298,63.449770682376176,0,0.6401098901098901,2.333333333333332,10.592592592592592
4098,109858,D,0.70128775,90.47585720230136,63.44961000367405,0,0.6798029556650246,10.333333333333332,11.307692307692308
4099,106444,D,0.63521326,99.88341446325472,63.44726890984157,0,0.7068965517241379,10.0,9.142857142857142
4100,76966,C,0.947413,66.96732906719166,63.44571996084125,1,0.6122448979591837,1.9999999999999991,11.625
4101,113418,C,0.73336846,86.51255124006491,63.44557615901,0,0.5107913669064749,12.666666666666664,10.25
4102,22831,C,0.66316694,95.66945958606615,63.44482278545099,0,0.5241379310344828,5.0,8.866666666666667
4103,193982,B,0.5379163,117.94028358396734,63.44200128263272,0,0.7247706422018348,15.666666666666668,5.928571428571429
4104,162636,C,0.8062434,78.68331256777272,63.4379029938119,1,0.4210526315789473,5.666666666666667,10.0
4105,177549,B,0.77951866,81.37204854269258,63.43103055743936,0,0.5427509293680297,15.666666666666668,12.0
4106,48851,C,0.71637493,88.53691172828024,63.42562427108793,0,0.6038961038961039,0.0,10.846153846153848
4107,73388,D,0.7646715,82.93811586729028,63.420413840431166,0,0.589622641509434,6.333333333333334,12.428571428571429
4108,64223,C,0.8091372,78.37947245142493,63.41974884815008,0,0.6099476439790575,3.333333333333334,10.79310344827586
4109,19114,D,0.70544577,89.89923026906456,63.419031400333104,0,0.7041742286751361,7.0,11.875
4110,14196,C,0.66816336,94.91419883630508,63.41818992693853,0,0.6402877697841727,-1.0000000000000004,8.972222222222221
4111,96366,C,0.6135507,103.3602631685864,63.416764155112034,0,0.7769230769230769,2.333333333333333,8.416666666666666
4112,81872,C,0.7030297,90.20398546886778,63.41608013695626,1,0.4166666666666667,2.666666666666667,9.6
4113,54188,C,0.7397872,85.72172760945274,63.41583864364954,0,0.54,3.666666666666666,11.5
4114,188477,C,0.81251794,78.04770757206151,63.41516265607147,1,0.3928571428571428,8.666666666666666,8.8
4115,150913,C,0.686172,92.41616562432095,63.41338598564016,0,0.495049504950495,7.999999999999999,9.238095238095235
4116,108817,C,0.7552405,83.96173592532855,63.41130341887108,0,0.6512345679012346,2.333333333333332,12.636363636363637
4117,26189,C,0.75749534,83.70931990488118,63.40942005099815,0,0.4933333333333333,9.666666666666668,10.31578947368421
4118,205025,C,0.7279639,87.10385139972685,63.408461495992846,0,0.4811320754716981,8.333333333333332,9.8
4119,59562,B,0.77762884,81.54072187080183,63.40841688091498,0,0.5795454545454546,18.33333333333333,10.75
4120,26097,C,0.886726,71.50828066103405,63.4082532339327,0,0.3829787234042553,7.333333333333333,10.0
4121,170595,C,0.7244617,87.52083836130109,63.40549312952256,0,0.5775193798449613,-1.333333333333333,11.275862068965518
4122,24198,D,0.74279,85.36107335895406,63.405350293127945,0,0.6528497409326425,9.0,12.473684210526317
4123,178135,C,0.73024285,86.82432372071851,63.40284146390003,0,0.45,-2.333333333333334,10.88888888888889
4124,114818,D,0.5478856,115.721245224183,63.40200349655533,0,0.5914893617021276,5.333333333333333,8.88
4125,96198,C,0.8732206,72.60510226151672,63.40027259634716,1,0.4339622641509434,-2.333333333333333,13.6
4126,174151,C,0.7999377,79.25650725696909,63.40027011190702,0,0.4705882352941176,0.3333333333333321,12.5
4127,61729,C,0.89884466,70.5347952910331,63.39982404417137,1,0.5952380952380952,-1.666666666666666,13.2
4128,42683,D,0.65366924,96.98639391637144,63.3970222164611,0,0.7894736842105263,9.666666666666668,9.194444444444445
4129,68125,C,0.6485367,97.75307068698284,63.39645213124829,1,0.5868544600938967,-2.666666666666667,10.214285714285714
4130,114328,D,0.711021,89.16181479436176,63.39592326144255,0,0.64,7.333333333333332,10.521739130434783
4131,9364,C,0.7277535,87.11031128279086,63.39483566538354,0,0.5040650406504065,5.666666666666668,9.962962962962964
4132,164533,C,0.7643663,82.93748667635434,63.39462220376019,0,0.3928571428571428,9.0,8.25
4133,32243,C,0.9242344,68.59009893745109,63.39332826924512,1,0.2857142857142857,1.666666666666667,13.0
4134,186437,D,0.7331833,86.46246896594573,63.39284042683728,0,0.5514511873350924,11.666666666666668,9.933333333333334
4135,190025,C,0.7134577,88.85168934991181,63.391922243715065,0,0.6852589641434262,1.0,10.714285714285714
4136,164836,C,0.6978344,90.8358669847586,63.388390239659785,0,0.5068493150684932,9.0,9.324324324324325
4137,95696,C,0.9055434,70.00032445523034,63.38833089382133,1,0.6142857142857143,-0.6666666666666661,12.0
4138,51928,D,0.56549233,112.09274650895615,63.38758862157858,1,0.6666666666666666,5.666666666666668,7.323529411764706
4139,126457,C,0.7903788,80.19364854844099,63.38336042709415,0,0.46,9.333333333333332,10.0
4140,107714,C,0.6525675,97.12818566280303,63.3826978643986,0,0.651685393258427,3.0,9.4
4141,24541,C,0.5979866,105.9906797140635,63.38100396188067,0,0.6367041198501873,4.333333333333333,8.5625
4142,139,C,0.9558615,66.3077032344378,63.38098126180127,1,0.3529411764705882,0.0,12.5
4143,84129,C,0.9455116,67.03351208370678,63.38096189060623,0,0.5116279069767442,-0.3333333333333321,12.666666666666666
4144,180604,C,0.6410943,98.86243175455168,63.38014414859464,0,0.323943661971831,11.0,6.2727272727272725
4145,75974,C,0.5651083,112.15427559466474,63.37931193551916,0,0.5625,3.333333333333334,7.739130434782608
4146,27022,C,0.7330096,86.46431681452272,63.37917227629699,0,0.5384615384615384,11.0,10.09375
4147,175977,C,0.6571081,96.44573349213468,63.375275395434905,0,0.5,10.666666666666668,8.4375
4148,135095,D,0.6457106,98.14331549622044,63.37217790841212,1,0.7465034965034965,10.333333333333332,10.787878787878787
4149,3492,D,0.5374526,117.905241757259,63.36847620636527,0,0.6541353383458647,13.666666666666666,7.212765957446808
4150,36857,C,0.7598298,83.39677607168659,63.367357284614585,1,0.7,4.0,13.19047619047619
4151,6832,C,0.85533106,74.08404116702938,63.36638170277584,1,0.5760869565217391,-1.333333333333332,13.6
4152,39705,D,0.7013603,90.34758918332432,63.366210924169486,1,0.6153846153846154,9.0,10.0
4153,67767,C,0.59647423,106.23432012634022,63.36603432768279,0,0.7317518248175182,4.999999999999999,8.555555555555555
4154,43996,C,0.53133565,119.25781263301546,63.36592761649529,0,0.5467836257309941,3.666666666666667,7.071428571428571
4155,31197,C,0.8667011,73.11084940359885,63.36525550812668,1,0.6971153846153846,0.0,14.333333333333334
4156,204834,D,0.67223734,94.25773405538564,63.36356809869817,0,0.6823529411764706,14.333333333333332,10.090909090909092
4157,201702,C,0.9485195,66.80171901281152,63.3627349817514,1,0.3043478260869565,4.666666666666667,12.8
4158,37279,C,0.6160649,102.84710945969331,63.36049483403022,1,0.543859649122807,-0.666666666666667,8.642857142857142
4159,41206,C,0.63688594,99.4787793013419,63.35663596771105,0,0.6859122401847575,-2.0,8.571428571428571
4160,140714,B,0.7454804,84.98741094632936,63.35645065445201,0,0.5120772946859904,20.33333333333333,10.705882352941176
4161,92354,C,0.68697184,92.2217411874798,63.35373953060917,1,0.7625418060200669,3.333333333333333,11.428571428571429
4162,83681,C,0.8070916,78.4933981950981,63.35136184753624,0,0.4811320754716981,9.666666666666666,11.0
4163,170162,C,0.61780334,102.5384398597092,63.34859013048906,0,0.4674922600619195,5.666666666666667,5.621621621621622
4164,75192,C,0.73380077,86.32915514123576,63.34840041700258,0,0.4311594202898551,9.0,9.61111111111111
4165,73459,D,0.6787349,93.32751302367224,63.34464008565119,0,0.6379310344827587,9.666666666666668,10.617647058823527
4166,34598,C,0.90851957,69.71753651105936,63.33974601773799,1,0.3787878787878788,0.0,13.0
4167,173518,C,0.7625593,83.06037961008042,63.338464493028894,0,0.5414364640883977,3.666666666666666,11.08695652173913
4168,1758,D,0.68668735,92.23456766761632,63.33631087526338,1,0.7575757575757576,11.333333333333336,11.652173913043478
4169,178914,B,0.6723881,94.19589371401749,63.33619581515124,0,0.5212355212355212,20.333333333333336,8.655172413793103
4170,56253,C,0.66870254,94.71112203684352,63.33356813575747,0,0.4896551724137931,9.333333333333334,8.933333333333334
4171,178184,D,0.66334987,95.475345850847,63.33355795924638,1,0.5966850828729282,6.333333333333333,10.571428571428571
4172,137010,C,0.6773393,93.50340412705732,63.33353174033967,0,0.6484149855907781,0.0,10.12121212121212
4173,185020,C,0.7952919,79.63412113759598,63.33237155489788,1,0.48,13.0,10.545454545454543
4174,139099,C,0.6971197,90.8483561455546,63.33217994722933,0,0.7953736654804271,0.3333333333333339,11.566666666666666
4175,186365,D,0.7726857,81.96331608071986,63.33188280237634,1,0.5612648221343873,10.666666666666664,12.11111111111111
4176,124569,C,0.57453436,110.22931647826512,63.33052942064591,0,0.6091370558375635,0.0,7.842105263157895
4177,46683,C,0.80286473,78.87993118557628,63.32991468197506,0,0.6923076923076923,2.0000000000000004,10.620689655172416
4178,179736,D,0.7724797,81.97168776711358,63.3214658374411,0,0.6326530612244898,10.333333333333332,12.538461538461538
4179,160258,C,0.83497375,75.83396056792608,63.319366622234135,1,0.5594405594405595,-1.0,11.8
4180,90578,C,0.7941552,79.73092031985283,63.31872341439648,0,0.6,4.000000000000001,9.384615384615383
4181,35774,C,0.63786197,99.26518004186003,63.31748300472542,0,0.3870967741935484,-1.333333333333334,9.25
4182,124970,C,0.64902735,97.54648836896776,63.31033861036174,1,0.5040485829959515,-1.9999999999999991,9.523809523809524
4183,169375,C,0.8528674,74.23175913560144,63.30984922919898,0,0.3236994219653179,2.0,10.214285714285714
4184,101018,C,0.7305955,86.65276341034948,63.30812152997958,0,0.5763239875389408,0.333333333333333,11.766666666666667
4185,59462,D,0.8033001,78.80967974562893,63.307822255928855,1,0.6071428571428571,9.666666666666668,12.133333333333333
4186,72464,C,0.70477355,89.82684748383964,63.30758576118188,0,0.5106382978723404,9.666666666666664,10.25
4187,153529,D,0.4297002,147.32565645859944,63.305863425052806,0,0.8093126385809313,13.666666666666666,4.821917808219178
4188,105848,D,0.8046982,78.67012571753547,63.30571082721093,0,0.7065217391304348,8.333333333333332,12.166666666666666
4189,172412,C,0.9194961,68.84678108576247,63.30434801554126,1,0.3174603174603174,1.666666666666667,13.0
4190,93126,C,0.5439349,116.38121485484731,63.30380233267983,0,0.5268817204301075,2.333333333333333,6.066666666666666
4191,134106,C,0.6088434,103.97127266408444,63.30222171354326,0,0.6075949367088608,-1.0,7.6
4192,44429,D,0.7567522,83.64982451573707,63.30218814418187,0,0.6007462686567164,9.333333333333332,12.5
4193,19702,C,0.6473185,97.78022594733048,63.29494746885601,0,0.7174603174603175,3.0,9.205882352941176
4194,44584,D,0.73373234,86.26268183037543,63.29371962871408,0,0.6055045871559633,5.666666666666666,11.916666666666666
4195,10105,D,0.85207355,74.27894788951319,63.2911268351436,0,0.648,14.666666666666668,10.095238095238097
4196,89640,C,0.57049024,110.93989431454445,63.29012704964589,1,0.5833333333333334,3.6666666666666665,7.428571428571429
4197,38256,C,0.9698517,65.25511120775592,63.28777875376361,1,0.360655737704918,0.0,11.75
4198,11795,C,0.6534678,96.837091856298,63.279918893848766,0,0.75,1.9999999999999991,10.266666666666667
4199,34258,C,0.7177644,88.1619961959169,63.27954032700637,0,0.6308243727598566,2.0,11.692307692307692
4200,90479,D,0.79883236,79.2111177227875,63.27640386553654,0,0.6637168141592921,12.666666666666666,10.037037037037036
4201,90720,B,0.68321395,92.61365943337869,63.27494401166582,0,0.7464387464387464,11.333333333333334,12.333333333333334
4202,43570,C,0.6309925,100.27776865751063,63.27451714907283,0,0.5968586387434555,4.333333333333334,8.55
4203,143084,C,0.79513955,79.57559821195258,63.273705445756896,0,0.536697247706422,9.333333333333334,8.217391304347826
4204,160052,C,0.8165412,77.48946475876554,63.27334014750598,0,0.5397727272727273,4.333333333333334,11.4375
4205,38912,C,0.7576459,83.51271566119732,63.27306703762645,1,0.5666666666666667,2.333333333333333,11.76923076923077
4206,103048,C,0.51702076,122.37980330778288,63.27289915552543,0,0.7491803278688525,1.666666666666667,6.977777777777778
4207,128382,C,0.9153669,69.12251930579374,63.27246539086227,1,0.3636363636363636,-2.000000000000001,12.8
4208,86814,B,0.67821664,93.2921961814004,63.27231947607589,1,0.7536764705882353,18.33333333333333,10.545454545454543
4209,163878,C,0.7225466,87.56657988289084,63.2709325937012,1,0.5462962962962963,6.333333333333333,10.15625
4210,25812,C,0.43239442,146.31947541526793,63.26772399579863,0,0.6614832535885168,-0.333333333333333,5.4603174603174605
4211,180982,B,0.6189727,102.21354905541322,63.2673983484064,0,0.6956521739130435,11.0,8.65
4212,150174,C,0.7328141,86.33355442854213,63.26644370592031,1,0.5632183908045977,4.666666666666666,11.384615384615383
4213,54408,C,0.5258247,120.31473185127987,63.264460864693504,0,0.5287206266318538,7.0,6.155172413793103
4214,60474,C,0.6779552,93.31461333225454,63.263128297230175,0,0.6898148148148148,2.0,11.93103448275862
4215,82373,D,0.57867235,109.32372083792625,63.26261438822366,0,0.7289156626506024,6.666666666666667,8.136363636363637
4216,88585,C,0.6932994,91.24859648171986,63.26259835297186,1,0.6696165191740413,-2.333333333333334,11.4
4217,72065,D,0.820013,77.14676742188007,63.26135116478055,0,0.5783132530120482,8.0,10.862068965517242
4218,37467,C,0.54654074,115.7461661860263,63.25999498984024,0,0.551440329218107,3.333333333333333,7.12
4219,145634,D,0.580421,108.98668356898789,63.25815669410834,0,0.6118811881188119,12.333333333333332,7.931818181818182
4220,130405,B,0.77872247,81.23280935555515,63.25781354334415,0,0.7259615384615384,17.666666666666668,13.63157894736842
4221,133964,C,0.9526762,66.39678313663973,63.254633525361385,1,0.1666666666666666,-4.666666666666667,10.0
4222,72384,C,0.6090752,103.8528469273565,63.25419233274627,0,0.6967741935483871,0.3333333333333339,8.5625
4223,114722,C,0.87088615,72.63079327679193,63.25315171199467,0,0.4516129032258064,-1.333333333333334,11.846153846153848
4224,151188,D,0.81676024,77.44288973773129,63.252273362231946,0,0.603448275862069,10.666666666666668,11.2
4225,172351,D,0.56841904,111.27644403244896,63.251649408016505,0,0.7242524916943521,6.333333333333333,8.36
4226,111268,C,0.9001348,70.26624797562037,63.24909519930559,1,0.3548387096774194,-0.666666666666667,12.4
4227,184513,D,0.7045433,89.772499813677,63.248612596697264,0,0.6466666666666666,11.0,11.038461538461538
4228,51123,C,0.6545625,96.62560610855373,63.24749571824815,1,0.4299065420560747,6.333333333333334,6.25
4229,21160,B,0.70516557,89.69158966216675,63.247420501115386,0,0.6078431372549019,20.0,10.0
4230,175156,C,0.46557835,135.84685408667457,63.24735383121273,0,0.6491803278688525,5.0,6.636363636363637
4231,44822,D,0.7158472,88.34636174265553,63.24249517079823,0,0.6763848396501457,5.000000000000001,11.75
4232,69904,C,0.7242253,87.32097024351796,63.24005435754902,0,0.662379421221865,-0.3333333333333339,12.0
4233,140221,B,0.7740092,81.70403287225292,63.23967538773252,0,0.7792207792207793,20.666666666666664,8.882352941176471
4234,139745,D,0.6797701,93.02989172327808,63.23893991958399,0,0.5837837837837838,6.333333333333333,10.333333333333334
4235,25783,D,0.586454,107.82891701481618,63.23669692208662,0,0.5938069216757741,6.000000000000001,8.0
4236,32817,C,0.91604334,69.03113965542,63.23551581402113,1,0.4444444444444444,-5.0,11.166666666666666
4237,15893,C,0.9106504,69.43956544567747,63.235166139704575,0,0.4042553191489361,5.999999999999999,11.75
4238,103391,B,0.70641136,89.51007869221931,63.23093657433781,1,0.7452667814113597,21.0,12.16
4239,58719,C,0.7356237,85.95503099995189,63.2305594255128,1,0.6317829457364341,-1.666666666666667,12.391304347826088
4240,162239,C,0.83350646,75.86047771209988,63.230198607852,0,0.5,-1.666666666666666,12.833333333333334
4241,107464,C,0.760989,83.08889677664702,63.229737327805736,1,0.5714285714285714,3.0,11.857142857142858
4242,28256,B,0.7898174,80.05521625952547,63.22900218822644,1,0.5121951219512195,26.666666666666668,8.272727272727273
4243,181725,D,0.78473055,80.57199009948162,63.22730239759652,0,0.605,5.000000000000001,12.64
4244,960,D,0.6147071,102.85651756228596,63.22663289321392,0,0.551948051948052,12.666666666666664,7.722222222222222
4245,47573,C,0.8545583,73.98677219331915,63.22600945793305,0,0.5069767441860465,-1.333333333333334,12.636363636363637
4246,180598,C,0.72524196,87.1787803890252,63.22570948084952,1,0.6,0.3333333333333339,11.357142857142858
4247,187506,D,0.6976412,90.62770447976018,63.22561995066106,0,0.7401247401247402,10.0,12.090909090909092
4248,79417,C,0.73993576,85.44268877610888,63.222100491125566,1,0.4538461538461538,6.999999999999999,11.666666666666666
4249,76882,C,0.69919866,90.419993400435,63.22153851527551,0,0.6365914786967418,3.0,10.96875
4250,15219,C,0.66665673,94.83009441698316,63.21912089230681,0,0.5321100917431193,-0.6666666666666665,8.133333333333333
4251,198396,D,0.80277073,78.75026502320299,63.21840804224454,1,0.7338129496402878,13.0,11.73076923076923
4252,157304,C,0.83009243,76.1564541885211,63.21689612627181,1,0.4141414141414141,13.666666666666666,9.333333333333334
4253,142301,C,0.8260577,76.52560988751961,63.21456719037414,1,0.3703703703703703,5.999999999999999,9.75
4254,85782,D,0.76998913,82.09669070225978,63.21355968624617,0,0.5578512396694215,5.666666666666666,11.842105263157896
4255,148414,C,0.68314326,92.52982433553468,63.21112566751552,0,0.6744186046511628,4.333333333333332,11.107142857142858
4256,163115,C,0.5551919,113.85319267179749,63.21036745773049,1,0.5608695652173913,0.0,7.12
4257,103215,C,0.74767894,84.54212655998874,63.21036719362906,0,0.4726027397260274,2.333333333333333,10.909090909090908
4258,76367,C,0.6066192,104.19817269490488,63.208609999408935,0,0.6045197740112994,-0.666666666666667,7.52
4259,28375,C,0.91805446,68.84902628079415,63.20715574558086,1,0.3421052631578947,0.666666666666667,13.0
4260,23813,B,0.7767661,81.37150836172606,63.20663094158699,0,0.5015873015873016,17.666666666666668,10.56
4261,96488,D,0.61691827,102.45366000074374,63.20553425452458,0,0.6872964169381107,6.333333333333334,9.028571428571428
4262,198939,B,0.6788364,93.10369111649696,63.20217499556644,0,0.6260162601626016,16.333333333333332,9.6875
4263,32714,C,0.7118943,88.77925697271745,63.20144466736173,0,0.5185185185185185,1.0,10.866666666666667
4264,116353,C,0.685459,92.19915309261584,63.19874091657834,0,0.610655737704918,2.666666666666667,9.678571428571429
4265,141574,C,0.72011733,87.75163373264137,63.19147223505173,0,0.5921052631578947,2.0,11.37037037037037
4266,157169,C,0.68559456,92.17019600530524,63.19138485700791,1,0.6794871794871795,2.333333333333332,11.137931034482758
4267,165192,C,0.70233834,89.96998583447694,63.189370311716026,1,0.3972602739726027,7.666666666666667,7.263157894736842
4268,191587,C,0.78521925,80.47185292259329,63.1880481677466,1,0.5495049504950495,12.666666666666668,11.583333333333334
4269,7266,C,0.7053655,89.58147878727316,63.18768269363802,0,0.4625850340136054,1.333333333333334,10.615384615384617
4270,110704,C,0.8293753,76.18639765238737,63.18711843797494,0,0.7264150943396226,4.666666666666668,12.85
4271,167918,C,0.961894,65.68986514943921,63.186685554071104,1,0.3103448275862069,0.0,12.75
4272,186660,D,0.48765045,129.57319950678428,63.18642957146147,0,0.6240713224368499,7.666666666666666,6.826923076923077
4273,75381,D,0.65510684,96.447691183084,63.18354243908711,0,0.5957446808510638,6.000000000000001,9.35
4274,205722,B,0.7877101,80.20988785150301,63.18213642313134,0,0.6681222707423581,20.666666666666668,10.64
4275,104769,B,0.7177318,88.02874949655542,63.18103052625069,0,0.5476190476190477,13.666666666666664,10.416666666666666
4276,70864,C,0.5553962,113.75414695852726,63.17862086700504,0,0.6524390243902439,3.333333333333333,7.538461538461538
4277,47608,C,0.55284786,114.27681901810016,63.17769509816144,0,0.7611940298507462,0.666666666666667,8.28125
4278,173081,C,0.9101797,69.40903704654446,63.17469475508594,0,0.3608247422680412,4.999999999999999,10.77777777777778
4279,6774,D,0.5934911,106.44226048777156,63.17253186023736,0,0.7170731707317073,10.666666666666668,8.13888888888889
4280,79651,C,0.6219427,101.57246463197636,63.17225279277709,0,0.5882352941176471,3.333333333333334,8.346153846153847
4281,111323,C,0.9720467,64.98828966497442,63.17165077215751,1,0.2816901408450704,2.333333333333333,12.4
4282,63909,D,0.7743024,81.58455330580676,63.17111730408622,1,0.5680473372781065,5.666666666666666,12.363636363636363
4283,3740,D,0.69089496,91.43342976308426,63.170895922914745,1,0.812933025404157,9.333333333333332,11.612903225806452
4284,125447,C,0.81348985,77.64954355694641,63.167115877380525,0,0.5054945054945055,7.333333333333334,10.866666666666667
4285,75375,D,0.6903489,91.49978407440652,63.16677740937819,1,0.6254752851711026,6.333333333333334,11.551724137931034
4286,130026,D,0.6408544,98.56469225244044,63.16561851616223,0,0.6477462437395659,9.666666666666668,9.236842105263158
4287,151993,D,0.80311465,78.64632825510493,63.162018597511945,0,0.5632183908045977,7.666666666666667,10.695652173913045
4288,22698,C,0.5842695,108.09867703741584,63.15876253666863,0,0.6819571865443425,4.999999999999999,8.533333333333333
4289,197208,C,0.5094845,123.96355296220634,63.15751245550787,0,0.7616959064327485,1.0,6.388888888888889
4290,78373,D,0.59852237,105.51633351621663,63.15388549209216,1,0.7214765100671141,8.333333333333332,8.228571428571428
4291,106722,D,0.5133355,123.02344422074826,63.15230444810172,0,0.5521885521885522,9.333333333333332,6.5
4292,203251,C,0.83931327,75.24134444981742,63.151058748662,0,0.5421348314606742,6.333333333333333,10.814814814814817
4293,48426,C,0.71365285,88.48974071303589,63.15095558459614,1,0.50187265917603,12.333333333333332,9.80952380952381
4294,92607,D,0.663754,95.13957630877522,63.14927303542182,0,0.5609756097560976,6.666666666666666,9.181818181818182
4295,144985,C,0.844953,74.7356666612863,63.14812579322228,0,0.4758064516129032,6.666666666666667,9.294117647058824
4296,130951,D,0.7927102,79.66060159257798,63.14777022972363,1,0.6331877729257642,11.0,11.416666666666666
4297,44267,C,0.9613258,65.68564357519834,63.14530545202287,1,0.3928571428571428,0.0,11.75
4298,148691,D,0.65688664,96.12685246074636,63.1444448586028,0,0.797979797979798,11.666666666666668,7.7894736842105265
4299,81933,C,0.85911655,73.49781424147058,63.14318891679242,1,0.2597402597402597,5.666666666666667,8.545454545454545
4300,79804,C,0.57130826,110.52165178033783,63.14193203996244,0,0.7288135593220338,2.666666666666666,7.777777777777778
4301,138902,C,0.8946709,70.57558064821755,63.14191851647269,1,0.4632352941176471,1.666666666666668,13.5
4302,98429,D,0.713111,88.54420622657034,63.14184597409924,0,0.5615384615384615,9.666666666666668,10.266666666666667
4303,122606,B,0.685017,92.1737714165994,63.1405994258273,0,0.4889867841409692,19.33333333333333,9.16
4304,121588,C,0.54954785,114.89311501964995,63.13926446358653,0,0.5185185185185185,3.666666666666667,8.16
4305,116185,C,0.5552623,113.70961853924938,63.138667414469936,0,0.675,4.666666666666666,8.785714285714286
4306,184162,C,0.69451135,90.91072178260704,63.138528475589645,0,0.6115107913669064,0.0,10.5
4307,160137,D,0.7097845,88.95081346081385,63.13590934637613,0,0.6133333333333333,13.0,10.565217391304348
4308,181246,D,0.51736295,122.02896518815348,63.13326568760307,0,0.7211009174311926,9.333333333333336,7.166666666666667
4309,93307,B,0.6644975,95.0052999275086,63.13078378482077,0,0.7142857142857143,19.333333333333336,10.588235294117649
4310,180761,D,0.6061102,104.1546671557116,63.12920772248629,0,0.6690647482014388,5.333333333333333,9.058823529411764
4311,188630,C,0.9351395,67.50745670962594,63.12888777811644,1,0.2790697674418604,0.666666666666667,13.0
4312,26906,C,0.5610632,112.51509254348812,63.12807454401684,0,0.3893805309734513,4.333333333333333,6.2
4313,95626,C,0.7555647,83.54769596788128,63.12568897379436,0,0.2419354838709677,7.666666666666666,9.666666666666666
4314,115496,C,0.44934875,140.47992531238285,63.124478520359,0,0.6545454545454545,3.333333333333334,6.716981132075472
4315,143214,C,0.7313075,86.31527188912388,63.12300626339407,1,0.3333333333333333,4.0,7.454545454545454
4316,150023,C,0.67631704,93.33339569491191,63.12296555037403,0,0.5161290322580645,4.333333333333334,10.636363636363637
4317,142538,B,0.7527371,83.85139579983351,63.11805691558116,0,0.6706948640483383,17.333333333333336,8.393939393939394
4318,132176,C,0.83578444,75.5180833744055,63.11683866591769,0,0.6428571428571429,3.333333333333334,12.857142857142858
4319,41847,C,0.7791865,81.00275813020842,63.11625456081629,1,0.4423076923076923,1.0,11.076923076923077
4320,39676,B,0.77345395,81.59453562592314,63.10961595024893,0,0.681930693069307,12.666666666666668,11.541666666666666
4321,5410,C,0.66900975,94.32899357834212,63.10701595136732,0,0.5304347826086957,5.666666666666668,8.864864864864865
4322,128000,C,0.7561932,83.45247081128159,63.1061926710946,0,0.5254237288135594,2.333333333333333,11.238095238095235
4323,25464,C,0.683,92.39553851441946,63.10615540474842,0,0.7441860465116279,3.333333333333334,12.107142857142858
4324,194523,C,0.8580701,73.54329436445938,63.10530014870793,1,0.4492753623188406,-4.333333333333333,13.166666666666666
4325,148133,D,0.7945715,79.41888387179519,63.103983187197,0,0.7392197125256673,9.666666666666668,11.68421052631579
4326,3799,C,0.71524495,88.22051278827418,63.09927615800353,0,0.7151702786377709,-3.999999999999999,11.25
4327,29876,B,0.7185749,87.80829089287457,63.09683222777578,0,0.5844155844155844,9.333333333333334,11.444444444444445
4328,42584,C,0.6583886,95.83194472455035,63.09466132684727,0,0.47953216374269,-0.666666666666667,7.56
4329,156920,C,0.7714792,81.78355154341828,63.09430805063452,0,0.4610778443113772,8.333333333333332,9.833333333333334
4330,202319,C,0.56854564,110.9728061391864,63.09310503516932,1,0.5163934426229508,10.0,6.1
4331,63139,C,0.6128084,102.956828609905,63.09281006359451,0,0.4840764331210191,8.0,6.686274509803922
4332,169150,C,0.6939402,90.91766862506722,63.0914271733435,1,0.4907063197026022,7.0,9.0
4333,174792,C,0.84421796,74.73009214602854,63.088485648153885,1,0.5584415584415584,0.3333333333333321,11.5625
4334,141367,C,0.7330516,86.06214742138587,63.087994700759445,0,0.4439024390243902,1.333333333333332,8.8125
4335,165333,D,0.6840178,92.2307281851891,63.08745770517624,0,0.6621621621621622,6.0,11.064516129032258
4336,71088,C,0.5767075,109.3919497324556,63.08715591824424,0,0.4677419354838709,9.0,6.866666666666666
4337,105967,B,0.720904,87.51043387269502,63.08662117761281,0,0.7105263157894737,18.33333333333333,13.541666666666666
4338,131757,C,0.562881,112.07302618995531,63.08377625792227,0,0.7341269841269841,4.0,7.75
4339,201603,D,0.7088813,88.9842220530792,63.079252660839785,0,0.615819209039548,5.999999999999999,11.384615384615383
4340,195742,D,0.71842724,87.80084046296213,63.07851555798884,0,0.5647058823529412,5.000000000000001,8.75
4341,475,C,0.77585644,81.30145068317312,63.07825371167761,0,0.441340782122905,11.0,9.464285714285714
4342,84522,B,0.76257914,82.7163557814806,63.07776770783977,0,0.710801393728223,13.333333333333334,11.5625
4343,129991,D,0.7074677,89.15972085178761,63.07762043330163,1,0.7325581395348837,12.0,11.533333333333331
4344,98210,C,0.8265934,76.3098737122378,63.07723789271094,1,0.6060606060606061,4.999999999999999,11.464285714285714
4345,189632,C,0.79822433,79.01829751210076,63.07432758526195,0,0.4816176470588235,7.333333333333334,11.5
4346,27580,C,0.8230023,76.638058641453,63.07329690509011,1,0.6144578313253012,4.333333333333333,11.294117647058824
4347,52783,B,0.55894744,112.83977113244951,63.07150165175069,0,0.6554054054054054,19.0,7.666666666666667
4348,190226,C,0.96353066,65.45814565748982,63.07093026650256,1,0.3333333333333333,0.0,12.5
4349,21902,C,0.8299587,75.99089950489191,63.06930643929952,1,0.4262295081967213,3.666666666666666,12.5
4350,68208,C,0.90497756,69.68876603484871,63.06676944864822,1,0.1470588235294117,1.333333333333333,9.8
4351,190467,C,0.81609964,77.2767096786874,63.06549523564735,0,0.6419098143236074,1.333333333333334,13.68421052631579
4352,204122,C,0.6356741,99.20942978049476,63.064866871778456,0,0.7364341085271318,4.333333333333334,9.263157894736842
4353,152524,C,0.78934884,79.89363390713233,63.06394730498376,1,0.46,7.333333333333334,11.928571428571429
4354,44107,C,0.59373736,106.20880382849816,63.06013519910965,0,0.4696969696969697,4.666666666666667,6.583333333333333
4355,115355,C,0.7941574,79.4015467664965,63.05732481063054,0,0.6597938144329897,-3.999999999999999,12.307692307692308
4356,23544,C,0.77634627,81.22287554781502,63.05707616723339,0,0.4090909090909091,12.333333333333336,8.625
4357,146621,C,0.5805016,108.62475047094672,63.056843186103976,0,0.7037914691943128,1.333333333333333,8.19047619047619
4358,96419,C,0.73781073,85.45754350357625,63.05149263620992,0,0.5284974093264249,8.666666666666668,11.583333333333334
4359,11473,C,0.81776744,77.09852952383773,63.04866721459924,1,0.410958904109589,5.666666666666666,11.25
4360,168276,C,0.6564661,96.03981672517106,63.04688646976839,1,0.5,5.0,8.875
4361,143825,D,0.62250847,101.27259523137772,63.043047930008434,0,0.6094182825484764,11.666666666666668,8.52
4362,68339,C,0.8559946,73.64677728719809,63.04124235257941,1,0.5196078431372549,7.333333333333333,12.285714285714286
4363,61207,B,0.6809542,92.57747373236592,63.04102122157777,1,0.7045454545454546,17.333333333333332,10.73076923076923
4364,17210,C,0.79511464,79.28507384097259,63.0407226606932,1,0.4352941176470588,5.999999999999999,11.375
4365,48764,D,0.6687494,94.26652115471198,63.04067871124406,0,0.6830601092896175,8.000000000000002,10.2
4366,34533,C,0.83388585,75.59709488473146,63.03934761376652,1,0.5272727272727272,8.666666666666668,12.555555555555555
4367,133212,C,0.7764139,81.19169348474112,63.03836081031685,0,0.5588235294117647,2.0000000000000004,11.304347826086955
4368,72222,D,0.53816885,117.13321622907326,63.03744798910002,0,0.5766590389016019,10.333333333333336,6.73469387755102
4369,59824,D,0.7961827,79.17440016194558,63.037287062455725,1,0.6213592233009708,6.0,12.923076923076923
4370,117499,D,0.76434505,82.46858907889805,63.034457831236935,0,0.5502008032128514,9.333333333333334,11.235294117647058
4371,66888,C,0.7270962,86.68659029508012,63.02949039358372,0,0.4517087667161961,11.666666666666668,9.153846153846152
4372,140543,C,0.730682,86.26106090637873,63.02940583525447,0,0.4059405940594059,5.0,7.25
4373,173729,C,0.6268292,100.55103912233405,63.0283281103987,0,0.6020942408376964,0.0,8.166666666666666
4374,44996,C,0.8529781,73.8918763111117,63.028153023364695,1,0.6578947368421053,0.3333333333333339,12.933333333333334
4375,19950,C,0.8494101,74.20105693485321,63.02712842825766,1,0.5153846153846153,6.999999999999999,13.0
4376,22442,C,0.43009794,146.5385417070284,63.02592456474865,1,0.7368421052631579,1.6666666666666663,4.481481481481482
4377,202064,C,0.8490879,74.22698987270805,63.02523850622022,1,0.3846153846153846,2.666666666666667,11.666666666666666
4378,99247,C,0.88351005,71.33390399875923,63.02422131389762,0,0.6491228070175439,1.666666666666666,14.0
4379,25419,C,0.5519471,114.18209388976682,63.022477518559086,1,0.7380952380952381,4.333333333333334,7.4222222222222225
4380,201,C,0.8457886,74.51324169087697,63.02245022667808,0,0.3214285714285714,9.333333333333334,9.857142857142858
4381,178616,B,0.81908715,76.94065064148836,63.0210980770966,0,0.6564885496183206,15.333333333333336,10.125
4382,169409,B,0.7712834,81.70731136207037,63.01949194296922,0,0.6543778801843319,14.0,13.16
4383,27236,C,0.79406905,79.36034325907298,63.01759251769564,1,0.2923076923076923,0.0,10.285714285714286
4384,115375,C,0.7020872,89.7543751593205,63.01540005526079,1,0.5833333333333334,-0.6666666666666661,10.434782608695652
4385,45448,C,0.6961106,90.52475630785254,63.01524298898194,0,0.6754966887417219,4.000000000000001,11.476190476190476
4386,8893,C,0.71218,88.47889868548562,63.01290369605177,0,0.4113475177304964,4.333333333333334,9.12
4387,168962,D,0.48367947,130.27597509054394,63.01181502848092,0,0.6481994459833795,6.333333333333333,6.857142857142857
4388,121669,D,0.7590635,83.0122239130697,63.01154775563914,1,0.6379310344827587,11.0,12.75
4389,59195,C,0.74549836,84.52188887547675,63.01092947343484,1,0.3617021276595745,0.666666666666667,10.375
4390,131247,C,0.74197066,84.92358329522116,63.01080700294606,0,0.6051136363636364,4.333333333333332,11.92
4391,114787,C,0.71505374,88.11801130250598,63.00911329327628,0,0.6598984771573604,0.6666666666666661,11.038461538461538
4392,8199,B,0.6752349,93.3088881911046,63.00541907691934,0,0.7272727272727273,17.0,10.16
4393,112647,C,0.7802114,80.75252820670654,63.00404220264805,1,0.5384615384615384,-4.333333333333333,12.0
4394,107989,C,0.54027534,116.6123945798441,63.00280058314766,0,0.7053291536050157,-1.6666666666666667,6.588235294117647
4395,52441,D,0.6393102,98.54640241912196,63.001718381352845,1,0.7346938775510204,9.333333333333332,9.242424242424242
4396,71601,C,0.43577728,144.57084158578283,63.000687644341205,1,0.5778175313059034,4.0,5.509433962264151
4397,29841,C,0.6808698,92.52856619628209,62.99990800122915,0,0.6190476190476191,3.666666666666666,9.833333333333334
4398,119407,C,0.72543246,86.84298147254712,62.998717296018825,1,0.4899328859060403,8.0,9.714285714285714
4399,45987,C,0.5800307,108.60742887450542,62.995640790848405,0,0.7033898305084746,1.0,7.1891891891891895
4400,108948,C,0.778391,80.92983429075043,62.99505493546331,1,0.4242424242424242,3.333333333333334,11.714285714285714
4401,89946,C,0.43958157,143.30651729395052,62.99490429458659,0,0.5344418052256532,5.666666666666668,5.290322580645161
4402,31282,D,0.7791155,80.8539087888884,62.99453341663356,0,0.6655052264808362,13.666666666666668,13.428571428571429
4403,39101,B,0.74797994,84.21790334673263,62.99330220664251,1,0.453125,17.666666666666668,9.894736842105264
4404,26879,D,0.7044412,89.41436621512435,62.98716251874878,0,0.6437389770723104,9.999999999999998,11.333333333333334
4405,77799,D,0.6755277,93.23996198729743,62.98617630863332,1,0.6486486486486487,6.333333333333334,10.0
4406,119532,D,0.64121777,98.22595870895434,62.984230021903855,0,0.76,5.333333333333332,10.272727272727272
4407,124735,C,0.95145214,66.19727285914885,62.98353666184228,1,0.3877551020408163,0.0,12.25
4408,113597,C,0.62924886,100.08880021303467,62.98076318241456,0,0.7511111111111111,2.333333333333334,8.894736842105264
4409,113855,D,0.7422652,84.8482353658506,62.9798944685954,0,0.6626984126984127,12.0,12.565217391304348
4410,130745,C,0.6918506,91.0308592317407,62.97975481711526,0,0.4128787878787879,7.0,7.145833333333333
4411,41314,C,0.7831519,80.4153904785045,62.97746782151656,0,0.4302325581395348,0.666666666666667,7.458333333333333
4412,130863,C,0.79505956,79.20033112332183,62.96898055173408,0,0.6166666666666667,-0.333333333333333,12.928571428571429
4413,123353,C,0.5782041,108.90172485070144,62.96742330083734,0,0.683371298405467,4.666666666666667,8.176470588235293
4414,107792,C,0.84637076,74.39677968928564,62.967258716168125,1,0.4137931034482758,11.666666666666666,10.416666666666666
4415,65635,C,0.74963593,83.9970373713225,62.96719763277759,0,0.5095541401273885,5.666666666666667,12.0
4416,130617,D,0.7145032,88.12702475838122,62.96704372245074,1,0.6478260869565218,9.666666666666666,11.782608695652174
4417,11883,D,0.7099168,88.69451689227616,62.96572498951686,1,0.5691699604743083,9.666666666666666,9.166666666666666
4418,89996,D,0.8318374,75.69216811711635,62.96357751490795,1,0.5875,8.333333333333332,12.0
4419,151758,C,0.9324601,67.52311832095603,62.96261563766559,1,0.5111111111111111,0.0,12.2
4420,1111,C,0.658136,95.66508881835294,62.96063986746785,0,0.4292929292929293,-1.333333333333333,9.0
4421,63571,C,0.9485127,66.37799090447807,62.96036560626644,1,0.36,-2.333333333333334,11.8
4422,151219,C,0.69099075,91.11523038685684,62.95978101891417,0,0.5993322203672788,4.0,10.17142857142857
4423,68705,C,0.6940289,90.71584107128312,62.95941665900973,1,0.4653465346534653,15.0,8.285714285714286
4424,191475,D,0.8172422,77.0371506291834,62.95801085812536,0,0.6263157894736842,8.000000000000002,11.375
4425,55042,C,0.9470237,66.47649135840251,62.95481212765938,1,0.3181818181818182,-1.666666666666667,11.4
4426,122493,D,0.6937325,90.74480547905554,62.95262077392218,0,0.7175572519083969,10.000000000000002,12.307692307692308
4427,16149,C,0.8213993,76.63808536416131,62.95046748637179,1,0.675,-5.666666666666668,9.857142857142858
4428,99128,C,0.6742364,93.36383685710986,62.949298822797765,0,0.460093896713615,8.0,8.135135135135135
4429,79196,C,0.8493105,74.11626763205612,62.94772560374924,1,0.5172413793103449,0.3333333333333339,13.166666666666666
4430,62648,C,0.7641883,82.37054466301153,62.94660564293426,0,0.5384615384615384,9.333333333333332,11.833333333333334
4431,46521,C,0.6708272,93.82995552051248,62.943687271510456,1,0.4680851063829787,2.666666666666667,8.461538461538462
4432,204689,C,0.59214383,106.29523839908484,62.942069963018206,0,0.5272727272727272,0.0,7.033333333333333
4433,26190,B,0.76503676,82.27232198742378,62.94135079579328,1,0.60431654676259,14.0,13.058823529411764
4434,129017,C,0.79532754,79.13817848549003,62.94077314830273,0,0.6818181818181818,3.999999999999999,13.05
4435,161181,C,0.7171256,87.76534377539481,62.93877434160206,1,0.5536480686695279,4.333333333333333,8.555555555555555
4436,91825,C,0.7213222,87.25284517441526,62.93741239125399,1,0.5384615384615384,10.666666666666666,10.125
4437,59478,D,0.57512784,109.43178637674626,62.93726693080814,0,0.6216216216216216,13.0,7.886363636363637
4438,16567,C,0.83145195,75.69352918122931,62.93553262612641,0,0.380281690140845,-0.3333333333333339,9.11111111111111
4439,12269,C,0.6882579,91.4416531257579,62.93543768927073,1,0.725,4.666666666666667,11.538461538461538
4440,141540,B,0.7275701,86.49957493236211,62.93450581246294,0,0.5812274368231047,11.333333333333334,9.785714285714286
4441,161130,C,0.949965,66.24886374060695,62.93410185345446,1,0.5625,0.0,14.25
4442,91604,C,0.5847896,107.61660937486955,62.933071167395546,0,0.6725978647686833,4.0,8.6875
4443,173464,C,0.6975946,90.21110866945293,62.93078073734837,1,0.2674418604651162,2.6666666666666665,6.461538461538462
4444,68034,C,0.6841537,91.98108944912792,62.92920047214289,0,0.6230769230769231,-2.666666666666667,11.535714285714286
4445,30043,C,0.8764589,71.79336819126121,62.92393531221915,1,0.2448979591836734,0.0,11.6
4446,5609,C,0.63516116,99.06632478415868,62.92308190778756,0,0.5742574257425742,1.666666666666667,10.125
4447,119106,C,0.61635196,102.08792171328344,62.92209085362546,0,0.4365079365079365,-1.666666666666667,6.923076923076923
4448,181887,C,0.60828227,103.44153783977264,62.92165324748089,0,0.5424354243542435,3.6666666666666665,7.296296296296297
4449,46133,C,0.765873,82.15184368480861,62.91788020468864,0,0.6235955056179775,-0.666666666666667,12.533333333333331
4450,120028,C,0.67276675,93.5207618491008,62.91765854760192,0,0.6111111111111112,1.666666666666666,10.46875
4451,156001,D,0.5953525,105.67962500736824,62.91662586925755,1,0.5924170616113744,8.0,7.7105263157894735
4452,141599,D,0.82186687,76.55314952155015,62.91649738028814,1,0.6693548387096774,14.666666666666668,11.263157894736842
4453,6633,C,0.6362983,98.87374634571236,62.913196599294665,0,0.7814207650273224,5.0,9.153846153846152
4454,60969,C,0.62695706,100.34631734388452,62.91283199402568,0,0.6319018404907976,0.333333333333333,8.973684210526315
4455,12110,C,0.8287358,75.91304015742081,62.91185622119665,0,0.4918032786885246,1.333333333333332,11.77777777777778
4456,95901,C,0.84065324,74.83022661004524,62.90627250060528,1,0.6455696202531646,4.666666666666666,11.909090909090908
4457,89200,C,0.7238228,86.90739897446987,62.9055544767164,0,0.5416666666666666,12.0,10.225806451612904
4458,108290,C,0.8119236,77.4748948385299,62.90369731543027,0,0.58,1.333333333333334,11.2
4459,169491,D,0.786753,79.95160562016171,62.9021654828468,0,0.6153846153846154,14.666666666666664,11.733333333333333
4460,11233,C,0.58131415,108.20555116282684,62.901417622805,1,0.3784615384615384,0.6666666666666665,5.90625
4461,175306,C,0.7831199,80.32051280411163,62.90059331379786,0,0.56047197640118,3.0000000000000004,11.652173913043478
4462,180250,C,0.7107732,88.49306965622482,62.8985049166841,1,0.4520547945205479,-3.0,9.571428571428571
4463,133766,D,0.83995855,74.88154951871125,62.89739764659996,0,0.6132075471698113,9.333333333333334,11.925925925925926
4464,166390,D,0.6819671,92.22875597652651,62.89697537208987,0,0.7731481481481481,12.333333333333336,11.95
4465,42153,C,0.7159068,87.85603416576869,62.89673217835527,0,0.6121673003802282,2.0,11.857142857142858
4466,50540,C,0.75908905,82.85453281483127,62.89396882441849,1,0.5142857142857142,5.0,11.263157894736842
4467,18756,C,0.9676092,64.99748355709508,62.89216480236357,1,0.3263157894736842,0.0,12.75
4468,132161,C,0.6404606,98.19824839814788,62.8921101082781,0,0.794392523364486,2.666666666666667,8.731707317073171
4469,191788,C,0.6471664,97.1802790336666,62.89180854856313,0,0.5746268656716418,-2.333333333333333,8.08
4470,117963,D,0.5571384,112.88048616605164,62.890051578664135,1,0.8546409807355516,15.666666666666666,8.069767441860465
4471,150836,C,0.7216587,87.1419093145198,62.88671757223848,1,0.4486486486486487,-2.0,11.142857142857142
4472,77774,D,0.5616915,111.95906672884676,62.88645865960687,0,0.6182432432432432,6.666666666666666,8.115384615384615
4473,154419,C,0.60468495,103.99841758859732,62.88627782744698,0,0.7189542483660131,4.666666666666666,7.172413793103448
4474,8857,C,0.6483096,96.99780496477386,62.884607015550216,1,0.5661764705882353,2.666666666666667,10.25
4475,172564,C,0.7581659,82.94230308414393,62.88402552902355,0,0.3181818181818182,1.666666666666667,9.4375
4476,43260,B,0.7958157,79.0176059737498,62.88345190442505,0,0.4181818181818181,17.666666666666664,9.0
4477,186963,C,0.6482519,97.00348571333863,62.88269306047217,1,0.4615384615384615,-2.0,9.0
4478,29190,C,0.5646965,111.35501303095732,62.88178508762989,0,0.7288135593220338,1.0,8.235294117647058
4479,188561,D,0.7833143,80.27422734954284,62.87994921396522,0,0.6525,11.333333333333334,10.961538461538462
4480,195714,D,0.74307436,84.62041014814572,62.87925690303332,0,0.6129032258064516,6.0,12.11111111111111
4481,200240,D,0.70706576,88.92939927200698,62.87893337947807,0,0.7230769230769231,6.333333333333332,12.45
4482,103842,C,0.97342944,64.59288035413456,62.87661144490278,1,0.5555555555555556,0.0,10.75
4483,130691,C,0.918072,68.48385550070527,62.87310917674715,1,0.2894736842105263,2.0,12.5
4484,101212,D,0.76785576,81.88096571902288,62.87277144300516,1,0.5631578947368421,10.333333333333332,11.678571428571429
4485,132245,D,0.5871548,107.07984807526256,62.872447386759646,0,0.7510460251046025,11.666666666666664,8.157894736842104
4486,122933,C,0.59686416,105.33738628740296,62.872110991269736,1,0.6397058823529411,0.0,8.764705882352942
4487,204254,C,0.87145424,72.14489339579134,62.87097316414508,0,0.6007067137809188,2.333333333333334,13.692307692307692
4488,12518,C,0.832513,75.5152597345127,62.86743351977304,0,0.4264705882352941,-1.666666666666666,10.9
4489,50358,C,0.5345512,117.60650447034072,62.86669847475122,0,0.6178571428571429,-0.6666666666666665,6.9
4490,21908,B,0.7675021,81.90967369180582,62.86584895053795,1,0.6781609195402298,26.0,10.8
4491,36428,C,0.8323452,75.52796188780691,62.865335611388495,1,0.4174757281553398,4.666666666666668,10.545454545454543
4492,105189,D,0.6644122,94.61779015937766,62.86521416159336,1,0.9545454545454546,9.0,5.571428571428571
4493,65361,C,0.84831405,74.10501549782401,62.86432558956293,1,0.3893805309734513,8.333333333333334,9.714285714285714
4494,168005,C,0.5989101,104.96313035827556,62.86347819672158,0,0.6695906432748538,0.0,7.5777777777777775
4495,51748,C,0.54667693,114.9905013328243,62.86265468077583,0,0.6666666666666666,-0.333333333333333,7.242424242424242
4496,82301,D,0.7805388,80.5348226370856,62.860553608244814,0,0.6357615894039735,9.666666666666668,10.333333333333334
4497,169956,C,0.5638601,111.48204948424636,62.86028162044996,1,0.6204188481675392,1.333333333333333,7.909090909090909
4498,41783,C,0.7318656,85.88942157245641,62.859511751580754,0,0.676829268292683,-4.333333333333333,12.0
4499,56897,C,0.67036957,93.76810956050312,62.859286862603255,0,0.7002652519893899,4.333333333333333,11.32258064516129
4500,45794,C,0.8420668,74.64782069453966,62.85845332333295,0,0.6842105263157895,-0.3333333333333339,13.166666666666666
4501,29084,C,0.82424754,76.2600259834786,62.85713874427,1,0.6857142857142857,0.666666666666667,9.1875
4502,97954,C,0.50559664,124.32264879904795,62.85711322596785,0,0.4951923076923077,4.333333333333333,5.833333333333333
4503,74109,C,0.7157788,87.81503266478506,62.85614113235992,0,0.4468085106382978,10.0,9.115384615384617
4504,57907,C,0.69742876,90.12154899488078,62.85336042728051,0,0.6181818181818182,-3.333333333333333,9.235294117647058
4505,21204,C,0.72853273,86.269492693448,62.850149159928215,0,0.4397163120567376,10.333333333333332,9.846153846153848
4506,169127,C,0.73676664,85.30213952599412,62.847770413868666,1,0.2909090909090909,5.333333333333334,8.777777777777779
4507,135258,C,0.6371815,98.6315121045188,62.846176848227,0,0.575187969924812,-1.0,7.92
4508,112691,B,0.6334302,99.21379671107684,62.84501340025498,0,0.4826666666666667,17.666666666666668,7.4
4509,136362,C,0.7817288,80.39022374113067,62.84335346740844,0,0.4961832061068702,12.333333333333332,10.703703703703704
4510,43966,C,0.47185647,133.1828698727024,62.843199492056165,0,0.7125850340136054,-1.3333333333333337,6.142857142857143
4511,205059,C,0.75703937,83.01165658103801,62.84309204741116,1,0.5277777777777778,12.666666666666668,11.764705882352942
4512,135325,C,0.67982113,92.4394766895998,62.84230983377044,0,0.4035087719298245,4.000000000000001,9.833333333333334
4513,95158,D,0.7285884,86.25154254528498,62.84187357650171,1,0.5913978494623656,9.0,11.266666666666667
4514,128577,C,0.7261985,86.53438653269671,62.841141216845024,1,0.5777777777777777,2.666666666666667,10.76
4515,97362,C,0.47440547,132.45691546404043,62.83828490568024,0,0.6306451612903226,1.666666666666666,6.346153846153846
4516,71690,B,0.73973405,84.94465717146463,62.83645558210839,1,0.549407114624506,21.666666666666664,9.030303030303031
4517,177050,C,0.5588899,112.42768975760852,62.8347031505059,0,0.3359375,2.333333333333333,5.857142857142857
4518,143222,C,0.88464445,71.02760859303459,62.834179650325225,1,0.4623655913978494,2.666666666666667,12.538461538461538
4519,23632,D,0.7976292,78.76953791164567,62.82888174206189,0,0.5583203732503889,6.666666666666668,9.166666666666666
4520,3881,C,0.814982,77.09224735293462,62.82879370192192,0,0.4754098360655737,0.3333333333333339,11.357142857142858
4521,38713,C,0.61645377,101.9167627020232,62.826972270049176,0,0.5176470588235295,11.666666666666664,6.696969696969697
4522,140931,C,0.73332673,85.6707645605028,62.82466189838954,1,0.4598765432098765,7.333333333333334,9.225806451612904
4523,176904,D,0.71526873,87.83351452438555,62.82456648342567,0,0.625,8.333333333333334,11.535714285714286
4524,69285,C,0.73763746,85.16766156940567,62.822857573936254,0,0.5088757396449705,11.0,11.714285714285714
4525,110898,C,0.43286353,145.12618538343588,62.81983340799393,0,0.8076124567474049,0.0,6.76
4526,195052,C,0.9780226,64.22473714915776,62.81324282962122,1,0.1666666666666666,0.0,10.25
4527,169506,D,0.82000613,76.60057821469377,62.81294386043503,1,0.6227272727272727,10.333333333333334,10.4
4528,91197,C,0.7895988,79.5495569913693,62.81223653823476,1,0.4057377049180328,10.666666666666668,10.08695652173913
4529,157437,C,0.71751404,87.5367950484402,62.808879296307424,0,0.436241610738255,3.333333333333334,9.115384615384617
4530,3494,D,0.8314377,75.5393771066058,62.80628648574571,0,0.6597938144329897,7.0,10.95
4531,177317,C,0.64022255,98.09399415539032,62.80198702276701,1,0.6484018264840182,2.999999999999999,10.583333333333334
4532,26705,B,0.71056336,88.37815256972316,62.79827718589464,1,0.655367231638418,12.000000000000002,11.235294117647058
4533,20644,C,0.9435459,66.5548767459472,62.79757961001078,1,0.3333333333333333,-2.666666666666667,11.6
4534,200211,B,0.8268024,75.95220641609545,62.79746449428176,0,0.66,18.33333333333333,11.27777777777778
4535,184437,C,0.5535754,113.43831963438862,62.7966627741862,0,0.517948717948718,-0.3333333333333339,6.733333333333333
4536,72742,C,0.70504326,89.06717317440977,62.796209802790486,0,0.6266666666666667,2.0,11.5
4537,152019,D,0.8108339,77.44107820930128,62.79184924709602,0,0.5739130434782609,12.0,10.310344827586206
4538,129044,C,0.85888284,73.10572145141498,62.78924998562102,1,0.5053191489361702,5.333333333333333,13.6
4539,143794,C,0.6147334,102.13927060836149,62.78842088630171,0,0.4331797235023041,6.666666666666667,7.956521739130435
4540,119657,C,0.9427687,66.5993117220242,62.78774606489272,1,0.3018867924528302,-3.0,11.6
4541,92277,C,0.5808268,108.09584027045344,62.78496304526067,0,0.7872340425531915,2.0,6.647058823529412
4542,197674,C,0.7379566,85.07672068561051,62.78292613252912,0,0.48582995951417,3.333333333333333,9.903225806451612
4543,22788,C,0.77304304,81.21476422926875,62.78250794524809,0,0.559322033898305,2.333333333333334,11.88888888888889
4544,32018,D,0.6645065,94.47954781279384,62.78227316616365,0,0.68,7.666666666666666,11.03125
4545,126725,D,0.79959166,78.51739344948642,62.781853006373126,1,0.6129032258064516,8.666666666666668,10.909090909090908
4546,160740,D,0.53735113,116.82505589261744,62.77607596434681,0,0.593607305936073,9.0,7.5
4547,33129,D,0.7726094,81.2514895860644,62.77566564766284,0,0.7101449275362319,5.333333333333334,12.933333333333334
4548,147472,C,0.8910727,70.44623896592178,62.77271969004757,1,0.4583333333333333,2.999999999999999,11.166666666666666
4549,189913,D,0.7142865,87.87316919516083,62.76661901102349,1,0.6633663366336634,9.666666666666668,11.0625
4550,98200,C,0.6476072,96.91914633214412,62.76553768989308,0,0.5691056910569106,-1.666666666666667,8.695652173913043
4551,138124,C,0.7168457,87.5509107164443,62.76049310807543,1,0.611353711790393,-4.333333333333334,11.038461538461538
4552,169273,C,0.820581,76.48069022595965,62.75860271368332,1,0.5268817204301075,4.666666666666666,13.0
4553,129175,C,0.75280035,83.36356498531443,62.75612051645712,0,0.5131578947368421,12.666666666666664,12.0
4554,141992,C,0.9627128,65.18518474123161,62.75461330765789,1,0.5689655172413793,0.0,14.25
4555,14275,B,0.65202916,96.24347372997426,62.75355101257808,1,0.7619047619047619,18.0,8.96875
4556,96695,C,0.58526814,107.22110533566556,62.75309687130495,1,0.5211267605633803,-0.333333333333333,9.666666666666666
4557,167733,C,0.9555665,65.67017510694939,62.75222105325076,1,0.3777777777777777,0.0,12.0
4558,7595,C,0.97851264,64.12966547309297,62.751688570147984,1,0.2608695652173913,0.0,10.75
4559,164209,B,0.7342675,85.45987819359055,62.75040882296724,0,0.5707070707070707,14.666666666666666,11.625
4560,1544,C,0.69751525,89.96107564460709,62.74922210125487,0,0.4722222222222222,4.666666666666666,9.526315789473683
4561,50398,C,0.7942533,79.00179569749145,62.74743612490469,0,0.5897435897435898,2.333333333333333,13.22222222222222
4562,125889,C,0.8031308,78.12784512141918,62.74687918375095,1,0.678082191780822,2.0,13.416666666666666
4563,182467,D,0.74853575,83.82547480843122,62.746364847336,0,0.6557377049180327,6.666666666666667,12.625
4564,46005,C,0.64773846,96.86979565294868,62.74629193961114,0,0.6206896551724138,-0.6666666666666661,10.0
4565,64726,C,0.6967725,90.04999385419359,62.74436076319928,0,0.7333333333333333,4.999999999999999,11.058823529411764
4566,93563,C,0.9555665,65.66074545546944,62.74321039394977,1,0.3666666666666666,0.0,12.0
4567,196403,C,0.68744767,91.26461553082932,62.73964703744458,1,0.3785714285714285,-1.0,8.055555555555555
4568,112534,C,0.6404075,97.96824252201478,62.73959753265201,0,0.7654639175257731,0.666666666666667,9.666666666666666
4569,154001,C,0.42821085,146.51076078887425,62.73749807529327,0,0.5402439024390244,5.333333333333334,4.855072463768116
4570,4602,C,0.6890959,91.03874991774904,62.73443061711416,0,0.5581395348837209,5.0,9.35135135135135
4571,55703,C,0.62692827,100.06507520630664,62.73362447281368,0,0.5064935064935064,5.333333333333333,7.447368421052632
4572,158015,D,0.67859644,92.44551849640912,62.7331994661903,1,0.776255707762557,10.0,10.382352941176473
4573,110510,C,0.96353066,65.10636480826211,62.731978632784944,1,0.3846153846153846,0.0,12.5
4574,99615,B,0.65487343,95.77381058140745,62.7197239094273,0,0.75,19.33333333333333,10.866666666666667
4575,127908,C,0.80515075,77.89737370799787,62.719128653639096,0,0.4887640449438202,4.333333333333333,10.961538461538462
4576,197500,C,0.6906223,90.8118777320867,62.716710564847205,0,0.6776556776556777,4.666666666666667,11.047619047619047
4577,55469,C,0.50801593,123.45351298192558,62.71635128984804,0,0.6896551724137931,2.333333333333333,7.08
4578,119486,C,0.969662,64.67748753808847,62.71530261124786,1,0.25,0.0,10.75
4579,14183,C,0.7980609,78.58361545375816,62.71451040375691,1,0.6234567901234568,1.333333333333334,12.533333333333331
4580,195517,C,0.74022037,84.72295585121581,62.71365755048069,0,0.4692307692307692,4.666666666666668,10.8
4581,125919,C,0.96608526,64.91143844104904,62.70998356821647,1,0.3636363636363636,0.0,13.0
4582,101947,C,0.873285,71.808319846038,62.70912827762234,0,0.2682926829268293,5.999999999999999,10.1
4583,105186,D,0.81331694,77.10095865694416,62.70751586317912,0,0.7215686274509804,10.0,14.0
4584,143404,C,0.62844604,99.78041905180736,62.70660947586059,1,0.4571428571428571,1.0,8.181818181818182
4585,3018,D,0.634813,98.77961632424356,62.706585633852605,1,0.8083832335329342,10.333333333333334,8.692307692307692
4586,130749,C,0.6575138,95.36876898723176,62.70628143901643,0,0.5240641711229946,6.0,8.833333333333334
4587,200825,C,0.54533297,114.9869962624907,62.706199980252734,0,0.8250728862973761,0.666666666666667,7.9393939393939394
4588,26070,C,0.7909704,79.27720832736155,62.70592399833368,1,0.390625,7.333333333333333,8.176470588235293
4589,141897,D,0.75933903,82.57827992646388,62.70491135476706,0,0.5539906103286385,8.333333333333332,11.833333333333334
4590,165014,C,0.5901238,106.25588953630404,62.70412639638042,1,0.2980769230769231,-0.333333333333333,6.142857142857143
4591,85805,C,0.74875855,83.73564328723799,62.69777922441481,0,0.68125,1.666666666666666,12.92
4592,93724,C,0.72778773,86.14739321505498,62.69701601856419,0,0.5495495495495496,6.0,11.4
4593,175648,B,0.7758399,80.80954809521653,62.6952737183101,1,0.5370370370370371,13.666666666666668,9.333333333333334
4594,51730,C,0.8745261,71.68881214193196,62.69373611105667,0,0.4639175257731959,9.0,10.285714285714286
4595,159091,D,0.79667675,78.69326558982294,62.69309546663487,0,0.6063829787234043,7.666666666666667,9.5
4596,14319,B,0.6847702,91.55227884926812,62.692274722243134,1,0.6934306569343066,16.0,11.333333333333334
4597,48635,C,0.7584034,82.66102369189728,62.69040310569313,1,0.6373626373626373,4.333333333333333,12.545454545454543
4598,113645,C,0.811523,77.24922469572297,62.689524138394816,1,0.4757281553398058,-1.666666666666667,11.0
4599,133984,C,0.8349674,75.07869804953513,62.68826341394504,0,0.6097560975609756,5.0,13.363636363636363
4600,47882,C,0.55267555,113.42466444212111,62.68703826144653,1,0.5805555555555556,0.0,7.8125
4601,5645,D,0.6840626,91.63845128737046,62.68643726005678,1,0.7169811320754716,7.666666666666667,10.75
4602,203208,C,0.4659082,134.5414059649854,62.683944217899935,0,0.865814696485623,0.0,6.4
4603,158675,C,0.7027177,89.1973035334492,62.6805258996021,0,0.6027397260273972,-2.0,11.035714285714286
4604,51436,B,0.8088198,77.49603148874414,62.68032242764215,0,0.5428571428571428,17.333333333333336,10.615384615384617
4605,35311,C,0.7986748,78.47929128495687,62.67943398621267,0,0.5409836065573771,8.333333333333334,9.125
4606,48633,B,0.7873709,79.60574812565622,62.6792511534167,0,0.7413793103448276,19.666666666666668,9.46875
4607,171498,C,0.66297704,94.53830993780872,62.676728871586455,0,0.5402298850574713,3.333333333333334,7.714285714285714
4608,193583,B,0.66606605,94.09953352456648,62.6765046513744,0,0.4324324324324324,17.666666666666664,6.846153846153846
4609,129787,C,0.5953787,105.26642694677425,62.67338810483562,0,0.7074829931972789,3.666666666666666,8.166666666666666
4610,116974,C,0.73020536,85.8273407015958,62.67158396378392,0,0.5766871165644172,2.000000000000001,11.875
4611,108776,C,0.61702013,101.5691160156636,62.670189183964006,1,0.7629032258064516,1.666666666666667,10.35483870967742
4612,89775,C,0.69477284,90.1960975172451,62.66579878804266,0,0.4829721362229102,2.0000000000000004,9.407407407407408
4613,144197,C,0.5304787,118.12793159027846,62.66435346153309,0,0.4898989898989899,2.0,6.352941176470588
4614,81456,D,0.78687984,79.63478410541954,62.66300597725297,0,0.575,13.0,11.033333333333331
4615,135977,D,0.8312956,75.37733788961194,62.66085004148631,1,0.5779816513761468,7.333333333333333,12.11111111111111
4616,113338,C,0.7376484,84.94364959792186,62.65854955086451,0,0.5602836879432624,3.666666666666667,10.592592592592592
4617,36447,B,0.7540739,83.09142309048752,62.657074950884834,0,0.526595744680851,16.333333333333336,11.0
4618,105999,C,0.5784501,108.31794872625107,62.65652651044395,0,0.6210268948655256,4.666666666666666,8.4
4619,113332,C,0.60276544,103.94811663911749,62.65633236094928,0,0.4473684210526316,1.666666666666667,7.416666666666667
4620,28054,D,0.78744435,79.56756713055223,62.65503142714797,0,0.6517241379310345,6.999999999999999,13.153846153846152
4621,80835,C,0.95145214,65.85092670654161,62.65400487513498,1,0.3023255813953488,0.0,12.25
4622,145967,B,0.7194226,87.08662429920497,62.65208383333495,0,0.5858310626702997,20.0,11.652173913043478
4623,61276,C,0.5747558,109.0064161033698,62.652068568134695,0,0.5625,4.0,8.0
4624,119746,C,0.87519485,71.58307732094099,62.649140445478224,1,0.2772277227722772,5.666666666666667,11.285714285714286
4625,122516,C,0.69155437,90.58312867125905,62.64315825825233,1,0.7481296758104738,4.333333333333332,11.772727272727272
4626,92012,D,0.84406614,74.21419119306273,62.64168611885648,0,0.6714285714285714,6.000000000000001,13.352941176470589
4627,162965,B,0.75901884,82.52823435728068,62.640484577529065,0,0.6424870466321243,12.999999999999998,13.473684210526317
4628,197902,C,0.73628885,85.07559374256066,62.64021070026287,0,0.3559322033898305,-0.333333333333333,8.666666666666666
4629,64526,D,0.685545,91.37280755201328,62.64017384370327,0,0.5780346820809249,11.0,9.9375
4630,106448,C,0.6447424,97.15515798604532,62.640052574716,0,0.7198275862068966,0.333333333333333,9.636363636363637
4631,2079,C,0.9477445,66.08931857633372,62.63578744372454,1,0.3352601156069364,2.0,12.4
4632,27786,C,0.7629872,82.09110868050165,62.634464865235934,0,0.7049180327868853,3.333333333333334,11.892857142857142
4633,194267,C,0.46751684,133.9719014005954,62.63411992518029,0,0.4078212290502793,-2.0,4.583333333333333
4634,29687,C,0.5718967,109.51712110354912,62.63247711339298,0,0.5974025974025974,1.666666666666667,7.5
4635,104187,D,0.6773562,92.46114738337336,62.62912991630493,0,0.5841121495327103,5.666666666666667,10.181818181818182
4636,130362,C,0.578311,108.2901191956668,62.62536994814147,0,0.4672619047619047,3.333333333333333,7.592592592592593
4637,21183,C,0.5398547,116.0033931847185,62.62497764544668,0,0.4488188976377952,2.666666666666667,6.529411764705882
4638,155982,C,0.6795286,92.15474009704222,62.62178097014781,0,0.7474949899799599,-0.6666666666666679,10.03225806451613
4639,98089,C,0.6472898,96.7440818315929,62.62145859553026,0,0.4376899696048632,2.666666666666667,8.588235294117647
4640,144337,C,0.69648993,89.91002006476025,62.62142359495008,0,0.5613382899628253,2.000000000000001,9.95
4641,54251,C,0.6820989,91.80562406667585,62.62051749526999,1,0.6626506024096386,1.0000000000000009,9.695652173913045
4642,142331,C,0.748586,83.65078309275091,62.61980502962251,0,0.5473684210526316,8.333333333333332,11.071428571428571
4643,69887,C,0.7667382,81.67033918878504,62.61976693115402,1,0.4285714285714285,4.333333333333333,8.848484848484848
4644,136460,C,0.9620107,65.08975839213295,62.61704283789452,1,0.282051282051282,0.0,13.0
4645,150135,C,0.78489995,79.77503786267143,62.61542323185,1,0.4904458598726114,13.333333333333336,11.333333333333334
4646,92535,C,0.7261809,86.22549574045176,62.61530905375907,1,0.4956521739130435,6.333333333333333,11.571428571428571
4647,44014,C,0.9591315,65.28329457911265,62.61526290084646,1,0.2857142857142857,0.0,12.5
4648,152543,D,0.82579494,75.82250861073796,62.61384358691057,0,0.570281124497992,9.333333333333334,11.076923076923077
4649,138121,D,0.7037881,88.96635483588115,62.61346198272255,0,0.6005917159763313,6.666666666666668,11.34375
4650,106543,C,0.7047179,88.84808165961681,62.61283126296449,0,0.6416382252559727,1.333333333333333,11.36
4651,173810,C,0.95814353,65.34690692756395,62.61171622689717,1,0.3181818181818182,0.0,12.25
4652,190331,C,0.78737473,79.51546766787541,62.60847027373653,0,0.4474708171206226,6.0,10.56
4653,35047,C,0.96608526,64.80572758654606,62.60785787037224,1,0.2872340425531915,0.0,13.0
4654,56440,C,0.744883,84.04932079524967,62.60691029342683,1,0.4630872483221476,3.0,8.2
4655,120834,C,0.54147553,115.61976783865794,62.60527558216046,0,0.5058823529411764,3.333333333333334,7.392857142857143
4656,123778,D,0.7587012,82.51485987884153,62.60412364140908,0,0.6101083032490975,10.666666666666668,12.647058823529411
4657,108955,C,0.64538336,96.9997018230068,62.601993287696615,0,0.5785340314136126,1.333333333333334,8.071428571428571
4658,29199,D,0.79586786,78.65875609441787,62.60197590807924,0,0.6753246753246753,6.333333333333334,9.428571428571429
4659,44677,D,0.7635866,81.98172210226927,62.6001428643412,0,0.7018518518518518,10.0,11.32
4660,184357,C,0.70119023,89.27565975220371,62.59922068346259,1,0.686411149825784,3.666666666666666,12.473684210526317
4661,77654,C,0.95627785,65.4594370975376,62.59740959245098,1,0.6197183098591549,0.0,12.75
4662,24249,C,0.8276643,75.62754359245564,62.59421911556187,1,0.6916666666666667,5.666666666666668,13.25
4663,118486,C,0.78583986,79.65126968948495,62.59314227679109,0,0.4705882352941176,-3.0,8.615384615384615
4664,101359,D,0.8538194,73.30463714951256,62.5889191288512,0,0.6573426573426573,11.0,11.352941176470589
4665,12069,C,0.9296668,67.32375675115503,62.58866266000313,1,0.25,2.333333333333333,11.0
4666,120398,B,0.77214015,81.05778944620069,62.58797332083363,1,0.5287356321839081,13.0,12.05
4667,8636,D,0.762382,82.09435364918751,62.58725513338562,0,0.6518218623481782,6.666666666666666,13.0
4668,82781,D,0.66258866,94.44970919802346,62.58130587225816,0,0.7868217054263565,5.666666666666666,7.736842105263157
4669,31555,B,0.8284279,75.54039573260746,62.57977221812794,0,0.5909090909090909,14.0,11.125
4670,163589,C,0.7241891,86.41209417993738,62.578696942249245,0,0.5368421052631579,7.0,10.4375
4671,42595,C,0.74245036,84.28661144416779,62.578624713505214,0,0.5538461538461539,-3.666666666666667,9.25
4672,23705,D,0.78096944,80.12906225580296,62.57834895272389,0,0.5925925925925926,13.333333333333332,10.23076923076923
4673,84546,C,0.69929236,89.48784087611634,62.57816359294139,1,0.719626168224299,0.6666666666666661,11.52
4674,30581,C,0.93505514,66.91913326576314,62.57307930236564,1,0.3,1.666666666666666,12.4
4675,126464,C,0.7824659,79.96716880648344,62.57158072333474,0,0.4727272727272727,6.333333333333333,10.612903225806452
4676,133554,C,0.5022453,124.58235900037296,62.57090513902573,0,0.2533333333333333,8.333333333333334,4.818181818181818
4677,23829,C,0.67437756,92.78077324983262,62.56927153624563,0,0.5523809523809524,-3.333333333333333,10.727272727272728
4678,38415,D,0.78996795,79.2046603394673,62.56914348821027,0,0.6168831168831169,8.333333333333334,12.04
4679,155371,C,0.8144652,76.81903406087105,62.566431840919016,1,0.7137254901960784,4.333333333333333,11.814814814814817
4680,101599,D,0.4646834,134.6370666407905,62.563611711017295,0,0.7276785714285714,5.666666666666666,6.8
4681,83508,C,0.50760424,123.25050033943336,62.562476723413326,0,0.75177304964539,1.3333333333333337,6.914285714285715
4682,23926,C,0.9716432,64.38684608657447,62.56104177839868,1,0.4716981132075472,0.0,13.0
4683,128329,D,0.83105206,75.27552623426091,62.557881513087686,0,0.6073619631901841,6.333333333333334,11.77777777777778
4684,140699,C,0.7153045,87.45573606703523,62.55748102644239,0,0.4078947368421052,-3.0,10.066666666666666
4685,114135,C,0.6590242,94.92347985634828,62.55686837842355,0,0.7667731629392971,2.0,9.6875
4686,59139,B,0.75604475,82.74028948111501,62.555361098816014,0,0.6043613707165109,16.333333333333336,13.04
4687,117469,C,0.96353066,64.92023754700196,62.55263930995933,1,0.2857142857142857,0.0,12.5
4688,162456,C,0.9572959,65.3398609228395,62.54958061665916,1,0.3846153846153846,0.0,12.25
4689,117703,D,0.6059405,103.22615777063216,62.54891179594146,1,0.6793478260869565,10.666666666666666,8.875
4690,182323,D,0.77738476,80.4579716579266,62.54680082611456,0,0.5542521994134897,7.666666666666666,11.807692307692308
4691,148653,C,0.52585477,118.94246599437136,62.54646266680693,0,0.5097493036211699,10.333333333333332,6.830188679245283
4692,64689,C,0.78362286,79.81564845458527,62.54536678724987,0,0.5,14.333333333333334,10.56
4693,163853,D,0.5859067,106.74887304769447,62.54487827066721,0,0.6428571428571429,7.666666666666666,8.85
4694,81216,C,0.6151813,101.6668360574388,62.54353910409853,0,0.5156794425087108,9.333333333333332,8.25
4695,9197,D,0.5697479,109.7736972751152,62.54333622063486,0,0.6039215686274509,6.000000000000001,7.8076923076923075
4696,136101,D,0.51235455,122.06428019422252,62.540189685151226,0,0.5973154362416108,16.333333333333336,6.103448275862069
4697,4651,C,0.72614616,86.12346866354632,62.538226189943614,1,0.5963302752293578,3.666666666666666,10.04
4698,96849,C,0.72321194,86.47189757334456,62.53750915431485,0,0.625,-1.333333333333334,11.5
4699,9041,C,0.9780226,63.94237031917221,62.53708169535732,1,0.1666666666666666,0.0,10.25
4700,134842,C,0.6457367,96.84233157653324,62.53464706401535,0,0.4894514767932489,4.0,7.461538461538462
4701,80923,D,0.51359135,121.75554051501202,62.53259231653748,0,0.5570032573289903,13.333333333333334,6.791666666666667
4702,62379,C,0.7754839,80.63465210953206,62.5308749985477,0,0.6185567010309279,0.333333333333333,9.565217391304348
4703,151667,D,0.6212408,100.6508883879717,62.528437885243726,0,0.6108949416342413,10.0,8.846153846153847
4704,45081,B,0.76982194,81.22209052553798,62.52654744969484,1,0.7107142857142857,14.666666666666666,11.27777777777778
4705,50564,D,0.55212116,113.24768610895832,62.52644409523625,0,0.5944272445820433,10.333333333333332,7.25
4706,148656,B,0.64231056,97.34526247277564,62.52589002786058,0,0.4766839378238341,15.333333333333332,8.166666666666666
4707,132861,D,0.72982,85.67154909516665,62.52481107832823,0,0.579250720461095,6.666666666666666,11.043478260869565
4708,69047,B,0.7942699,78.7182730635241,62.52355640111405,1,0.58,21.333333333333336,10.4375
4709,195434,B,0.722929,86.4811329312046,62.51971902272026,0,0.6031746031746031,13.0,11.375
4710,121849,C,0.54852414,113.9747496440084,62.51790167968949,0,0.5993031358885017,3.333333333333334,7.75
4711,200052,C,0.6695636,93.370246700604,62.51731771825386,0,0.375,6.666666666666667,7.9
4712,145816,C,0.853402,73.25293355958497,62.51420136424335,0,0.5631067961165048,-1.3333333333333337,9.941176470588236
4713,139406,D,0.79812753,78.32526701280824,62.51355205458957,0,0.6427320490367776,13.333333333333332,10.173913043478262
4714,197880,B,0.6751688,92.58902208179394,62.51322006866235,0,0.7014925373134329,15.0,11.541666666666666
4715,95205,C,0.65605974,95.28317529506334,62.51145539853094,1,0.7182448036951501,2.666666666666667,11.064516129032258
4716,103663,C,0.44993505,138.92932670506488,62.50917339337696,0,0.3333333333333333,7.333333333333333,2.4444444444444446
4717,6221,C,0.8510427,73.44917098696796,62.50837990025544,0,0.5643564356435643,-0.3333333333333339,12.733333333333333
4718,8880,B,0.8382641,74.56249534520009,62.50306362873993,1,0.5294117647058824,20.666666666666668,10.066666666666666
4719,82004,C,0.50351864,124.13195813042132,62.50275486188116,0,0.7252252252252253,3.0,7.520833333333333
4720,26194,C,0.82773554,75.50858545538159,62.50114000202768,0,0.4609375,10.333333333333332,10.625
4721,27768,B,0.6881238,90.82564044486504,62.49928685779327,0,0.6623376623376623,19.666666666666664,10.12
4722,39977,C,0.96108496,65.02718763443154,62.49665214952788,0,0.3703703703703703,0.0,13.25
4723,167093,C,0.69662166,89.71389963973527,62.49664537073684,0,0.5127272727272727,4.999999999999999,9.954545454545457
4724,85254,C,0.558505,111.8978893022668,62.495530517497,0,0.578125,3.333333333333333,9.033333333333331
4725,86156,C,0.72967756,85.64427781682016,62.49270748936201,0,0.6,-4.000000000000001,11.25
4726,45790,C,0.6376126,98.01010969159584,62.49247902935317,0,0.5873015873015873,2.666666666666667,9.0
4727,97802,D,0.78507066,79.60070052017713,62.492174313152375,0,0.6837060702875399,10.666666666666666,13.608695652173912
4728,41788,C,0.7270368,85.95454838052162,62.49211757882325,0,0.5034965034965035,10.666666666666668,10.37037037037037
4729,179170,C,0.709812,88.04025118557067,62.49202549730651,1,0.6209386281588448,4.999999999999999,11.72222222222222
4730,2789,C,0.7783486,80.28144079457041,62.486949031891584,0,0.4690265486725664,5.000000000000001,12.166666666666666
4731,123202,C,0.6664,93.76542070140827,62.485277795107415,0,0.5531914893617021,2.666666666666668,9.9375
4732,26886,D,0.8275461,75.50150330809286,62.48097609336953,0,0.6181818181818182,10.333333333333334,11.11111111111111
4733,183725,C,0.80931795,77.19914220955656,62.47865123950626,1,0.2605042016806723,0.6666666666666665,8.2
4734,111657,D,0.7764301,80.46806538884353,62.47782567483074,0,0.5704697986577181,11.666666666666668,12.523809523809524
4735,146324,C,0.7087402,88.15191915592239,62.476806588910655,0,0.6265060240963856,-2.333333333333334,11.9
4736,175543,B,0.6988671,89.39638116132143,62.47618809683709,0,0.4414414414414414,15.333333333333336,7.777777777777778
4737,182736,C,0.6970708,89.62604782373097,62.475698833232286,1,0.6230031948881789,-0.3333333333333321,10.346153846153848
4738,203149,C,0.7715097,80.97738621725135,62.47483951199441,0,0.5245901639344263,3.333333333333332,11.392857142857142
4739,68080,C,0.80248964,77.84901432067329,62.473027346431394,0,0.4716981132075472,-5.0,11.384615384615383
4740,161376,D,0.74383914,83.98683543082717,62.47269583349104,1,0.5966183574879227,8.333333333333332,12.0
4741,81123,C,0.4423204,141.2378471751964,62.47238196680849,0,0.7,1.3333333333333337,6.448275862068965
4742,50736,C,0.84159523,74.22880536268909,62.47060870642417,1,0.6835443037974683,3.000000000000001,12.470588235294118
4743,42791,C,0.875761,71.33060946322004,62.4685639125164,1,0.4693877551020408,3.666666666666666,13.727272727272728
4744,204300,B,0.6677574,93.54884216665694,62.46793086324311,0,0.6590909090909091,12.0,10.647058823529411
4745,187928,D,0.6462616,96.66042792439764,62.467920181598885,0,0.569672131147541,8.333333333333332,8.193548387096774
4746,77084,C,0.788559,79.21571252631607,62.466264603940814,1,0.5,10.0,8.653846153846153
4747,123995,C,0.6494025,96.1900267755375,62.46604378604447,0,0.4545454545454545,-0.3333333333333339,7.578947368421052
4748,153445,D,0.73772496,84.67163310097855,62.46437712987969,1,0.5764705882352941,11.0,12.157894736842104
4749,8778,B,0.7046901,88.63970673384819,62.4635236925556,0,0.647887323943662,22.666666666666668,12.608695652173912
4750,91490,C,0.655057,95.35397426442404,62.46228956265277,0,0.5478260869565217,1.333333333333334,9.5
4751,193052,C,0.6971809,89.59211949114179,62.46191690079034,0,0.6891891891891891,1.666666666666667,12.0
4752,107513,C,0.4488961,139.1448354311458,62.46157535967838,0,0.7480314960629921,-2.0,5.5
4753,168880,D,0.48544917,128.66502971021285,62.46033125113832,0,0.5789473684210527,8.333333333333334,6.142857142857143
4754,195635,C,0.67280936,92.83488728849956,62.46018132611877,1,0.7132486388384754,1.0,11.586206896551724
4755,31955,D,0.7029774,88.84792259499747,62.4580833004171,0,0.6791044776119403,10.0,10.9375
4756,146912,C,0.61970955,100.78241632440184,62.45582600278988,0,0.7403846153846154,1.666666666666667,8.741935483870968
4757,105580,C,0.6803829,91.79510044657428,62.45581732605186,1,0.5384615384615384,7.333333333333333,9.941176470588236
4758,200890,C,0.6793403,91.935332000552,62.45537629252907,0,0.6481481481481481,0.666666666666667,11.714285714285714
4759,51001,C,0.8672074,72.01768070840849,62.45426621380723,1,0.5,2.0,13.142857142857142
4760,42454,C,0.83849686,74.47928932799054,62.45065052270179,1,0.4772727272727273,-0.3333333333333321,13.2
4761,164574,D,0.80696183,77.38612515803567,62.44764951701179,0,0.6687116564417178,9.666666666666668,11.4
4762,75793,C,0.69097626,90.37290986644332,62.44553545394558,1,0.5697674418604651,0.6666666666666661,10.064516129032258
4763,186846,D,0.6361084,98.16713266524192,62.44493753888863,0,0.6598984771573604,10.0,9.45
4764,41631,B,0.65555173,95.24882782817104,62.44053401433777,0,0.6868327402135231,20.0,11.464285714285714
4765,107755,D,0.804543,77.60888903084273,62.43968983097094,0,0.7564102564102564,8.0,13.238095238095235
4766,65955,C,0.84569067,73.83144522851215,62.43856420733225,0,0.5,-0.666666666666667,11.866666666666667
4767,187475,C,0.8538174,73.12658588367779,62.43675167260263,0,0.4,8.333333333333334,10.8
4768,27301,C,0.7868477,79.34765657343776,62.43452191703327,0,0.5227272727272727,1.666666666666666,12.142857142857142
4769,83663,C,0.97851264,63.8050314055836,62.43403003016767,1,0.1864406779661017,0.0,10.5
4770,70723,C,0.73880064,84.50527927678701,62.43255482499611,0,0.542319749216301,0.666666666666667,8.6875
4771,7757,C,0.7910256,78.92457380916187,62.43135669280086,0,0.3939393939393939,9.0,7.88
4772,896,D,0.83257115,74.98583326504048,62.43104135062715,0,0.6411609498680739,6.333333333333334,11.48
4773,61561,C,0.87969273,70.96870383614082,62.4306530555079,1,0.336734693877551,7.333333333333333,10.375
4774,85533,C,0.8256502,75.61179852002539,62.42889771585619,1,0.4277108433734939,-2.0,11.785714285714286
4775,134626,C,0.7589195,82.26006894422295,62.428768539201,0,0.3846153846153846,-5.333333333333334,9.0
4776,148348,C,0.75176823,83.04193986614926,62.4282922645281,0,0.5086206896551724,10.333333333333332,11.22222222222222
4777,109703,C,0.7568246,82.48616813769348,62.42756224711124,0,0.5444444444444444,1.666666666666666,11.142857142857142
4778,56180,C,0.66264874,94.20820333922994,62.42694699834336,1,0.7483443708609272,3.666666666666666,11.516129032258064
4779,46489,D,0.804995,77.54884342431782,62.426431240462136,0,0.7280701754385965,14.333333333333336,12.56
4780,158263,C,0.589467,105.90282795455838,62.42622112523436,0,0.5796178343949044,3.666666666666667,8.34375
4781,14907,C,0.68736184,90.817474485196,62.42446604238873,1,0.620817843866171,1.0,10.346153846153848
4782,114635,C,0.80022895,78.00720419038659,62.42362336393075,0,0.5354330708661418,7.666666666666666,12.055555555555555
4783,181769,C,0.5217834,119.63507554515309,62.42359785334973,0,0.5893805309734513,2.333333333333333,6.192982456140351
4784,2230,D,0.5572561,112.014191213395,62.4205916272056,0,0.6325581395348837,13.0,7.35
4785,126845,D,0.7784726,80.18195746039979,62.41945708710968,0,0.7476635514018691,10.0,10.77777777777778
4786,188206,C,0.7717063,80.8827504381192,62.417726706899145,0,0.6324324324324324,-0.3333333333333321,12.916666666666666
4787,108431,C,0.63432497,98.39825531874888,62.41647014266112,0,0.4090909090909091,3.0,8.058823529411764
4788,117124,C,0.46333203,134.7099153131359,62.41541814555584,0,0.5893416927899686,-1.333333333333334,6.483870967741935
4789,121533,C,0.57337195,108.85639727454254,62.41520442820968,0,0.5151515151515151,5.666666666666667,7.306122448979591
4790,110336,C,0.6136949,101.70277842645694,62.41447707023716,0,0.5295698924731183,5.666666666666666,7.512195121951219
4791,172617,C,0.8764589,71.21154587793603,62.413991977211566,1,0.24,0.0,11.6
4792,197655,C,0.62884223,99.25207411509156,62.41389607636152,1,0.6165413533834586,-4.666666666666667,10.071428571428571
4793,105854,D,0.8171965,76.37553863931427,62.41382197421163,0,0.6438356164383562,9.333333333333332,11.3
4794,32656,C,0.4439942,140.5723688366494,62.41331563813817,0,0.732360097323601,3.666666666666666,6.5588235294117645
4795,85181,C,0.5144466,121.31947903587046,62.41239546584936,0,0.610223642172524,3.0,7.911764705882353
4796,192765,C,0.79284173,78.71462809002506,62.408242108144776,1,0.4944444444444444,14.0,11.227272727272728
4797,81434,C,0.642575,97.12029425341991,62.4070755621376,0,0.6904176904176904,4.333333333333334,9.8125
4798,95684,D,0.63510966,98.26073460124276,62.40634203967532,0,0.6405228758169934,9.666666666666664,9.2
4799,104341,C,0.71708256,87.02755720674354,62.40594351778936,0,0.5471698113207547,7.0,10.285714285714286
4800,153957,C,0.7338385,85.03962552604919,62.40535111689389,0,0.5919778699861687,0.6666666666666661,11.8
4801,143755,C,0.64280534,97.08223862921358,62.40498120671128,1,0.8057553956834532,3.333333333333333,6.973684210526316
4802,125114,C,0.59950453,104.09372452452156,62.40465944176642,0,0.5,-3.333333333333333,6.08
4803,62541,C,0.58261746,107.10777947363566,62.40286260325712,0,0.688715953307393,2.333333333333333,7.578947368421052
4804,127942,C,0.9326416,66.9086243798716,62.40176819521309,1,0.5217391304347826,3.333333333333332,12.125
4805,22645,C,0.8945399,69.75850072579263,62.401761752314286,1,0.3125,2.000000000000001,10.454545454545457
4806,34600,B,0.7321843,85.22674582495924,62.40168445636277,0,0.6771929824561403,23.0,13.38888888888889
4807,49828,C,0.7779855,80.20722957388416,62.40006266321435,0,0.5567567567567567,-0.6666666666666661,10.63157894736842
4808,87431,D,0.650371,95.93991005674717,62.39653668951045,0,0.5971563981042654,7.0,9.461538461538462
4809,63833,C,0.7058804,88.39406640772081,62.39563926453868,0,0.4538461538461538,9.0,9.4
4810,149381,C,0.89512956,69.70555639292326,62.39550412283109,1,0.2459016393442623,4.333333333333333,11.5
4811,149188,C,0.7364993,84.71691285227723,62.39394782204516,0,0.535483870967742,4.999999999999999,10.782608695652174
4812,47058,D,0.70383716,88.64696821483172,62.39303002256923,0,0.6584158415841584,9.333333333333332,11.421052631578949
4813,142756,C,0.65968204,94.5802558851908,62.39289571536199,0,0.6744186046511628,-3.666666666666667,9.074074074074074
4814,171507,C,0.78567594,79.41203273816767,62.392123698990574,1,0.4416666666666666,8.0,10.083333333333334
4815,178959,C,0.91367686,68.28532887825268,62.39072473344845,1,0.1555555555555555,-0.6666666666666661,10.0
4816,167865,C,0.89125085,70.00291480097262,62.39015723275075,1,0.3278688524590163,-2.0,12.0
4817,127350,C,0.8598546,72.55826922385974,62.38956003440899,0,0.4166666666666667,0.0,11.0
4818,11892,B,0.6994287,89.19802306144723,62.38765531073621,0,0.6153846153846154,16.666666666666664,10.391304347826088
4819,185002,C,0.64931023,96.08282256738448,62.38755973642264,0,0.6491228070175439,4.333333333333333,10.5
4820,59203,C,0.8782867,71.03322168812687,62.38753523935182,1,0.4453781512605042,-0.333333333333333,12.615384615384617
4821,88619,C,0.751112,83.05972091164715,62.38715178544184,0,0.4774774774774775,4.666666666666667,9.696969696969695
4822,82178,B,0.70270914,88.77988305427778,62.38643512773854,0,0.6590909090909091,19.33333333333333,12.066666666666666
4823,123355,B,0.7794831,80.0349530477645,62.38589170214599,0,0.6666666666666666,17.0,8.826086956521738
4824,111720,C,0.8190161,76.17092218305292,62.385211541778766,0,0.4188034188034188,5.0,10.272727272727272
4825,118217,C,0.8858398,70.4238530396764,62.38425329390441,1,0.3555555555555555,0.0,12.2
4826,134172,B,0.72040063,86.5960365430492,62.38383940475444,0,0.7272727272727273,13.333333333333332,12.961538461538462
4827,185875,C,0.80636275,77.36331438372305,62.38289479214631,0,0.6931506849315069,5.0,13.470588235294118
4828,137933,D,0.42396107,147.14081531047,62.381977964689455,1,0.699438202247191,5.333333333333334,5.254237288135593
4829,57599,B,0.66235113,94.18144596552057,62.38118729584326,0,0.7528089887640449,18.33333333333333,9.791666666666666
4830,194130,D,0.8373651,74.49586248857848,62.38023466047529,0,0.6138107416879796,10.0,11.454545454545457
4831,122104,B,0.8159149,76.45030146535302,62.37694228548983,0,0.5725490196078431,14.666666666666664,8.958333333333334
4832,149445,C,0.9612778,64.88922703248582,62.376572296987305,1,0.3733333333333333,0.0,13.25
4833,39180,C,0.72305703,86.26633057655641,62.37547691642398,0,0.75,4.333333333333333,7.888888888888889
4834,75964,C,0.58780396,106.11023185830255,62.37201446654012,0,0.7240356083086054,3.0,8.576923076923077
4835,145897,C,0.6557003,95.12186788991588,62.37143978190135,0,0.5316455696202531,7.666666666666666,9.238095238095235
4836,157348,C,0.8498427,73.39118343814953,62.37096348435991,0,0.392156862745098,4.333333333333334,10.285714285714286
4837,106385,C,0.7842773,79.52216604141725,62.36743125625299,0,0.5873015873015873,2.666666666666667,12.625
4838,77229,D,0.75086725,83.05594533508756,62.36398906903522,1,0.5625,5.666666666666667,11.26923076923077
4839,97291,D,0.5007172,124.54848446956194,62.363571233920176,0,0.7129629629629629,5.666666666666666,5.6875
4840,52172,D,0.76067394,81.98255515249926,62.36199325401778,0,0.7394366197183099,8.0,12.0
4841,12573,C,0.7681303,81.18586088620877,62.36131987549844,0,0.7028112449799196,-0.333333333333333,13.52
4842,139140,D,0.6854067,90.98334982484975,62.36059618231711,0,0.7688172043010753,6.666666666666668,11.826086956521738
4843,41180,C,0.7542841,82.6734468671202,62.35926512832782,0,0.5094339622641509,14.0,12.214285714285714
4844,70436,C,0.9569687,65.16182789537174,62.35783134195525,1,0.3157894736842105,0.0,11.75
4845,8228,C,0.72555673,85.94162279862002,62.3555229138579,0,0.5868945868945868,0.6666666666666679,12.076923076923077
4846,63785,C,0.7656978,81.43538621882595,62.35489421898251,1,0.8028169014084507,4.333333333333333,12.68
4847,83405,D,0.64891607,96.09056190341674,62.354709380585405,0,0.6941176470588235,12.666666666666668,10.838709677419354
4848,196426,D,0.5583839,111.6695367458353,62.35446943438958,0,0.8615384615384616,14.999999999999998,7.3125
4849,191819,C,0.82911414,75.2047675156568,62.35333607345892,1,0.5227272727272727,1.0,12.909090909090908
4850,125045,B,0.6929799,89.97418165259687,62.35029690531983,1,0.6103896103896104,13.999999999999998,10.23076923076923
4851,94485,C,0.6193959,100.66261778192197,62.35001391449523,1,0.4864864864864865,4.333333333333333,8.291666666666666
4852,9688,C,0.5382432,115.83876234806148,62.34942318250158,0,0.6190476190476191,2.0,7.588235294117647
4853,2923,C,0.7739819,80.55538451138301,62.34841188139024,0,0.4761904761904761,6.333333333333334,10.095238095238097
4854,142504,D,0.6723996,92.72152902683742,62.34591721898614,1,0.7086330935251799,5.999999999999999,10.962962962962964
4855,150239,D,0.8010653,77.82856721311542,62.345766546218265,0,0.5623268698060941,7.0,12.35
4856,61419,D,0.6241051,99.8949112301368,62.344923149544606,0,0.6234567901234568,15.666666666666668,8.931034482758621
4857,153037,C,0.694938,89.71287822594068,62.344888528944296,0,0.6190476190476191,-3.0,11.75
4858,171531,D,0.82518333,75.54975305186478,62.34239695257649,1,0.6890756302521008,6.333333333333334,14.22222222222222
4859,63070,B,0.7853364,79.3820641819358,62.34162254343355,0,0.6777777777777778,17.333333333333336,13.733333333333333
4860,94680,C,0.8328871,74.8480671904028,62.33999060290502,0,0.6946107784431138,0.3333333333333339,11.352941176470589
4861,165200,C,0.8054665,77.39442173135514,62.33861190976749,0,0.5934065934065934,3.333333333333334,13.066666666666666
4862,30981,C,0.7035349,88.60371302167736,62.33580448153059,1,0.6810344827586207,-1.666666666666667,9.904761904761903
4863,10492,C,0.5410101,115.2176577209033,62.333914424707466,0,0.6792452830188679,0.666666666666667,7.0
4864,132755,C,0.6036615,103.25967269821656,62.33388659396273,0,0.5829383886255924,3.333333333333333,7.760869565217392
4865,164400,C,0.96151316,64.82850745812974,62.33346317171599,1,0.4193548387096774,0.0,13.25
4866,104325,D,0.7963478,78.27403761346457,62.3333574092779,0,0.6216216216216216,12.0,11.466666666666669
4867,107670,D,0.5392166,115.59856405042348,62.33266212976282,0,0.6368159203980099,9.999999999999998,7.840909090909091
4868,50709,C,0.8027191,77.64966329012726,62.33086909032784,1,0.5571428571428572,6.333333333333334,13.0
4869,174343,C,0.775468,80.37828183878703,62.33078480418301,1,0.2758620689655172,1.0,9.5
4870,46524,D,0.8044982,77.47583106601512,62.32916629895341,0,0.6579925650557621,11.333333333333336,11.857142857142858
4871,13206,D,0.62702906,99.40019818959998,62.32681296559275,0,0.610126582278481,8.333333333333334,8.756756756756756
4872,150031,C,0.70685315,88.17503035577649,62.3267980748417,0,0.6342592592592593,0.333333333333333,11.65
4873,59041,D,0.53428644,116.65202938031776,62.32559742858638,0,0.7050610820244329,5.333333333333333,7.531914893617022
4874,201640,D,0.8055813,77.36666013856122,62.32513245761226,0,0.578397212543554,6.333333333333333,12.333333333333334
4875,83746,B,0.76886123,81.05736317964096,62.32186429433017,1,0.6857142857142857,10.999999999999998,12.8125
4876,58720,C,0.7473524,83.38983856293792,62.32159776047035,1,0.2631578947368421,1.0,7.315789473684211
4877,97556,C,0.84019387,74.17365068819365,62.32024645191169,0,0.6541095890410958,0.666666666666667,14.235294117647058
4878,119794,D,0.7163685,86.99341904398321,62.31934479879919,0,0.5952380952380952,11.666666666666666,11.884615384615383
4879,129673,C,0.7155274,87.09517778620943,62.31898744433301,0,0.5081967213114754,5.333333333333334,10.125
4880,35150,B,0.6361735,97.95850520823136,62.31860381118054,0,0.7172523961661342,19.0,10.969696969696969
4881,170294,C,0.7145766,87.21034624685765,62.31847287876339,0,0.6779661016949152,2.333333333333332,11.8125
4882,59410,B,0.75518006,82.52052059958656,62.31785176888306,1,0.6304347826086957,12.333333333333332,12.72
4883,49656,C,0.4874564,127.84219649648976,62.31749829429551,0,0.6569506726457399,0.666666666666667,6.357142857142857
4884,202561,D,0.8435449,73.8755389449086,62.31733414255935,1,0.7053140096618358,11.666666666666664,14.176470588235292
4885,45831,C,0.5247088,118.7630635912408,62.31602546825541,0,0.4888888888888889,2.0,6.2
4886,105767,C,0.96151316,64.80687016900985,62.3126586334446,1,0.4333333333333333,0.0,13.25
4887,77503,C,0.5175993,120.38439639879375,62.3108774589047,0,0.5919003115264797,4.333333333333334,7.3
4888,152164,C,0.6741553,92.42696814745108,62.31012996771156,0,0.3863636363636363,2.000000000000001,7.769230769230769
4889,137209,D,0.8310363,74.9748383105004,62.30681441712573,0,0.6223404255319149,10.0,11.454545454545457
4890,115993,B,0.7596136,82.0223513982334,62.30529145668253,0,0.5545454545454546,21.0,8.409090909090908
4891,39778,C,0.88805014,70.15198271717759,62.29847799963196,0,0.1956521739130435,8.666666666666666,9.666666666666666
4892,32014,C,0.7875249,79.10459493779724,62.29683655505017,0,0.5142857142857142,8.333333333333332,9.105263157894736
4893,2233,C,0.701243,88.8359149609169,62.29556203504002,0,0.5036496350364964,11.666666666666664,9.757575757575758
4894,5984,D,0.7076003,88.03534402623727,62.29383545125421,0,0.6645161290322581,7.666666666666666,11.26086956521739
4895,130606,C,0.9206168,67.66321995655501,62.2918974098632,1,0.3703703703703703,5.0,12.6
4896,179703,B,0.8142574,76.50000010337625,62.290689910186536,1,0.62,18.666666666666664,12.133333333333333
4897,24003,D,0.73652434,84.57347898621511,62.290426087038185,0,0.6382978723404256,9.666666666666666,12.523809523809524
4898,154570,C,0.7279233,85.5690345930691,62.28769181744789,0,0.525974025974026,7.666666666666667,10.857142857142858
4899,7414,C,0.8419704,73.97747050965977,62.28683926131383,1,0.2592592592592592,6.666666666666667,9.88888888888889
4900,100970,C,0.7160915,86.97960126678649,62.285354326391264,1,0.6428571428571429,2.0,11.0
4901,161628,C,0.79304963,78.53235404958386,62.28005459714719,1,0.5128205128205128,5.0,10.851851851851851
4902,45333,C,0.7169995,86.85812936545906,62.27723282337757,1,0.5480769230769231,14.333333333333336,9.894736842105264
4903,20334,C,0.47328165,131.57555033222158,62.272293789215695,0,0.782608695652174,3.000000000000001,7.804347826086956
4904,192551,C,0.49112105,126.79369145085327,62.27105134730784,0,0.6262798634812287,1.666666666666666,8.387096774193548
4905,205433,B,0.74912393,83.12394714107286,62.27013803682875,1,0.5423076923076923,15.333333333333332,9.875
4906,38317,C,0.84204215,73.94946902746915,62.26856975172443,1,0.6091127098321343,3.333333333333334,12.608695652173912
4907,117756,B,0.77181613,80.67412660743129,62.265592548505,0,0.5094339622641509,14.666666666666668,11.708333333333334
4908,65228,D,0.5509513,113.01332480754364,62.264838451890256,0,0.6341463414634146,10.0,7.454545454545454
4909,111579,C,0.67263585,92.56668237320264,62.2636693843752,1,0.4397590361445783,5.333333333333334,8.625
4910,9837,C,0.69920576,89.04635865250141,62.26172653736015,0,0.2972972972972973,9.666666666666666,6.714285714285714
4911,27519,C,0.6745666,92.2968984005804,62.26040739499381,0,0.69,0.0,11.5
4912,32482,B,0.7503077,82.9792461446325,62.259965594580684,0,0.5351351351351351,16.666666666666668,11.166666666666666
4913,158959,C,0.6629004,93.91683268790295,62.25750485115846,0,0.6091549295774648,-5.0,9.173913043478262
4914,41869,B,0.66694397,93.34654903120942,62.2569177485945,1,0.5961538461538461,23.666666666666668,9.65625
4915,145966,C,0.8980876,69.32164815033067,62.256914052770966,1,0.3617021276595745,-1.666666666666666,12.6
4916,106498,C,0.58526814,106.37314597831796,62.256813275570885,1,0.543859649122807,-0.333333333333333,9.666666666666666
4917,100408,B,0.66818404,93.1730915312501,62.25677290283704,0,0.6558265582655827,16.666666666666664,10.838709677419354
4918,177336,C,0.7366201,84.51390881955464,62.25464634551959,1,0.6464646464646465,-0.3333333333333339,12.652173913043478
4919,184549,C,0.5659842,109.99073373481832,62.25301628654937,0,0.4444444444444444,2.6666666666666665,6.190476190476191
4920,48137,C,0.65171987,95.51951632617352,62.25196658901071,0,0.5916230366492147,1.0,8.216216216216216
4921,120624,C,0.9143538,68.08228343412621,62.25129374680782,0,0.371900826446281,4.000000000000001,10.88888888888889
4922,62545,C,0.7624393,81.64559443474165,62.249810730325656,0,0.5323383084577115,4.333333333333332,12.307692307692308
4923,113749,C,0.5746427,108.32780915848272,62.24978667229783,0,0.4622222222222222,8.666666666666666,7.6923076923076925
4924,177304,C,0.9555665,65.14407918985336,62.24950140569298,1,0.3013698630136986,0.0,12.0
4925,98236,B,0.6417428,97.00040614905546,62.24931471752985,0,0.7995824634655533,17.0,8.365853658536585
4926,39879,C,0.8432083,73.82362775928414,62.24869662158083,1,0.5609756097560976,2.0,10.88888888888889
4927,59964,B,0.80246854,77.57117609277924,62.24842829216673,1,0.5260115606936416,19.33333333333333,8.772727272727273
4928,182122,D,0.63913983,97.38832877033892,62.2447599980873,1,0.6632996632996633,6.999999999999999,9.617647058823527
4929,106117,C,0.52552044,118.44304082710995,62.24423939426174,0,0.5227272727272727,4.666666666666666,6.574074074074074
4930,37256,D,0.64786464,96.07466733198018,62.24337974100523,0,0.6952380952380952,8.0,10.454545454545457
4931,53009,C,0.73330194,84.87620420478665,62.23988499781501,0,0.496551724137931,7.666666666666666,10.0
4932,197377,C,0.44701135,139.2226962002181,62.23412559982138,0,0.6809815950920245,0.0,6.703703703703703
4933,4495,C,0.62654877,99.32784368071746,62.233737995846255,0,0.4878892733564013,-1.0,9.133333333333333
4934,115200,C,0.5796312,107.36071259947268,62.229619683230325,0,0.5469255663430421,13.666666666666666,7.761904761904762
4935,121315,B,0.81408304,76.44099160967697,62.22931481191955,0,0.6142433234421365,15.333333333333332,11.04
4936,114456,D,0.8391799,74.15348674507632,62.22811362383232,0,0.555,8.0,9.93103448275862
4937,136659,C,0.7846176,79.3099740734892,62.22800173766706,0,0.4424242424242424,6.333333333333333,8.181818181818182
4938,14602,C,0.9612613,64.73467229722154,62.22693346279343,1,0.3103448275862069,0.0,13.25
4939,116485,C,0.8837315,70.41382750142982,62.22691630104985,1,0.5283018867924528,-5.333333333333333,13.88888888888889
4940,8180,C,0.6789505,91.64795178816476,62.2244216427716,0,0.6814159292035398,-2.333333333333334,11.066666666666666
4941,199955,C,0.4709062,132.1348656888138,62.22312722803026,0,0.7434146341463415,-0.666666666666667,6.595744680851064
4942,52248,D,0.6622202,93.95982195538524,62.2220902113177,0,0.594059405940594,14.666666666666668,9.666666666666666
4943,133147,C,0.6648666,93.5851821193157,62.221664303846495,0,0.6657458563535912,0.0,10.724137931034482
4944,88974,C,0.8481,73.36406544805794,62.22006438925937,1,0.5303030303030303,9.333333333333332,10.333333333333334
4945,61805,C,0.70845306,87.82512575978582,62.219979018835154,0,0.4705882352941176,10.666666666666668,9.785714285714286
4946,39777,C,0.7573019,82.15813125993483,62.2185110900604,0,0.4927536231884058,-1.0,10.037037037037036
4947,192462,D,0.7990786,77.86003347769898,62.216285279544856,0,0.6055045871559633,8.333333333333332,9.454545454545457
4948,200988,C,0.79335535,78.4181688543736,62.21347346266245,1,0.6898550724637681,4.0,13.76
4949,80995,C,0.68883795,90.31344824833116,62.211330138903456,1,0.4967320261437908,4.333333333333334,11.555555555555555
4950,150602,C,0.8022402,77.54251539308942,62.20772250614082,1,0.7379912663755459,1.333333333333334,13.666666666666666
4951,172078,C,0.7935301,78.39307932895794,62.20726859225901,0,0.6153846153846154,1.666666666666666,13.133333333333333
4952,188068,C,0.6399264,97.20649096434532,62.20499728805172,0,0.5752212389380531,4.666666666666667,9.538461538461538
4953,175363,D,0.6674133,93.2029027221516,62.20485634554319,0,0.7189542483660131,6.000000000000001,11.857142857142858
4954,186075,C,0.78090143,79.6550070782354,62.202709096339554,1,0.4540540540540541,11.666666666666664,11.26086956521739
4955,37675,D,0.64069873,97.08467753103734,62.20202968839718,0,0.5777777777777777,7.666666666666668,8.8
4956,83497,B,0.5305186,117.24216032082226,62.19914574656002,0,0.606694560669456,20.666666666666664,6.185185185185185
4957,118514,C,0.6909967,90.0129677797856,62.19866427683963,0,0.660377358490566,-1.333333333333334,11.133333333333333
4958,153856,B,0.67276007,92.45076768419278,62.19718488055223,0,0.7254901960784313,12.666666666666666,12.038461538461538
4959,198640,D,0.794488,78.2854670097302,62.19686511495088,1,0.6046511627906976,5.333333333333333,12.923076923076923
4960,40036,C,0.802031,77.54433279925325,62.19295727395019,1,0.431578947368421,4.666666666666667,10.444444444444445
4961,99181,C,0.92472625,67.24899668507213,62.18691237205913,1,0.4,7.666666666666666,11.833333333333334
4962,6333,C,0.65389407,95.10126979228328,62.18615606332893,0,0.5664335664335665,1.0,9.148148148148149
4963,188205,C,0.7321262,84.93633615455461,62.18411502262976,0,0.482233502538071,14.666666666666668,9.904761904761903
4964,97800,D,0.7162297,86.8165134378723,62.18056339526429,1,0.5949367088607594,12.0,11.375
4965,205275,C,0.92294526,67.37172942347448,62.18041839687695,1,0.3670886075949367,2.0000000000000004,11.363636363636363
4966,98112,B,0.7268722,85.54491173319637,62.18021868085042,0,0.56,21.33333333333333,11.263157894736842
4967,20190,C,0.68050593,91.3717151856911,62.17899414399024,0,0.6573426573426573,0.666666666666667,11.28125
4968,165729,C,0.74709964,83.22644754617562,62.1784488325445,1,0.5784313725490197,-2.333333333333333,8.051282051282051
4969,130310,C,0.6513831,95.45518406378602,62.17789389173739,1,0.6666666666666666,3.666666666666668,9.794117647058824
4970,126179,D,0.5386936,115.41695548295368,62.17437604116044,0,0.65625,10.666666666666666,7.333333333333333
4971,3081,C,0.934778,66.5121237384119,62.17406834662253,1,0.4153846153846154,7.000000000000001,12.333333333333334
4972,101644,C,0.8490146,73.2294979626556,62.17291147466664,1,0.6206896551724138,2.0,13.857142857142858
4973,153441,C,0.66496015,93.4981727519315,62.172558599212365,0,0.5080645161290323,7.666666666666667,9.454545454545457
4974,170370,C,0.4978419,124.880048626693,62.170520009376965,0,0.6788990825688074,-1.0,7.483870967741935
4975,152456,D,0.7979538,77.91008762448767,62.168649268021234,0,0.6346153846153846,9.333333333333332,11.846153846153848
4976,203927,D,0.7166882,86.74187001856076,62.16687605290921,0,0.7094017094017094,8.333333333333332,12.4
4977,77022,C,0.6665404,93.2656291737872,62.16530831078749,0,0.7477477477477478,1.0,9.92
4978,131876,D,0.76889265,80.84376292888899,62.1601747777218,1,0.5844155844155844,7.333333333333333,11.272727272727272
4979,40998,C,0.56364685,110.279967714164,62.15895674773533,0,0.7584269662921348,-1.333333333333333,7.0
4980,101098,C,0.80555296,77.16264137937833,62.15859412153064,1,0.6379310344827587,3.333333333333333,9.263157894736842
4981,186869,D,0.6824545,91.0797322122005,62.15777551373918,0,0.6010498687664042,14.666666666666666,10.033333333333331
4982,198734,C,0.5562705,111.73643735958368,62.15568166093027,0,0.8009259259259259,4.333333333333333,7.4375
4983,139366,C,0.7797905,79.70549755891669,62.153591441572026,0,0.5551020408163265,2.666666666666666,12.352941176470589
4984,158070,D,0.6068999,102.40943886139874,62.15227995787253,0,0.7391304347826086,12.666666666666664,9.46875
4985,146646,C,0.59083927,105.1918641776496,62.15148390163232,0,0.4439655172413793,1.333333333333333,5.683333333333334
4986,167685,C,0.51225895,121.32673800659089,62.15070704153453,1,0.7068965517241379,-0.666666666666667,6.083333333333333
4987,151073,C,0.6201904,100.21184031578966,62.15041952675181,0,0.6104651162790697,1.6666666666666663,8.435897435897436
4988,32138,D,0.79027176,78.64318503714927,62.14948817528163,0,0.6120689655172413,10.333333333333336,10.117647058823527
4989,171200,C,0.9612778,64.65237458741446,62.14889130371063,1,0.3333333333333333,0.0,13.25
4990,162105,D,0.78692853,78.97442731831823,62.1472303531931,0,0.7281553398058253,6.999999999999998,13.63157894736842
4991,180539,C,0.9034867,68.78414191914507,62.14555936677847,1,0.5098039215686274,1.666666666666668,14.4
4992,134725,B,0.6867415,90.49158894924922,62.14432693443056,0,0.4341463414634146,18.33333333333333,8.884615384615385
4993,188769,C,0.49780408,124.83680503828283,62.14427031789791,0,0.5874125874125874,0.0,7.107142857142857
4994,8926,B,0.7328942,84.79100064430642,62.14283107556956,0,0.5033112582781457,20.0,11.35
4995,15805,D,0.8105027,76.67129049986396,62.1422885727912,0,0.5576923076923077,6.666666666666667,11.333333333333334
4996,23383,C,0.6880926,90.31069530192804,62.142120178863486,0,0.6011904761904762,-3.666666666666666,9.148148148148149
4997,192487,C,0.82313424,75.49370160081241,62.14145095531708,0,0.4023904382470119,3.0,12.083333333333334
4998,64932,C,0.55357194,112.25527313057138,62.14136926244355,0,0.717391304347826,4.0,8.294117647058824
4999,102151,C,0.70846426,87.71221202642661,62.14096781339671,1,0.532871972318339,5.0,10.411764705882351
5000,890,D,0.8462994,73.42499385444918,62.13952896845947,0,0.6235294117647059,7.333333333333334,12.8
